phase,condition,bin,n_participants,n_trials,N_first,N_last,N_center,n_errors,MT_n,MT_mean_s,MT_variance_s2,ER_variance_01,TPe_n,TPe_mean_per_s,TPe_variance_per_s2,ER_mean_percent,condition_label,bin_size,bin_start,bin_end,bin_complete
practice,length_long,1,1,10,1,10,5.5,0,8,0.577375,0.0030919821428571407,0.0,8,129.4282079196783,10077.701724787581,0.0,Long-distance A810 W30 ID27 / C2,10,1,10,True
practice,length_long,2,1,10,11,20,15.5,0,10,0.47590000000000005,0.002775877777777779,0.0,10,262.01497509796786,39062.210087503874,0.0,Long-distance A810 W30 ID27 / C2,10,11,20,True
practice,length_long,3,1,10,21,30,25.5,0,10,0.43579999999999997,0.0039199555555555566,0.0,10,246.1639771975968,20475.16483047897,0.0,Long-distance A810 W30 ID27 / C2,10,21,30,True
practice,length_long,4,1,10,31,40,35.5,2,10,0.44160000000000005,0.001994266666666666,0.1777777777777778,10,209.83566433745946,84517.94395100723,20.0,Long-distance A810 W30 ID27 / C2,10,31,40,True
practice,length_long,5,1,10,41,50,45.5,0,10,0.3767,0.0008164555555555556,0.0,10,342.4020003278093,47862.4367854305,0.0,Long-distance A810 W30 ID27 / C2,10,41,50,True
practice,length_long,6,1,10,51,60,55.5,2,10,0.3804,0.00120471111111111,0.1777777777777778,10,189.96098478801184,5107.352547733805,20.0,Long-distance A810 W30 ID27 / C2,10,51,60,True
practice,length_long,7,1,10,61,70,65.5,0,10,0.3747,0.002111566666666667,0.0,10,228.22438548311112,40097.43190518896,0.0,Long-distance A810 W30 ID27 / C2,10,61,70,True
practice,length_long,8,1,10,71,80,75.5,0,10,0.3237,0.001298233333333334,0.0,10,276.7651087614891,11946.3501994163,0.0,Long-distance A810 W30 ID27 / C2,10,71,80,True
practice,length_long,9,1,10,81,90,85.5,1,10,0.3517,0.004406455555555556,0.1,10,233.80791752604745,13831.4088283621,10.0,Long-distance A810 W30 ID27 / C2,10,81,90,True
practice,length_long,10,1,10,91,100,95.5,0,10,0.3879,0.0005285444444444441,0.0,10,273.8863157709304,22723.54200866171,0.0,Long-distance A810 W30 ID27 / C2,10,91,100,True
practice,length_long,11,1,10,101,110,105.5,1,10,0.4258,0.0026746222222222217,0.1,10,117.56578389684603,5690.636487240702,10.0,Long-distance A810 W30 ID27 / C2,10,101,110,True
practice,length_long,12,1,10,111,120,115.5,2,9,0.411,0.0019067499999999992,0.1777777777777778,9,190.953707395773,16116.283454744484,20.0,Long-distance A810 W30 ID27 / C2,10,111,120,True
practice,length_long,13,1,10,121,130,125.5,0,10,0.3787,0.0006315666666666677,0.0,10,246.81633941701853,12839.565252911045,0.0,Long-distance A810 W30 ID27 / C2,10,121,130,True
practice,length_long,14,1,10,131,140,135.5,0,10,0.3665,0.0004638333333333341,0.0,10,251.22483854870492,14016.467187428338,0.0,Long-distance A810 W30 ID27 / C2,10,131,140,True
practice,length_long,15,1,10,141,150,145.5,2,10,0.3855,0.0019165000000000007,0.17777777777777778,10,203.3688762652715,11999.114787256423,20.0,Long-distance A810 W30 ID27 / C2,10,141,150,True
practice,length_long,16,1,10,151,160,155.5,2,10,0.3851,0.0023383222222222236,0.17777777777777778,10,249.7354752207591,26860.603372907142,20.0,Long-distance A810 W30 ID27 / C2,10,151,160,True
practice,length_long,17,1,10,161,170,165.5,0,10,0.38780000000000003,0.0017290666666666663,0.0,10,225.55133153260732,8703.035641449256,0.0,Long-distance A810 W30 ID27 / C2,10,161,170,True
practice,length_long,18,1,10,171,180,175.5,0,10,0.3996,0.0004060444444444432,0.0,10,299.73197298450714,36109.234428559634,0.0,Long-distance A810 W30 ID27 / C2,10,171,180,True
practice,length_long,19,1,10,181,190,185.5,0,10,0.40990000000000004,0.0004825444444444442,0.0,10,166.78965955877214,2914.3442925239706,0.0,Long-distance A810 W30 ID27 / C2,10,181,190,True
practice,length_long,20,1,10,191,200,195.5,0,10,0.4029,0.0012814333333333334,0.0,10,269.7294434979792,23579.933405461783,0.0,Long-distance A810 W30 ID27 / C2,10,191,200,True
practice,width_narrow,1,1,10,1,10,5.5,2,9,0.4963333333333333,0.004416000000000001,0.1777777777777778,9,138.69362381300076,4545.637183789727,20.0,Narrow-width A540 W20 ID27 / C3,10,1,10,True
practice,width_narrow,2,1,10,11,20,15.5,0,10,0.46630000000000005,0.006975344444444448,0.0,10,113.00723809934327,2632.9315402070206,0.0,Narrow-width A540 W20 ID27 / C3,10,11,20,True
practice,width_narrow,3,1,10,21,30,25.5,0,10,0.43220000000000003,0.0021710666666666673,0.0,10,196.4832719917642,9114.088117749145,0.0,Narrow-width A540 W20 ID27 / C3,10,21,30,True
practice,width_narrow,4,1,10,31,40,35.5,5,8,0.474875,0.009033839285714284,0.2777777777777778,8,104.26592461002265,12453.033282647593,50.0,Narrow-width A540 W20 ID27 / C3,10,31,40,True
practice,width_narrow,5,1,10,41,50,45.5,1,9,0.5628888888888889,0.004430111111111112,0.1,9,101.74637590731717,5856.691040330308,10.0,Narrow-width A540 W20 ID27 / C3,10,41,50,True
practice,width_narrow,6,1,10,51,60,55.5,2,9,0.49388888888888893,0.004445361111111116,0.1777777777777778,9,158.71816548212604,18311.040246630528,20.0,Narrow-width A540 W20 ID27 / C3,10,51,60,True
practice,width_narrow,7,1,10,61,70,65.5,1,8,0.5015000000000001,0.0037948571428571424,0.10000000000000002,8,95.01621567932096,2078.3239046615276,10.0,Narrow-width A540 W20 ID27 / C3,10,61,70,True
practice,width_narrow,8,1,10,71,80,75.5,3,10,0.4572,0.008022844444444444,0.23333333333333334,10,124.23404357478776,3004.075060948445,30.0,Narrow-width A540 W20 ID27 / C3,10,71,80,True
practice,width_narrow,9,1,10,81,90,85.5,1,10,0.5844,0.0028456,0.10000000000000002,10,124.96135180696281,18491.186495629485,10.0,Narrow-width A540 W20 ID27 / C3,10,81,90,True
practice,width_narrow,10,1,10,91,100,95.5,1,9,0.5768888888888889,0.00297361111111111,0.09999999999999999,9,104.00932848953352,3063.3840106084035,10.0,Narrow-width A540 W20 ID27 / C3,10,91,100,True
practice,width_narrow,11,1,10,101,110,105.5,3,9,0.6241111111111111,0.004642611111111109,0.23333333333333334,9,126.48693514857538,25590.71285535086,30.0,Narrow-width A540 W20 ID27 / C3,10,101,110,True
practice,width_narrow,12,1,10,111,120,115.5,0,10,0.5723,0.0028697888888888894,0.0,10,144.51298139889667,3427.8308524701324,0.0,Narrow-width A540 W20 ID27 / C3,10,111,120,True
practice,width_narrow,13,1,10,121,130,125.5,1,9,0.49644444444444447,0.0013267777777777783,0.1,9,167.82138347481214,8542.479646043348,10.0,Narrow-width A540 W20 ID27 / C3,10,121,130,True
practice,width_narrow,14,1,10,131,140,135.5,1,10,0.4133,0.0029615666666666673,0.10000000000000002,10,172.25943065799578,9390.800338890576,10.0,Narrow-width A540 W20 ID27 / C3,10,131,140,True
practice,width_narrow,15,1,10,141,150,145.5,2,10,0.3865,0.0025358333333333326,0.17777777777777778,9,171.5780244158155,13452.81172753167,20.0,Narrow-width A540 W20 ID27 / C3,10,141,150,True
practice,width_narrow,16,1,10,151,160,155.5,0,10,0.37029999999999996,0.0020857888888888877,0.0,10,177.7076085473669,3876.9026904126927,0.0,Narrow-width A540 W20 ID27 / C3,10,151,160,True
practice,width_narrow,17,1,10,161,170,165.5,0,10,0.41559999999999997,0.0009100444444444435,0.0,10,228.2399546697941,32425.932220653416,0.0,Narrow-width A540 W20 ID27 / C3,10,161,170,True
practice,width_narrow,18,1,10,171,180,175.5,0,10,0.35960000000000003,0.0012696,0.0,10,210.96456602417766,8442.454851498704,0.0,Narrow-width A540 W20 ID27 / C3,10,171,180,True
practice,width_narrow,19,1,10,181,190,185.5,0,10,0.38380000000000003,0.001119733333333334,0.0,10,224.83742348005012,8922.947271146022,0.0,Narrow-width A540 W20 ID27 / C3,10,181,190,True
practice,width_narrow,20,1,10,191,200,195.5,3,10,0.36219999999999997,0.005056622222222222,0.23333333333333334,10,257.1978657519289,19506.61066437659,30.0,Narrow-width A540 W20 ID27 / C3,10,191,200,True
practice,width_narrow,21,1,7,201,207,204.0,0,7,0.362,0.0004736666666666676,0.0,7,257.3987304072424,13761.76912497272,0.0,Narrow-width A540 W20 ID27 / C3,10,201,210,False
post,width_wide,1,1,10,1,10,5.5,0,10,0.3151,0.003617877777777778,0.0,10,294.8009444214541,62812.291809441675,0.0,Wide-width A540 W30 ID18 / C1,10,1,10,True
post,width_wide,2,1,10,11,20,15.5,0,10,0.3209,0.002782766666666667,0.0,10,295.18777219266724,34128.29273074744,0.0,Wide-width A540 W30 ID18 / C1,10,11,20,True
post,width_wide,3,1,5,21,25,23.0,0,5,0.3166,0.0010152999999999983,0.0,5,362.0349470438788,212609.76318559452,0.0,Wide-width A540 W30 ID18 / C1,10,21,30,False
post,length_long,1,1,10,1,10,5.5,0,10,0.4593,0.0036382333333333326,0.0,10,185.28113924951634,23146.234711075544,0.0,Long-distance A810 W30 ID27 / C2,10,1,10,True
post,length_long,2,1,10,11,20,15.5,1,10,0.4744,0.003368933333333332,0.10000000000000002,10,196.80750409336227,21365.042007044052,10.0,Long-distance A810 W30 ID27 / C2,10,11,20,True
post,length_long,3,1,5,21,25,23.0,0,5,0.4406,0.002570299999999999,0.0,5,134.55091380037578,493.2669912360546,0.0,Long-distance A810 W30 ID27 / C2,10,21,30,False
post,width_narrow,1,1,10,1,10,5.5,0,10,0.4434,0.002420933333333335,0.0,10,133.6172743199548,5353.952531721235,0.0,Narrow-width A540 W20 ID27 / C3,10,1,10,True
post,width_narrow,2,1,10,11,20,15.5,4,9,0.39811111111111114,0.00151186111111111,0.26666666666666666,9,178.3617239671548,8803.511523050298,40.0,Narrow-width A540 W20 ID27 / C3,10,11,20,True
post,width_narrow,3,1,6,21,26,23.5,0,6,0.36566666666666664,0.0009386666666666664,0.0,6,154.66138700189273,3057.811795042802,0.0,Narrow-width A540 W20 ID27 / C3,10,21,30,False
practice,length_long,1,1,50,1,50,25.5,2,48,0.45664583333333336,0.006341212322695032,0.03918367346938775,48,242.49149652012,42861.74096944717,4.0,Long-distance A810 W30 ID27 / C2,50,1,50,True
practice,length_long,2,1,50,51,100,75.5,3,50,0.36368,0.0023110383673469377,0.05755102040816326,50,240.52894246591796,18268.35585398711,6.0,Long-distance A810 W30 ID27 / C2,50,51,100,True
practice,length_long,3,1,50,101,150,125.5,5,49,0.3931428571428571,0.001869499999999999,0.09183673469387756,49,202.2110560783748,13470.090008461195,10.0,Long-distance A810 W30 ID27 / C2,50,101,150,True
practice,length_long,4,1,50,151,200,175.5,2,50,0.39706,0.0012342616326530614,0.03918367346938776,50,242.307576558925,20089.56272082278,4.0,Long-distance A810 W30 ID27 / C2,50,151,200,True
practice,width_narrow,1,1,50,1,50,25.5,8,46,0.4851521739130435,0.006761642995169082,0.13714285714285715,46,132.4563585929156,7468.574180835559,16.0,Narrow-width A540 W20 ID27 / C3,50,1,50,True
practice,width_narrow,2,1,50,51,100,75.5,8,46,0.5231521739130435,0.006715287439613527,0.13714285714285715,46,122.10067663036978,8889.114290576059,16.0,Narrow-width A540 W20 ID27 / C3,50,51,100,True
practice,width_narrow,3,1,50,101,150,125.5,7,48,0.49595833333333333,0.011006083333333338,0.12285714285714285,47,156.61066399833513,11114.833980779431,14.000000000000002,Narrow-width A540 W20 ID27 / C3,50,101,150,True
practice,width_narrow,4,1,50,151,200,175.5,3,50,0.37829999999999997,0.0023453163265306125,0.05755102040816326,50,219.78948369466355,14122.939902041418,6.0,Narrow-width A540 W20 ID27 / C3,50,151,200,True
practice,width_narrow,5,1,7,201,207,204.0,0,7,0.362,0.0004736666666666676,0.0,7,257.3987304072424,13761.76912497272,0.0,Narrow-width A540 W20 ID27 / C3,50,201,250,False
post,width_wide,1,1,25,1,25,13.0,0,25,0.31772,0.002576793333333333,0.0,25,308.40247605442426,72536.78433064249,0.0,Wide-width A540 W30 ID18 / C1,50,1,50,False
post,length_long,1,1,25,1,25,13.0,1,25,0.4616,0.003218416666666665,0.04,25,179.7456400972266,17333.536016338883,4.0,Long-distance A810 W30 ID27 / C2,50,1,50,False
post,width_narrow,1,1,26,1,26,13.5,4,25,0.40844,0.0026140066666666666,0.13538461538461538,25,154.77586323661188,5974.429035875139,15.384615384615385,Narrow-width A540 W20 ID27 / C3,50,1,50,False
practice,length_long,1,1,100,1,100,50.5,5,98,0.40921428571428575,0.006422005154639173,0.04797979797979799,98,241.4901934312414,29997.377193384953,5.0,Long-distance A810 W30 ID27 / C2,100,1,100,True
practice,length_long,2,1,100,101,200,150.5,7,99,0.3951212121212121,0.0015366790352504618,0.06575757575757575,99,222.4618239978446,17048.369131911415,7.000000000000001,Long-distance A810 W30 ID27 / C2,100,101,200,True
practice,width_narrow,1,1,100,1,100,50.5,16,92,0.5041521739130435,0.0070293831820353566,0.13575757575757577,92,127.27851761164267,8116.071479543283,16.0,Narrow-width A540 W20 ID27 / C3,100,1,100,True
practice,width_narrow,2,1,100,101,200,150.5,10,98,0.4359285714285714,0.010012685567010307,0.09090909090909087,97,189.17706590365904,13541.762911668862,10.0,Narrow-width A540 W20 ID27 / C3,100,101,200,True
practice,width_narrow,3,1,7,201,207,204.0,0,7,0.362,0.0004736666666666676,0.0,7,257.3987304072424,13761.76912497272,0.0,Narrow-width A540 W20 ID27 / C3,100,201,300,False
post,width_wide,1,1,25,1,25,13.0,0,25,0.31772,0.002576793333333333,0.0,25,308.40247605442426,72536.78433064249,0.0,Wide-width A540 W30 ID18 / C1,100,1,100,False
post,length_long,1,1,25,1,25,13.0,1,25,0.4616,0.003218416666666665,0.04,25,179.7456400972266,17333.536016338883,4.0,Long-distance A810 W30 ID27 / C2,100,1,100,False
post,width_narrow,1,1,26,1,26,13.5,4,25,0.40844,0.0026140066666666666,0.13538461538461538,25,154.77586323661188,5974.429035875139,15.384615384615385,Narrow-width A540 W20 ID27 / C3,100,1,100,False
