condition,condition_label,binStart,binEnd,binCenter,MT_n,MT_mean,MT_se,TPe_n,TPe_mean,TPe_se
width_wide,Wide-width A1000 W50 ID20 / C1,1,100,50.5,86,0.6672209302325581,0.009871851970651145,86,39.439590886980255,2.4576490434902816
width_wide,Wide-width A1000 W50 ID20 / C1,101,200,150.5,93,0.6902258064516129,0.015147946790453146,93,51.015057336019844,3.228351856183105
width_wide,Wide-width A1000 W50 ID20 / C1,201,300,250.5,87,0.6992068965517242,0.011015397572296897,87,47.72643472094711,3.078412352990323
width_narrow,Narrow-width A1000 W20 ID50 / C2,1,100,50.5,82,1.5381829268292684,0.030240295927062823,82,29.440626039737957,1.5650699090215856
width_narrow,Narrow-width A1000 W20 ID50 / C2,101,200,150.5,71,1.244267605633803,0.021954094760639677,71,39.532766604592325,2.3290838387764006
width_narrow,Narrow-width A1000 W20 ID50 / C2,201,300,250.5,66,1.4597121212121211,0.032572599673466124,66,40.75122219687782,2.525152347279363
length_long,Long-distance A1500 W30 ID50 / C3,1,100,50.5,79,1.51,0.022570952716353284,79,37.75581448823534,2.686463884938841
length_long,Long-distance A1500 W30 ID50 / C3,101,200,150.5,56,1.3193214285714288,0.03263319466813828,56,35.084555355225106,2.8215201787945317
length_long,Long-distance A1500 W30 ID50 / C3,201,300,250.5,68,1.4213970588235294,0.029671601311120014,68,38.277130091815856,2.099575935113854
length_short,Short-distance A600 W30 ID20 / C4,1,100,50.5,82,0.7046585365853658,0.012113239408135468,82,49.91136714463672,3.0088745653071722
length_short,Short-distance A600 W30 ID20 / C4,101,200,150.5,88,0.6378295454545454,0.008955454336887119,88,65.4679276666065,3.7186024020994264
length_short,Short-distance A600 W30 ID20 / C4,201,300,250.5,86,0.6331046511627907,0.009017402677327879,86,67.5281092540827,3.6697771750723955
