condition,binSize,bin,binStart,binEnd,binCenter,n_trials,n_error,ER_mean,ER_se,MT_n,MT_mean,MT_se,TPe_n,TPe_mean,TPe_se,TPe_with_deviation_n,TPe_with_deviation_mean,TPe_with_deviation_se,condition_label
width_wide,10,1,1,10,5.5,10,6,60.0,16.32993161855452,8,0.55175,0.02537909009964136,8,51.44109246572954,9.16152162636394,8,51.44109246572954,9.16152162636394,Wide-width A1000 W50 ID20 / C1
width_wide,10,2,11,20,15.5,10,9,90.0,10.0,9,0.6363333333333334,0.026779967637520895,9,35.98102716526759,10.362466124564788,9,35.98102716526759,10.362466124564788,Wide-width A1000 W50 ID20 / C1
width_wide,10,3,21,30,25.5,10,7,70.0,15.275252316519463,9,0.6603333333333333,0.03242127216641704,9,31.99838859833638,5.079666168395272,9,31.99838859833638,5.079666168395272,Wide-width A1000 W50 ID20 / C1
width_wide,10,4,31,40,35.5,10,5,50.0,16.666666666666664,8,0.701125,0.024296852750334323,8,28.75753897078502,4.01204055019022,8,28.75753897078502,4.01204055019022,Wide-width A1000 W50 ID20 / C1
width_wide,10,5,41,50,45.5,10,7,70.0,15.275252316519463,8,0.63,0.019399005865544463,8,37.205400671359634,4.977127765244787,8,37.205400671359634,4.977127765244787,Wide-width A1000 W50 ID20 / C1
width_wide,10,6,51,60,55.5,10,6,60.0,16.32993161855452,8,0.598125,0.015153308808875464,8,50.412584548511724,7.456824673229479,8,50.412584548511724,7.456824673229479,Wide-width A1000 W50 ID20 / C1
width_wide,10,7,61,70,65.5,10,8,80.0,13.333333333333334,8,0.67275,0.03298254408449587,8,47.82841900937623,14.965200015424253,8,47.82841900937623,14.965200015424253,Wide-width A1000 W50 ID20 / C1
width_wide,10,8,71,80,75.5,10,5,50.0,16.666666666666664,9,0.6802222222222222,0.016223934460626865,9,40.037332028499705,6.705137842790148,9,40.037332028499705,6.705137842790148,Wide-width A1000 W50 ID20 / C1
width_wide,10,9,81,90,85.5,10,5,50.0,16.666666666666664,10,0.7721,0.01394070777734522,10,38.081175765125934,5.265148470695022,10,38.081175765125934,5.265148470695022,Wide-width A1000 W50 ID20 / C1
width_wide,10,10,91,100,95.5,10,4,40.0,16.32993161855452,9,0.7375555555555555,0.02743786470833849,9,34.85356035266804,4.9143531973411045,9,34.85356035266804,4.9143531973411045,Wide-width A1000 W50 ID20 / C1
width_wide,10,11,101,110,105.5,10,6,60.0,16.32993161855452,8,0.643375,0.03882236905813083,8,65.41744381559063,13.983076413211375,8,65.41744381559063,13.983076413211375,Wide-width A1000 W50 ID20 / C1
width_wide,10,12,111,120,115.5,10,5,50.0,16.666666666666664,10,0.7163999999999999,0.027852468472291645,10,49.433560499936576,7.407397222194732,10,49.433560499936576,7.407397222194732,Wide-width A1000 W50 ID20 / C1
width_wide,10,13,121,130,125.5,10,7,70.0,15.275252316519463,10,0.6964,0.027978642648356696,10,60.29288473284727,10.511150632927263,10,60.29288473284727,10.511150632927263,Wide-width A1000 W50 ID20 / C1
width_wide,10,14,131,140,135.5,10,9,90.0,10.0,10,0.7504000000000001,0.06417514229737936,10,41.67585094046607,9.529315687287264,10,41.67585094046607,9.529315687287264,Wide-width A1000 W50 ID20 / C1
width_wide,10,15,141,150,145.5,10,8,80.0,13.333333333333334,8,0.660125,0.06473667471821076,8,35.30181320984363,5.353931490614851,8,35.30181320984363,5.353931490614851,Wide-width A1000 W50 ID20 / C1
width_wide,10,16,151,160,155.5,10,7,70.0,15.275252316519463,9,0.6407777777777778,0.020056017230758807,9,48.96924569919576,13.093193468736152,9,48.96924569919576,13.093193468736152,Wide-width A1000 W50 ID20 / C1
width_wide,10,17,161,170,165.5,10,4,40.0,16.32993161855452,10,0.7579,0.08731494081134618,10,42.999776887300655,6.247295050728805,10,42.999776887300655,6.247295050728805,Wide-width A1000 W50 ID20 / C1
width_wide,10,18,171,180,175.5,10,5,50.0,16.666666666666664,9,0.7262222222222222,0.04705781838977385,9,54.287425480176964,14.64061242642422,9,54.287425480176964,14.64061242642422,Wide-width A1000 W50 ID20 / C1
width_wide,10,19,181,190,185.5,10,4,40.0,16.32993161855452,10,0.6493,0.02366481213391167,10,49.803953649332826,10.454332190764283,10,49.803953649332826,10.454332190764283,Wide-width A1000 W50 ID20 / C1
width_wide,10,20,191,200,195.5,10,2,20.0,13.333333333333334,9,0.6395555555555555,0.016962467646011163,9,63.03066314813152,8.295998531523752,9,63.03066314813152,8.295998531523752,Wide-width A1000 W50 ID20 / C1
width_wide,10,21,201,210,205.5,10,7,70.0,15.275252316519463,6,0.5923333333333333,0.008397089442843335,6,59.272798450274394,9.894042051271263,6,59.272798450274394,9.894042051271263,Wide-width A1000 W50 ID20 / C1
width_wide,10,22,211,220,215.5,10,7,70.0,15.275252316519463,8,0.712875,0.0574703145421306,8,50.10251928135213,7.8742583727521005,8,50.10251928135213,7.8742583727521005,Wide-width A1000 W50 ID20 / C1
width_wide,10,23,221,230,225.5,10,5,50.0,16.666666666666664,10,0.6483,0.020710196093282698,10,49.343702542609265,12.979994306223418,10,49.343702542609265,12.979994306223418,Wide-width A1000 W50 ID20 / C1
width_wide,10,24,231,240,235.5,10,5,50.0,16.666666666666664,8,0.73725,0.037672816080412286,8,49.051335497979046,11.814967718067788,8,49.051335497979046,11.814967718067788,Wide-width A1000 W50 ID20 / C1
width_wide,10,25,241,250,245.5,10,7,70.0,15.275252316519463,9,0.6834444444444444,0.024538015354361172,9,54.12742681462475,13.892725609601031,9,54.12742681462475,13.892725609601031,Wide-width A1000 W50 ID20 / C1
width_wide,10,26,251,260,255.5,10,6,60.0,16.32993161855452,10,0.6803,0.02972430729965703,10,47.16058123189337,8.642474999907714,10,47.16058123189337,8.642474999907714,Wide-width A1000 W50 ID20 / C1
width_wide,10,27,261,270,265.5,10,5,50.0,16.666666666666664,10,0.6910999999999999,0.02489687619852026,10,49.029410237445276,9.64646825091354,10,49.029410237445276,9.64646825091354,Wide-width A1000 W50 ID20 / C1
width_wide,10,28,271,280,275.5,10,7,70.0,15.275252316519467,7,0.7248571428571429,0.028679201499334946,7,38.22101890242146,7.491740096389862,7,38.22101890242146,7.491740096389862,Wide-width A1000 W50 ID20 / C1
width_wide,10,29,281,290,285.5,10,5,50.0,16.666666666666664,10,0.6974,0.018469313889680785,10,49.35509595003498,7.3094270645691495,10,49.35509595003498,7.3094270645691495,Wide-width A1000 W50 ID20 / C1
width_wide,10,30,291,300,295.5,10,5,50.0,16.666666666666664,9,0.8088888888888889,0.042802013336746346,9,33.30559094641129,4.640157040058947,9,33.30559094641129,4.640157040058947,Wide-width A1000 W50 ID20 / C1
width_narrow,10,1,1,10,5.5,10,7,70.0,15.275252316519463,7,1.8074285714285714,0.09390924117588904,7,23.537271436408055,2.990464788034862,9,23.375155813165474,2.3305376142891503,Narrow-width A1000 W20 ID50 / C2
width_narrow,10,2,11,20,15.5,10,9,90.0,10.0,10,1.6285,0.07424632426367424,10,32.75302200186634,4.773279285393734,10,32.75302200186634,4.773279285393734,Narrow-width A1000 W20 ID50 / C2
width_narrow,10,3,21,30,25.5,10,9,90.0,10.0,10,1.5863,0.044390952531643955,10,32.19071541998734,4.1678432880692675,10,32.19071541998734,4.1678432880692675,Narrow-width A1000 W20 ID50 / C2
width_narrow,10,4,31,40,35.5,10,9,90.0,10.0,8,1.64025,0.10698043045342451,8,25.773414841506863,2.971308613951038,8,25.773414841506863,2.971308613951038,Narrow-width A1000 W20 ID50 / C2
width_narrow,10,5,41,50,45.5,10,8,80.0,13.333333333333334,9,1.5434444444444444,0.07810802902090709,9,33.0697774392998,5.800104028819734,9,33.0697774392998,5.800104028819734,Narrow-width A1000 W20 ID50 / C2
width_narrow,10,6,51,60,55.5,10,9,90.0,10.0,7,1.4568571428571429,0.039281904577182655,7,28.623557519611456,4.196143590097774,7,28.623557519611456,4.196143590097774,Narrow-width A1000 W20 ID50 / C2
width_narrow,10,7,61,70,65.5,10,9,90.0,10.0,8,1.60925,0.04951938653554932,8,22.78960083978161,2.0403392754898824,8,22.78960083978161,2.0403392754898824,Narrow-width A1000 W20 ID50 / C2
width_narrow,10,8,71,80,75.5,10,9,90.0,10.0,8,1.559,0.13743271080787134,8,27.222448047724903,3.189263433674292,8,27.222448047724903,3.189263433674292,Narrow-width A1000 W20 ID50 / C2
width_narrow,10,9,81,90,85.5,10,10,100.0,0.0,7,1.4024285714285714,0.0560075918080402,7,24.9397086413728,2.9416460318746567,7,24.9397086413728,2.9416460318746567,Narrow-width A1000 W20 ID50 / C2
width_narrow,10,10,91,100,95.5,10,10,100.0,0.0,8,1.119625,0.06571636497098723,8,40.134811384053016,9.771779936010503,8,40.134811384053016,9.771779936010503,Narrow-width A1000 W20 ID50 / C2
width_narrow,10,11,101,110,105.5,10,10,100.0,0.0,5,1.3126,0.05783217097775252,5,47.23911284271132,9.583142665806726,5,47.23911284271132,9.583142665806726,Narrow-width A1000 W20 ID50 / C2
width_narrow,10,12,111,120,115.5,10,8,80.0,13.333333333333334,9,1.3045555555555555,0.04853209451003392,9,34.05451642677662,3.728888519372989,9,34.05451642677662,3.728888519372989,Narrow-width A1000 W20 ID50 / C2
width_narrow,10,13,121,130,125.5,10,9,90.0,10.0,7,1.1179999999999999,0.044747971489006645,7,48.165476370520075,6.201238718258168,7,48.165476370520075,6.201238718258168,Narrow-width A1000 W20 ID50 / C2
width_narrow,10,14,131,140,135.5,10,9,90.0,10.0,8,1.072,0.019940088837744497,8,41.13240983661504,5.183232217834226,8,41.13240983661504,5.183232217834226,Narrow-width A1000 W20 ID50 / C2
width_narrow,10,15,141,150,145.5,10,10,100.0,0.0,6,1.2931666666666668,0.09069267396604379,6,30.47866234765638,4.092287286780058,6,30.47866234765638,4.092287286780058,Narrow-width A1000 W20 ID50 / C2
width_narrow,10,16,151,160,155.5,10,10,100.0,0.0,8,1.122875,0.04989934064122062,8,31.668564514976808,4.443946266722628,8,31.668564514976808,4.443946266722628,Narrow-width A1000 W20 ID50 / C2
width_narrow,10,17,161,170,165.5,10,8,80.0,13.333333333333334,8,1.19375,0.054075591932563644,8,37.12747404071101,6.030794740386378,8,37.12747404071101,6.030794740386378,Narrow-width A1000 W20 ID50 / C2
width_narrow,10,18,171,180,175.5,10,7,70.0,15.275252316519463,6,1.338,0.06481923582805753,6,57.300257104271914,14.975151648899656,6,57.300257104271914,14.975151648899656,Narrow-width A1000 W20 ID50 / C2
width_narrow,10,19,181,190,185.5,10,9,90.0,10.0,6,1.27,0.04943615411147326,6,41.1577562710387,12.70597737456242,6,41.1577562710387,12.70597737456242,Narrow-width A1000 W20 ID50 / C2
width_narrow,10,20,191,200,195.5,10,9,90.0,10.0,8,1.462125,0.07430545968692823,8,34.24178010020546,5.194370711797146,8,34.24178010020546,5.194370711797146,Narrow-width A1000 W20 ID50 / C2
width_narrow,10,21,201,210,205.5,10,7,70.0,15.275252316519467,7,1.1955714285714285,0.09504857333235993,7,63.3798986262643,9.89685010533236,7,63.3798986262643,9.89685010533236,Narrow-width A1000 W20 ID50 / C2
width_narrow,10,22,211,220,215.5,10,9,90.0,10.0,7,1.701,0.09100392456215438,7,35.75602075025575,9.158914031563958,7,35.75602075025575,9.158914031563958,Narrow-width A1000 W20 ID50 / C2
width_narrow,10,23,221,230,225.5,10,6,60.0,16.32993161855452,7,1.5082857142857142,0.07062196956354315,7,31.72672089825057,2.518053419440118,8,30.290057911665848,2.6114067673168218,Narrow-width A1000 W20 ID50 / C2
width_narrow,10,24,231,240,235.5,10,7,70.0,15.275252316519463,6,1.3868333333333334,0.061121963682823896,6,45.094529073120924,7.1413621915936565,6,45.094529073120924,7.1413621915936565,Narrow-width A1000 W20 ID50 / C2
width_narrow,10,25,241,250,245.5,10,5,50.0,16.666666666666664,8,1.37925,0.03161698797436954,8,53.81670626482415,6.768380121081567,8,53.81670626482415,6.768380121081567,Narrow-width A1000 W20 ID50 / C2
width_narrow,10,26,251,260,255.5,10,9,90.0,10.0,5,1.2302,0.12187386922552347,5,37.38012761559209,5.40485190414448,5,37.38012761559209,5.40485190414448,Narrow-width A1000 W20 ID50 / C2
width_narrow,10,27,261,270,265.5,10,6,60.0,16.329931618554518,7,1.356142857142857,0.05079437003459029,7,48.23031727709846,9.611910576237387,7,48.23031727709846,9.611910576237387,Narrow-width A1000 W20 ID50 / C2
width_narrow,10,28,271,280,275.5,10,9,90.0,10.0,6,1.4901666666666669,0.0965858570277128,6,29.23194556742018,4.324613968774949,6,29.23194556742018,4.324613968774949,Narrow-width A1000 W20 ID50 / C2
width_narrow,10,29,281,290,285.5,10,10,100.0,0.0,6,1.6276666666666666,0.11452064345687976,6,28.198124909344177,4.319060466797239,6,28.198124909344177,4.319060466797239,Narrow-width A1000 W20 ID50 / C2
width_narrow,10,30,291,300,295.5,10,10,100.0,0.0,7,1.685857142857143,0.10918059058525106,7,29.049725233569557,4.4031108426932715,7,29.049725233569557,4.4031108426932715,Narrow-width A1000 W20 ID50 / C2
length_long,10,1,1,10,5.5,10,7,70.0,15.275252316519467,8,1.52475,0.08284532705159485,8,37.755269716361695,5.072717061015246,8,37.755269716361695,5.072717061015246,Long-distance A1500 W30 ID50 / C3
length_long,10,2,11,20,15.5,10,6,60.0,16.32993161855452,9,1.3973333333333333,0.04056989852916403,9,35.34431731459045,3.496331521928337,9,35.34431731459045,3.496331521928337,Long-distance A1500 W30 ID50 / C3
length_long,10,3,21,30,25.5,10,8,80.0,13.333333333333334,7,1.391,0.051492949124358846,7,36.53472085363615,7.568002671408486,8,34.2024682684235,6.9566802748915775,Long-distance A1500 W30 ID50 / C3
length_long,10,4,31,40,35.5,10,6,60.0,16.32993161855452,10,1.7517,0.033643572937486876,10,33.635502102208946,3.0019297571468484,10,33.635502102208946,3.0019297571468484,Long-distance A1500 W30 ID50 / C3
length_long,10,5,41,50,45.5,10,7,70.0,15.275252316519463,10,1.6916,0.061465473596519576,10,33.08575265070924,4.193933573073177,10,33.08575265070924,4.193933573073177,Long-distance A1500 W30 ID50 / C3
length_long,10,6,51,60,55.5,10,8,80.0,13.333333333333334,7,1.3054285714285714,0.04533098233199533,7,54.95689797020067,19.214529382182015,7,54.95689797020067,19.214529382182015,Long-distance A1500 W30 ID50 / C3
length_long,10,7,61,70,65.5,10,9,90.0,10.0,9,1.4817777777777779,0.05663351426736296,9,35.14641200681342,3.7722380810504785,9,35.14641200681342,3.7722380810504785,Long-distance A1500 W30 ID50 / C3
length_long,10,8,71,80,75.5,10,10,100.0,0.0,8,1.49975,0.04975646045633527,8,33.366880267450455,4.862580563375729,8,33.366880267450455,4.862580563375729,Long-distance A1500 W30 ID50 / C3
length_long,10,9,81,90,85.5,10,8,80.0,13.333333333333334,8,1.459,0.04813745200687595,8,48.35904379839052,16.564275621171664,8,48.35904379839052,16.564275621171664,Long-distance A1500 W30 ID50 / C3
length_long,10,10,91,100,95.5,10,10,100.0,0.0,3,1.4006666666666667,0.04234907843677881,3,28.263117041431855,6.110452557801329,3,28.263117041431855,6.110452557801329,Long-distance A1500 W30 ID50 / C3
length_long,10,11,101,110,105.5,10,9,90.0,10.0,5,1.4118,0.0885315762877856,5,28.333437072066044,5.041518949931107,5,28.333437072066044,5.041518949931107,Long-distance A1500 W30 ID50 / C3
length_long,10,12,111,120,115.5,10,9,90.0,10.0,5,1.549,0.20373684006580642,5,25.307347371487232,2.3033475175171794,5,25.307347371487232,2.3033475175171794,Long-distance A1500 W30 ID50 / C3
length_long,10,13,121,130,125.5,10,10,100.0,0.0,4,1.31225,0.09349988859173396,4,40.00743314648419,9.868991776985183,4,40.00743314648419,9.868991776985183,Long-distance A1500 W30 ID50 / C3
length_long,10,14,131,140,135.5,10,9,90.0,10.0,6,1.0871666666666666,0.06391317895742978,6,54.24392622954081,14.121714093648738,6,54.24392622954081,14.121714093648738,Long-distance A1500 W30 ID50 / C3
length_long,10,15,141,150,145.5,10,10,100.0,0.0,5,1.0576,0.07028271480243203,5,22.941491175669753,2.6458085130152593,5,22.941491175669753,2.6458085130152593,Long-distance A1500 W30 ID50 / C3
length_long,10,16,151,160,155.5,10,10,100.0,0.0,4,1.2445,0.04258814389005466,4,28.38624244328518,2.7394384947872177,4,28.38624244328518,2.7394384947872177,Long-distance A1500 W30 ID50 / C3
length_long,10,17,161,170,165.5,10,10,100.0,0.0,5,1.1902,0.03475399257639328,5,34.05535769296729,5.739871000923897,5,34.05535769296729,5.739871000923897,Long-distance A1500 W30 ID50 / C3
length_long,10,18,171,180,175.5,10,8,80.0,13.333333333333334,7,1.4104285714285716,0.08284002286186974,7,48.94757389156394,14.042385617883651,7,48.94757389156394,14.042385617883651,Long-distance A1500 W30 ID50 / C3
length_long,10,19,181,190,185.5,10,8,80.0,13.333333333333334,6,1.3888333333333334,0.08464491190326276,6,34.5639807808261,4.350708182480361,6,34.5639807808261,4.350708182480361,Long-distance A1500 W30 ID50 / C3
length_long,10,20,191,200,195.5,10,8,80.0,13.333333333333334,9,1.4314444444444443,0.04395740081510454,9,29.16575240771418,4.449763593772469,9,29.16575240771418,4.449763593772469,Long-distance A1500 W30 ID50 / C3
length_long,10,21,201,210,205.5,10,8,80.0,13.333333333333334,9,1.3833333333333333,0.08375659178038865,9,32.31650971022108,3.9263345944857964,9,32.31650971022108,3.9263345944857964,Long-distance A1500 W30 ID50 / C3
length_long,10,22,211,220,215.5,10,10,100.0,0.0,6,1.4373333333333334,0.1089543227432691,6,23.813597215758588,3.5796277434144708,6,23.813597215758588,3.5796277434144708,Long-distance A1500 W30 ID50 / C3
length_long,10,23,221,230,225.5,10,10,100.0,0.0,7,1.5370000000000001,0.07570871497925138,7,39.55170354138837,11.975445751308174,7,39.55170354138837,11.975445751308174,Long-distance A1500 W30 ID50 / C3
length_long,10,24,231,240,235.5,10,8,80.0,13.333333333333334,6,1.7053333333333331,0.054687394444342584,6,32.6656567194656,4.978829304063092,6,32.6656567194656,4.978829304063092,Long-distance A1500 W30 ID50 / C3
length_long,10,25,241,250,245.5,10,7,70.0,15.275252316519463,7,1.538857142857143,0.09694977309618295,7,40.294306294658085,6.928363323579534,7,40.294306294658085,6.928363323579534,Long-distance A1500 W30 ID50 / C3
length_long,10,26,251,260,255.5,10,8,80.0,13.333333333333334,6,1.2388333333333332,0.1406241839482495,6,44.6858780829101,10.050801074636583,6,44.6858780829101,10.050801074636583,Long-distance A1500 W30 ID50 / C3
length_long,10,27,261,270,265.5,10,5,50.0,16.666666666666664,9,1.3604444444444443,0.05762934994695534,9,43.257165852990234,4.545051549160695,9,43.257165852990234,4.545051549160695,Long-distance A1500 W30 ID50 / C3
length_long,10,28,271,280,275.5,10,8,80.0,13.333333333333334,5,1.3972,0.0557309608745444,5,38.770169323176376,5.675871492127461,5,38.770169323176376,5.675871492127461,Long-distance A1500 W30 ID50 / C3
length_long,10,29,281,290,285.5,10,7,70.0,15.275252316519463,5,1.438,0.06959885056522126,5,45.93310188335797,5.978365706558856,5,45.93310188335797,5.978365706558856,Long-distance A1500 W30 ID50 / C3
length_long,10,30,291,300,295.5,10,8,80.0,13.333333333333334,8,1.245625,0.06813849800747217,8,41.656568647596714,4.762990719853919,8,41.656568647596714,4.762990719853919,Long-distance A1500 W30 ID50 / C3
length_short,10,1,1,10,5.5,10,6,60.0,16.329931618554518,9,0.6478888888888888,0.02725519544990176,9,47.14817035151493,7.375622953625911,9,47.14817035151493,7.375622953625911,Short-distance A600 W30 ID20 / C4
length_short,10,2,11,20,15.5,10,5,50.0,16.666666666666664,5,0.6,0.008579044235810893,5,73.41581450426693,4.914300925037509,5,73.41581450426693,4.914300925037509,Short-distance A600 W30 ID20 / C4
length_short,10,3,21,30,25.5,10,9,90.0,10.0,8,0.7205,0.06310988149931153,8,31.38496524137508,3.397413722874359,8,31.38496524137508,3.397413722874359,Short-distance A600 W30 ID20 / C4
length_short,10,4,31,40,35.5,10,3,30.0,15.275252316519463,8,0.866,0.05339609402515185,8,64.85537699549982,13.36620779058912,8,64.85537699549982,13.36620779058912,Short-distance A600 W30 ID20 / C4
length_short,10,5,41,50,45.5,10,6,60.0,16.32993161855452,7,0.7105714285714286,0.02414623814026795,7,53.5009670203242,8.454034383507379,7,53.5009670203242,8.454034383507379,Short-distance A600 W30 ID20 / C4
length_short,10,6,51,60,55.5,10,2,20.0,13.333333333333334,10,0.7135,0.025494770705643408,10,55.0879824664314,5.975979575202265,10,55.0879824664314,5.975979575202265,Short-distance A600 W30 ID20 / C4
length_short,10,7,61,70,65.5,10,5,50.0,16.666666666666664,9,0.6644444444444445,0.012502345458965232,9,68.40865167940642,16.650801680725603,9,68.40865167940642,16.650801680725603,Short-distance A600 W30 ID20 / C4
length_short,10,8,71,80,75.5,10,6,60.0,16.329931618554518,9,0.6880000000000001,0.025571251218680886,9,42.676605526156806,5.304641333709719,9,42.676605526156806,5.304641333709719,Short-distance A600 W30 ID20 / C4
length_short,10,9,81,90,85.5,10,7,70.0,15.275252316519467,9,0.7144444444444444,0.032142525963412424,9,37.51203285012727,4.616361815365288,9,37.51203285012727,4.616361815365288,Short-distance A600 W30 ID20 / C4
length_short,10,10,91,100,95.5,10,4,40.0,16.329931618554518,8,0.6935,0.011379806676741037,8,33.57931974655565,3.1438774144753006,8,33.57931974655565,3.1438774144753006,Short-distance A600 W30 ID20 / C4
length_short,10,11,101,110,105.5,10,4,40.0,16.329931618554518,9,0.6298888888888889,0.012843550526371462,9,55.972094798194775,4.906631717488869,9,55.972094798194775,4.906631717488869,Short-distance A600 W30 ID20 / C4
length_short,10,12,111,120,115.5,10,5,50.0,16.666666666666664,10,0.655,0.02561336456704672,10,76.64627952452756,14.08949567228935,10,76.64627952452756,14.08949567228935,Short-distance A600 W30 ID20 / C4
length_short,10,13,121,130,125.5,10,1,10.0,10.0,10,0.7083,0.016314989699319115,10,59.84426611022925,8.846028528979922,10,59.84426611022925,8.846028528979922,Short-distance A600 W30 ID20 / C4
length_short,10,14,131,140,135.5,10,6,60.0,16.32993161855452,7,0.6617142857142857,0.04141986772283165,7,46.272656503267136,9.973533054267023,7,46.272656503267136,9.973533054267023,Short-distance A600 W30 ID20 / C4
length_short,10,15,141,150,145.5,10,4,40.0,16.329931618554518,8,0.60025,0.02179920542457585,8,51.520126110315225,6.348366045653374,8,51.520126110315225,6.348366045653374,Short-distance A600 W30 ID20 / C4
length_short,10,16,151,160,155.5,10,4,40.0,16.329931618554518,7,0.6047142857142856,0.017833508168765968,7,64.03497737157649,11.109756657391914,7,64.03497737157649,11.109756657391914,Short-distance A600 W30 ID20 / C4
length_short,10,17,161,170,165.5,10,3,30.0,15.275252316519463,10,0.6802,0.03458348995948468,10,82.69859891753497,14.51482099109848,10,82.69859891753497,14.51482099109848,Short-distance A600 W30 ID20 / C4
length_short,10,18,171,180,175.5,10,6,60.0,16.32993161855452,9,0.5796666666666667,0.02604056664343368,9,72.52424020467224,16.54773467597638,9,72.52424020467224,16.54773467597638,Short-distance A600 W30 ID20 / C4
length_short,10,19,181,190,185.5,10,3,30.0,15.275252316519463,8,0.57475,0.016156323397180608,8,86.91120411152995,12.544507293565891,8,86.91120411152995,12.544507293565891,Short-distance A600 W30 ID20 / C4
length_short,10,20,191,200,195.5,10,3,30.0,15.275252316519463,10,0.6543,0.02923850201361212,10,53.32150952139845,7.467567536334355,10,53.32150952139845,7.467567536334355,Short-distance A600 W30 ID20 / C4
length_short,10,21,201,210,205.5,10,5,50.0,16.666666666666664,7,0.6025714285714285,0.025550936189033348,7,64.55901293089468,6.64949082180946,7,64.55901293089468,6.64949082180946,Short-distance A600 W30 ID20 / C4
length_short,10,22,211,220,215.5,10,4,40.0,16.329931618554518,9,0.5961111111111111,0.015400617271579702,9,71.28916361300828,11.95403377547458,9,71.28916361300828,11.95403377547458,Short-distance A600 W30 ID20 / C4
length_short,10,23,221,230,225.5,10,6,60.0,16.32993161855452,10,0.7008,0.02261798694254936,10,59.644492235248244,10.010490730421624,10,59.644492235248244,10.010490730421624,Short-distance A600 W30 ID20 / C4
length_short,10,24,231,240,235.5,10,2,20.0,13.333333333333334,10,0.6812,0.017959089311234265,10,57.74316554171825,6.572660392115834,10,57.74316554171825,6.572660392115834,Short-distance A600 W30 ID20 / C4
length_short,10,25,241,250,245.5,10,7,70.0,15.275252316519463,8,0.713625,0.023433749699951996,8,42.026084910990015,5.584452368219064,8,42.026084910990015,5.584452368219064,Short-distance A600 W30 ID20 / C4
length_short,10,26,251,260,255.5,10,5,50.0,16.666666666666664,8,0.562875,0.019776824008347314,8,94.92215148606398,20.602484630841897,8,94.92215148606398,20.602484630841897,Short-distance A600 W30 ID20 / C4
length_short,10,27,261,270,265.5,10,2,20.0,13.333333333333334,9,0.6355555555555555,0.0277884423972305,9,66.43792396570448,8.377190516249597,9,66.43792396570448,8.377190516249597,Short-distance A600 W30 ID20 / C4
length_short,10,28,271,280,275.5,10,5,50.0,16.666666666666664,8,0.579875,0.013847946598683856,8,71.826350142579,9.110639201318588,8,71.826350142579,9.110639201318588,Short-distance A600 W30 ID20 / C4
length_short,10,29,281,290,285.5,10,5,50.0,16.666666666666664,8,0.570875,0.028515307605865705,8,64.89687177627319,9.508722070600502,8,64.89687177627319,9.508722070600502,Short-distance A600 W30 ID20 / C4
length_short,10,30,291,300,295.5,10,3,30.0,15.275252316519467,9,0.6562222222222222,0.031769909670847786,9,83.63469698105774,15.630055837103889,9,83.63469698105774,15.630055837103889,Short-distance A600 W30 ID20 / C4
width_wide,20,1,1,20,10.5,20,15,75.0,9.933992677987828,17,0.5965294117647059,0.020828981090951066,17,43.2563520125438,7.030390561259315,17,43.2563520125438,7.030390561259315,Wide-width A1000 W50 ID20 / C1
width_wide,20,2,21,40,30.5,20,12,60.0,11.239029738980328,17,0.6795294117647058,0.02063230577328892,17,30.473282891253387,3.2105654125516194,17,30.473282891253387,3.2105654125516194,Wide-width A1000 W50 ID20 / C1
width_wide,20,3,41,60,50.5,20,13,65.0,10.94243309804831,16,0.6140625,0.012582550334358556,16,43.80899260993568,4.654199171982346,16,43.80899260993568,4.654199171982346,Wide-width A1000 W50 ID20 / C1
width_wide,20,4,61,80,70.5,20,13,65.0,10.94243309804831,17,0.6767058823529412,0.017161380357609543,17,43.70372590185337,7.678208631267221,17,43.70372590185337,7.678208631267221,Wide-width A1000 W50 ID20 / C1
width_wide,20,5,81,100,90.5,20,9,45.0,11.413288653790232,19,0.7557368421052632,0.015038710693707234,19,36.55230530659325,3.538910471516247,19,36.55230530659325,3.538910471516247,Wide-width A1000 W50 ID20 / C1
width_wide,20,6,101,120,110.5,20,11,55.00000000000001,11.413288653790232,18,0.6839444444444445,0.024113087627188796,18,56.53750864022727,7.458649552057421,18,56.53750864022727,7.458649552057421,Wide-width A1000 W50 ID20 / C1
width_wide,20,7,121,140,130.5,20,16,80.0,9.17662935482247,20,0.7234,0.034629345632676466,20,50.984367836656666,7.2273717277807465,20,50.984367836656666,7.2273717277807465,Wide-width A1000 W50 ID20 / C1
width_wide,20,8,141,160,150.5,20,15,75.0,9.933992677987828,17,0.6498823529411765,0.03122697767873313,17,42.53751276303005,7.361327703309864,17,42.53751276303005,7.361327703309864,Wide-width A1000 W50 ID20 / C1
width_wide,20,9,161,180,170.5,20,9,45.0,11.41328865379023,19,0.7428947368421053,0.04986366762822664,19,48.346557799715754,7.560502696647552,19,48.346557799715754,7.560502696647552,Wide-width A1000 W50 ID20 / C1
width_wide,20,10,181,200,190.5,20,6,30.0,10.513149660756934,19,0.6446842105263159,0.014465941576051944,19,56.069237096132206,6.758223273044208,19,56.069237096132206,6.758223273044208,Wide-width A1000 W50 ID20 / C1
width_wide,20,11,201,220,210.5,20,14,70.0,10.513149660756934,14,0.6612142857142856,0.03607778205388721,14,54.03263892517595,6.066166898673696,14,54.03263892517595,6.066166898673696,Wide-width A1000 W50 ID20 / C1
width_wide,20,12,221,240,230.5,20,10,50.0,11.470786693528085,18,0.6878333333333333,0.02237853926438996,18,49.21376163388473,8.666070206375748,18,49.21376163388473,8.666070206375748,Wide-width A1000 W50 ID20 / C1
width_wide,20,13,241,260,250.5,20,13,65.0,10.942433098048308,19,0.6817894736842106,0.0189580298140143,19,50.46066598160823,7.807776313701021,19,50.46066598160823,7.807776313701021,Wide-width A1000 W50 ID20 / C1
width_wide,20,14,261,280,270.5,20,12,60.0,11.239029738980328,17,0.705,0.018690985559260128,17,44.578896158317825,6.420675352380084,17,44.578896158317825,6.420675352380084,Wide-width A1000 W50 ID20 / C1
width_wide,20,15,281,300,290.5,20,10,50.0,11.470786693528085,19,0.7502105263157894,0.025448213548137876,19,41.75269884305534,4.70749011075118,19,41.75269884305534,4.70749011075118,Wide-width A1000 W50 ID20 / C1
width_narrow,20,1,1,20,10.5,20,16,80.0,9.17662935482247,17,1.7021764705882354,0.06058387691348674,17,28.95830118079528,3.1946016695878066,19,28.310874859850138,2.8909100220002326,Narrow-width A1000 W20 ID50 / C2
width_narrow,20,2,21,40,30.5,20,18,90.0,6.882472016116853,18,1.6102777777777777,0.05211837992979923,18,29.33858182955158,2.7060923575075857,18,29.33858182955158,2.7060923575075857,Narrow-width A1000 W20 ID50 / C2
width_narrow,20,3,41,60,50.5,20,17,85.0,8.191780219091253,16,1.5055625,0.0471518794915254,16,31.124556224436148,3.67396635161916,16,31.124556224436148,3.67396635161916,Narrow-width A1000 W20 ID50 / C2
width_narrow,20,4,61,80,70.5,20,18,90.0,6.882472016116853,16,1.584125,0.07086183005210445,16,25.006024443753258,1.9162964840531584,16,25.006024443753258,1.9162964840531584,Narrow-width A1000 W20 ID50 / C2
width_narrow,20,5,81,100,90.5,20,20,100.0,0.0,15,1.2516,0.05657593296160647,15,33.04376343746892,5.5945303599813565,15,33.04376343746892,5.5945303599813565,Narrow-width A1000 W20 ID50 / C2
width_narrow,20,6,101,120,110.5,20,18,90.0,6.882472016116853,14,1.3074285714285714,0.03606202140417397,14,38.76330086103901,4.320037112500977,14,38.76330086103901,4.320037112500977,Narrow-width A1000 W20 ID50 / C2
width_narrow,20,7,121,140,130.5,20,18,90.0,6.882472016116853,15,1.0934666666666668,0.02332643435423724,15,44.414507552437385,3.9666953202091766,15,44.414507552437385,3.9666953202091766,Narrow-width A1000 W20 ID50 / C2
width_narrow,20,8,141,160,150.5,20,20,100.0,0.0,14,1.195857142857143,0.051654904891714364,14,31.158606443268052,2.977187745272566,14,31.158606443268052,2.977187745272566,Narrow-width A1000 W20 ID50 / C2
width_narrow,20,9,161,180,170.5,20,15,75.0,9.933992677987828,14,1.2555714285714286,0.04454541012920723,14,45.77295249652283,7.471421400515281,14,45.77295249652283,7.471421400515281,Narrow-width A1000 W20 ID50 / C2
width_narrow,20,10,181,200,190.5,20,18,90.0,6.882472016116853,14,1.3797857142857144,0.052887313189358805,14,37.205769887705415,5.984508467308639,14,37.205769887705415,5.984508467308639,Narrow-width A1000 W20 ID50 / C2
width_narrow,20,11,201,220,210.5,20,16,80.0,9.17662935482247,14,1.4482857142857142,0.09438560309821356,14,49.567959688260025,7.52569803540942,14,49.567959688260025,7.52569803540942,Narrow-width A1000 W20 ID50 / C2
width_narrow,20,12,221,240,230.5,20,13,65.0,10.942433098048308,13,1.4522307692307694,0.04864881396901384,13,37.8964785174215,3.9006980636671056,14,36.63483126657517,3.825384178696579,Narrow-width A1000 W20 ID50 / C2
width_narrow,20,13,241,260,250.5,20,14,70.0,10.513149660756934,13,1.3219230769230768,0.05197391623152727,13,47.494945245888744,5.051610399222449,13,47.494945245888744,5.051610399222449,Narrow-width A1000 W20 ID50 / C2
width_narrow,20,14,261,280,270.5,20,15,75.0,9.933992677987828,13,1.4180000000000001,0.05348496074263331,13,39.461838026477714,5.995461436854086,13,39.461838026477714,5.995461436854086,Narrow-width A1000 W20 ID50 / C2
width_narrow,20,15,281,300,290.5,20,20,100.0,0.0,13,1.659,0.07616808336223857,13,28.656678930080922,2.9701956487182763,13,28.656678930080922,2.9701956487182763,Narrow-width A1000 W20 ID50 / C2
length_long,20,1,1,20,10.5,20,13,65.0,10.94243309804831,17,1.4572941176470589,0.045842342094615136,17,36.4788831507181,2.9367024470478915,17,36.4788831507181,2.9367024470478915,Long-distance A1500 W30 ID50 / C3
length_long,20,2,21,40,30.5,20,14,70.0,10.513149660756934,17,1.6031764705882354,0.052474029661608176,17,34.82929805867897,3.4572967734531423,18,33.88748706497097,3.3929056601591396,Long-distance A1500 W30 ID50 / C3
length_long,20,3,41,60,50.5,20,15,75.0,9.933992677987828,17,1.5325882352941176,0.06184611231917928,17,42.09151837049983,8.370774406993796,17,42.09151837049983,8.370774406993796,Long-distance A1500 W30 ID50 / C3
length_long,20,4,61,80,70.5,20,19,95.0,5.000000000000001,17,1.490235294117647,0.03692883950046644,17,34.30898530593673,2.94686950162263,17,34.30898530593673,2.94686950162263,Long-distance A1500 W30 ID50 / C3
length_long,20,5,81,100,90.5,20,18,90.0,6.882472016116853,11,1.4430909090909092,0.036674106432803895,11,42.87833650103816,12.236368157701849,11,42.87833650103816,12.236368157701849,Long-distance A1500 W30 ID50 / C3
length_long,20,6,101,120,110.5,20,18,90.0,6.882472016116853,10,1.4804,0.10718573702793772,10,26.820392221776636,2.6611182055862095,10,26.820392221776636,2.6611182055862095,Long-distance A1500 W30 ID50 / C3
length_long,20,7,121,140,130.5,20,19,95.0,5.000000000000001,10,1.1772,0.06227569527690735,10,48.54932899631816,9.21223511142928,10,48.54932899631816,9.21223511142928,Long-distance A1500 W30 ID50 / C3
length_long,20,8,141,160,150.5,20,20,100.0,0.0,9,1.1406666666666667,0.052464803016456237,9,25.361380627943277,2.0273779377057806,9,25.361380627943277,2.0273779377057806,Long-distance A1500 W30 ID50 / C3
length_long,20,9,161,180,170.5,20,18,90.0,6.882472016116853,12,1.3186666666666667,0.05863605434105256,12,42.74248380881534,8.522561912443845,12,42.74248380881534,8.522561912443845,Long-distance A1500 W30 ID50 / C3
length_long,20,10,181,200,190.5,20,16,80.0,9.17662935482247,15,1.4144,0.04143851440617142,15,31.325043756958948,3.161069360978179,15,31.325043756958948,3.161069360978179,Long-distance A1500 W30 ID50 / C3
length_long,20,11,201,220,210.5,20,18,90.0,6.882472016116853,15,1.4049333333333331,0.06442865871250203,15,28.91534471243608,2.890583859037458,15,28.91534471243608,2.890583859037458,Long-distance A1500 W30 ID50 / C3
length_long,20,12,221,240,230.5,20,18,90.0,6.882472016116853,13,1.6146923076923076,0.05201114089423838,13,36.37352808511633,6.660317007430593,13,36.37352808511633,6.660317007430593,Long-distance A1500 W30 ID50 / C3
length_long,20,13,241,260,250.5,20,15,75.0,9.933992677987828,13,1.4003846153846156,0.09054107570894299,13,42.321185581543624,5.7227389101962425,13,42.321185581543624,5.7227389101962425,Long-distance A1500 W30 ID50 / C3
length_long,20,14,261,280,270.5,20,13,65.0,10.942433098048308,14,1.3735714285714287,0.040975966459810824,14,41.65466709234243,3.4738928502643565,14,41.65466709234243,3.4738928502643565,Long-distance A1500 W30 ID50 / C3
length_long,20,15,281,300,290.5,20,15,75.0,9.933992677987828,13,1.3196153846153846,0.05493300563851629,13,43.3013891228895,3.61754155728792,13,43.3013891228895,3.61754155728792,Long-distance A1500 W30 ID50 / C3
length_short,20,1,1,20,10.5,20,11,55.00000000000001,11.413288653790232,14,0.6307857142857143,0.01850576939186613,14,56.52947183464064,6.0299690547217795,14,56.52947183464064,6.0299690547217795,Short-distance A600 W30 ID20 / C4
length_short,20,2,21,40,30.5,20,12,60.0,11.239029738980328,16,0.79325,0.04412978019433136,16,48.120171118437455,7.940444459504746,16,48.120171118437455,7.940444459504746,Short-distance A600 W30 ID20 / C4
length_short,20,3,41,60,50.5,20,8,40.0,11.239029738980328,17,0.7122941176470589,0.01747072440034083,17,54.434505518034314,4.784414778666224,17,54.434505518034314,4.784414778666224,Short-distance A600 W30 ID20 / C4
length_short,20,4,61,80,70.5,20,11,55.00000000000001,11.41328865379023,18,0.6762222222222223,0.014099449661432359,18,55.542628602781605,9.032907860148544,18,55.542628602781605,9.032907860148544,Short-distance A600 W30 ID20 / C4
length_short,20,5,81,100,90.5,20,11,55.00000000000001,11.41328865379023,17,0.7045882352941176,0.01752058848216137,17,35.661344330799444,2.813689902216605,17,35.661344330799444,2.813689902216605,Short-distance A600 W30 ID20 / C4
length_short,20,6,101,120,110.5,20,9,45.0,11.413288653790232,19,0.6431052631578947,0.014700498208695918,19,66.8532446541594,7.951659978368415,19,66.8532446541594,7.951659978368415,Short-distance A600 W30 ID20 / C4
length_short,20,7,121,140,130.5,20,7,35.0,10.942433098048312,17,0.6891176470588235,0.01964274344999228,17,54.25595627206838,6.636275268533392,17,54.25595627206838,6.636275268533392,Short-distance A600 W30 ID20 / C4
length_short,20,8,141,160,150.5,20,8,40.0,11.239029738980328,15,0.6023333333333334,0.01380878487349773,15,57.360390032237156,6.181978209003302,15,57.360390032237156,6.181978209003302,Short-distance A600 W30 ID20 / C4
length_short,20,9,161,180,170.5,20,9,45.0,11.413288653790232,19,0.632578947368421,0.024443551845814617,19,77.87916584302104,10.701578095153815,19,77.87916584302104,10.701578095153815,Short-distance A600 W30 ID20 / C4
length_short,20,10,181,200,190.5,20,6,30.0,10.513149660756934,18,0.6189444444444444,0.01977677257488129,18,68.250262672568,7.847766130848162,18,68.250262672568,7.847766130848162,Short-distance A600 W30 ID20 / C4
length_short,20,11,201,220,210.5,20,9,45.0,11.413288653790232,16,0.5989375,0.013641379680345142,16,68.34472268958359,7.165929765252704,16,68.34472268958359,7.165929765252704,Short-distance A600 W30 ID20 / C4
length_short,20,12,221,240,230.5,20,8,40.0,11.239029738980328,20,0.6910000000000001,0.014233947560599442,20,58.693828888483246,5.832070195870406,20,58.693828888483246,5.832070195870406,Short-distance A600 W30 ID20 / C4
length_short,20,13,241,260,250.5,20,12,60.0,11.239029738980328,16,0.63825,0.024457190490051524,16,68.474118198527,12.367344498148094,16,68.474118198527,12.367344498148094,Short-distance A600 W30 ID20 / C4
length_short,20,14,261,280,270.5,20,7,35.0,10.942433098048312,17,0.6093529411764705,0.01709272746462456,17,68.97365393129249,6.0097804062007905,17,68.97365393129249,6.0097804062007905,Short-distance A600 W30 ID20 / C4
length_short,20,15,281,300,290.5,20,8,40.0,11.239029738980328,17,0.6160588235294117,0.023409473727694356,17,74.81689688468855,9.42068761331225,17,74.81689688468855,9.42068761331225,Short-distance A600 W30 ID20 / C4
width_wide,50,1,1,50,25.5,50,34,68.0,6.663945022680344,42,0.6365000000000001,0.013500172064116193,42,36.92969044608165,3.3238492935689954,42,36.92969044608165,3.3238492935689954,Wide-width A1000 W50 ID20 / C1
width_wide,50,2,51,100,75.5,50,28,56.00000000000001,7.091242083423347,44,0.6965454545454546,0.01302678386357032,44,41.835404944201656,3.606645588769434,44,41.835404944201656,3.606645588769434,Wide-width A1000 W50 ID20 / C1
width_wide,50,3,101,150,125.5,50,35,70.0,6.546536707079771,46,0.6969565217391305,0.020807211601038135,46,50.429935172521155,4.44972868634749,46,50.429935172521155,4.44972868634749,Wide-width A1000 W50 ID20 / C1
width_wide,50,4,151,200,175.5,50,22,44.0,7.091242083423347,47,0.6836382978723404,0.022173239897669176,47,51.58773009178453,4.719489396964805,47,51.58773009178453,4.719489396964805,Wide-width A1000 W50 ID20 / C1
width_wide,50,5,201,250,225.5,50,31,62.0,6.934092056863769,41,0.6777804878048781,0.016369197433844993,41,51.937841358390514,5.1686708208641825,41,51.937841358390514,5.1686708208641825,Wide-width A1000 W50 ID20 / C1
width_wide,50,6,251,300,275.5,50,28,56.00000000000001,7.091242083423347,46,0.718304347826087,0.014460002123639851,46,43.972789674530176,3.5246491766193295,46,43.972789674530176,3.5246491766193295,Wide-width A1000 W50 ID20 / C1
width_narrow,50,1,1,50,25.5,50,42,84.0,5.237229365663817,44,1.6321136363636364,0.03584970116890339,44,29.95485431725333,1.9976095311293578,46,29.6441107004952,1.9239492981796553,Narrow-width A1000 W20 ID50 / C2
width_narrow,50,2,51,100,75.5,50,47,94.0,3.3926691677251193,38,1.429421052631579,0.04466269397032585,38,28.84520382366753,2.4866899038330033,38,28.84520382366753,2.4866899038330033,Narrow-width A1000 W20 ID50 / C2
width_narrow,50,3,101,150,125.5,50,46,92.0,3.8756171332144387,35,1.213285714285714,0.02863008265187269,35,39.76502284077272,2.6023637464319065,35,39.76502284077272,2.6023637464319065,Narrow-width A1000 W20 ID50 / C2
width_narrow,50,4,151,200,175.5,50,43,86.0,4.95695759225642,36,1.2743888888888888,0.032778387134502665,36,39.306961930528054,3.872743748669082,36,39.306961930528054,3.872743748669082,Narrow-width A1000 W20 ID50 / C2
width_narrow,50,5,201,250,225.5,50,34,68.0,6.663945022680343,35,1.4339714285714287,0.04178493326857545,35,46.20398018516323,3.7535470047484023,36,45.48257565239683,3.718442012341798,Narrow-width A1000 W20 ID50 / C2
width_narrow,50,6,251,300,275.5,50,44,88.0,4.642307659791976,31,1.4887741935483871,0.05105857293612915,31,34.5948825326846,3.000560680491217,31,34.5948825326846,3.000560680491217,Narrow-width A1000 W20 ID50 / C2
length_long,50,1,1,50,25.5,50,34,68.0,6.663945022680343,44,1.566909090909091,0.03285799445106975,44,35.070377433337335,1.9580829155245312,45,34.68829571641727,1.9518379031237594,Long-distance A1500 W30 ID50 / C3
length_long,50,2,51,100,75.5,50,45,90.0,4.285714285714286,35,1.4384571428571429,0.0255178416033966,35,41.13179250010712,5.538360461219099,35,41.13179250010712,5.538360461219099,Long-distance A1500 W30 ID50 / C3
length_long,50,3,101,150,125.5,50,47,94.0,3.3926691677251193,25,1.2745600000000001,0.06104200957810394,25,34.73618672237187,4.405568751822131,25,34.73618672237187,4.405568751822131,Long-distance A1500 W30 ID50 / C3
length_long,50,4,151,200,175.5,50,44,88.0,4.642307659791978,31,1.3554193548387097,0.032025016236254464,31,35.36549780107448,3.719883225326314,31,35.36549780107448,3.719883225326314,Long-distance A1500 W30 ID50 / C3
length_long,50,5,201,250,225.5,50,43,86.0,4.95695759225642,35,1.5096285714285715,0.041020492638759606,35,33.961319424447424,3.0990909470559256,35,33.961319424447424,3.0990909470559256,Long-distance A1500 W30 ID50 / C3
length_long,50,6,251,300,275.5,50,36,72.0,6.414269805898185,33,1.3278181818181818,0.037020685621849916,33,42.854505042055095,2.631270752220704,33,42.854505042055095,2.631270752220704,Long-distance A1500 W30 ID50 / C3
length_short,50,1,1,50,25.5,50,29,57.99999999999999,7.050835816716037,37,0.7161351351351352,0.02375343067247246,37,52.32005710060101,4.357486228959352,37,52.32005710060101,4.357486228959352,Short-distance A600 W30 ID20 / C4
length_short,50,2,51,100,75.5,50,24,48.0,7.13714056959817,45,0.6952222222222222,0.010399975179112226,45,47.93088873639941,4.17117482348459,45,47.93088873639941,4.17117482348459,Short-distance A600 W30 ID20 / C4
length_short,50,3,101,150,125.5,50,20,40.0,6.998542122237652,44,0.653090909090909,0.01153548703263742,44,59.19827077128893,4.473338711392598,44,59.19827077128893,4.473338711392598,Short-distance A600 W30 ID20 / C4
length_short,50,4,151,200,175.5,50,19,38.0,6.934092056863769,44,0.6225681818181819,0.013439882498451015,44,71.73758456192408,5.840899945807678,44,71.73758456192408,5.840899945807678,Short-distance A600 W30 ID20 / C4
length_short,50,5,201,250,225.5,50,24,48.0,7.137140569598169,44,0.6616363636363637,0.011590442721621238,44,59.17274591115733,4.028057240886074,44,59.17274591115733,4.028057240886074,Short-distance A600 W30 ID20 / C4
length_short,50,6,251,300,275.5,50,20,40.0,6.998542122237652,42,0.6032142857142857,0.012449458132715705,42,76.28134704190927,5.974092457081704,42,76.28134704190927,5.974092457081704,Short-distance A600 W30 ID20 / C4
width_wide,100,1,1,100,50.5,100,62,62.0,4.878317312145633,86,0.6672209302325581,0.009871851970651145,86,39.439590886980255,2.4576490434902816,86,39.439590886980255,2.4576490434902816,Wide-width A1000 W50 ID20 / C1
width_wide,100,2,101,200,150.5,100,57,56.99999999999999,4.97569851956243,93,0.6902258064516129,0.015147946790453146,93,51.015057336019844,3.228351856183105,93,51.015057336019844,3.228351856183105,Wide-width A1000 W50 ID20 / C1
width_wide,100,3,201,300,250.5,100,59,59.0,4.943110704237103,87,0.6992068965517242,0.011015397572296897,87,47.72643472094711,3.078412352990323,87,47.72643472094711,3.078412352990323,Wide-width A1000 W50 ID20 / C1
width_narrow,100,1,1,100,50.5,100,89,89.0,3.1446603773522015,82,1.5381829268292684,0.030240295927062823,82,29.440626039737957,1.5650699090215856,84,29.282700446692203,1.5322940412151334,Narrow-width A1000 W20 ID50 / C2
width_narrow,100,2,101,200,150.5,100,89,89.0,3.1446603773522015,71,1.244267605633803,0.021954094760639677,71,39.532766604592325,2.3290838387764006,71,39.532766604592325,2.3290838387764006,Narrow-width A1000 W20 ID50 / C2
width_narrow,100,3,201,300,250.5,100,78,78.0,4.163331998932266,66,1.4597121212121211,0.032572599673466124,66,40.75122219687782,2.525152347279363,67,40.44498629850013,2.505959830438196,Narrow-width A1000 W20 ID50 / C2
length_long,100,1,1,100,50.5,100,79,79.0,4.0936018074033225,79,1.51,0.022570952716353284,79,37.75581448823534,2.686463884938841,80,37.507325559281576,2.6642837213341712,Long-distance A1500 W30 ID50 / C3
length_long,100,2,101,200,150.5,100,91,91.0,2.8762349126466145,56,1.3193214285714288,0.03263319466813828,56,35.084555355225106,2.8215201787945317,56,35.084555355225106,2.8215201787945317,Long-distance A1500 W30 ID50 / C3
length_long,100,3,201,300,250.5,100,79,79.0,4.093601807403323,68,1.4213970588235294,0.029671601311120014,68,38.277130091815856,2.099575935113854,68,38.277130091815856,2.099575935113854,Long-distance A1500 W30 ID50 / C3
length_short,100,1,1,100,50.5,100,53,53.0,5.016135580465917,82,0.7046585365853658,0.012113239408135468,82,49.91136714463672,3.0088745653071722,82,49.91136714463672,3.0088745653071722,Short-distance A600 W30 ID20 / C4
length_short,100,2,101,200,150.5,100,39,39.0,4.902071300001973,88,0.6378295454545454,0.008955454336887119,88,65.4679276666065,3.7186024020994264,88,65.4679276666065,3.7186024020994264,Short-distance A600 W30 ID20 / C4
length_short,100,3,201,300,250.5,100,44,44.0,4.988876515698589,86,0.6331046511627907,0.009017402677327879,86,67.5281092540827,3.6697771750723955,86,67.5281092540827,3.6697771750723955,Short-distance A600 W30 ID20 / C4
