binSize,binCenter,metric,contrast,left_condition,right_condition,difference_left_minus_right
20,10.5,MT_mean,Same ID27: C2 long - C3 narrow,length_long,width_narrow,0.04047368421052627
20,30.5,MT_mean,Same ID27: C2 long - C3 narrow,length_long,width_narrow,-0.012466666666666737
20,50.5,MT_mean,Same ID27: C2 long - C3 narrow,length_long,width_narrow,-0.1498388888888888
20,70.5,MT_mean,Same ID27: C2 long - C3 narrow,length_long,width_narrow,-0.12768888888888885
20,90.5,MT_mean,Same ID27: C2 long - C3 narrow,length_long,width_narrow,-0.2110421052631578
20,110.5,MT_mean,Same ID27: C2 long - C3 narrow,length_long,width_narrow,-0.1780526315789473
20,130.5,MT_mean,Same ID27: C2 long - C3 narrow,length_long,width_narrow,-0.08008421052631587
20,150.5,MT_mean,Same ID27: C2 long - C3 narrow,length_long,width_narrow,0.006900000000000073
20,170.5,MT_mean,Same ID27: C2 long - C3 narrow,length_long,width_narrow,0.006099999999999994
20,190.5,MT_mean,Same ID27: C2 long - C3 narrow,length_long,width_narrow,0.033399999999999985
20,10.5,TPe_mean,Same ID27: C2 long - C3 narrow,length_long,width_narrow,77.9130495813365
20,30.5,TPe_mean,Same ID27: C2 long - C3 narrow,length_long,width_narrow,72.50203650098237
20,50.5,TPe_mean,Same ID27: C2 long - C3 narrow,length_long,width_narrow,135.9492218631889
20,70.5,TPe_mean,Same ID27: C2 long - C3 narrow,length_long,width_narrow,141.24640483438645
20,90.5,TPe_mean,Same ID27: C2 long - C3 narrow,length_long,width_narrow,138.81040746557153
20,110.5,TPe_mean,Same ID27: C2 long - C3 narrow,length_long,width_narrow,16.354156589698533
20,130.5,TPe_mean,Same ID27: C2 long - C3 narrow,length_long,width_narrow,78.86339120111083
20,150.5,TPe_mean,Same ID27: C2 long - C3 narrow,length_long,width_narrow,51.748054415856984
20,170.5,TPe_mean,Same ID27: C2 long - C3 narrow,length_long,width_narrow,43.0393919115713
20,190.5,TPe_mean,Same ID27: C2 long - C3 narrow,length_long,width_narrow,-22.758093087613815
20,10.5,ER_mean,Same ID27: C2 long - C3 narrow,length_long,width_narrow,-10.0
20,30.5,ER_mean,Same ID27: C2 long - C3 narrow,length_long,width_narrow,-15.0
20,50.5,ER_mean,Same ID27: C2 long - C3 narrow,length_long,width_narrow,-5.0
20,70.5,ER_mean,Same ID27: C2 long - C3 narrow,length_long,width_narrow,-20.0
20,90.5,ER_mean,Same ID27: C2 long - C3 narrow,length_long,width_narrow,-5.0
20,110.5,ER_mean,Same ID27: C2 long - C3 narrow,length_long,width_narrow,0.0
20,130.5,ER_mean,Same ID27: C2 long - C3 narrow,length_long,width_narrow,-10.0
20,150.5,ER_mean,Same ID27: C2 long - C3 narrow,length_long,width_narrow,10.0
20,170.5,ER_mean,Same ID27: C2 long - C3 narrow,length_long,width_narrow,0.0
20,190.5,ER_mean,Same ID27: C2 long - C3 narrow,length_long,width_narrow,-15.0
