condition_number,condition,condition_label,ID_group,metric,ylabel,status,a,b,c,r2,n_points
1,width_wide,Wide-width A1000 W50 ID20 / C1,ID20,MT,MT [s],ok,-0.3055037698214294,0.3857541414848291,0.7387987545334057,0.052834059186841364,266
1,width_wide,Wide-width A1000 W50 ID20 / C1,ID20,TPe,TPe [1/s],ok,-12989.94972678785,0.00021083196662268064,13023.164752226478,0.008152744499033804,266
1,width_wide,Wide-width A1000 W50 ID20 / C1,ID20,ER,ER [%],ok,78.41436875151139,0.5482732286553501,52.561955704316624,0.12087077503489996,15
2,width_narrow,Narrow-width A1000 W20 ID50 / C2,ID50,MT,MT [s],ok,0.9373078148854938,0.23180575890082966,1.0889191212064868,0.12030570846237498,219
2,width_narrow,Narrow-width A1000 W20 ID50 / C2,ID50,TPe,TPe [1/s],ok,-33417.941792775586,0.00012680558299912187,33434.44220534948,0.05163265161681696,219
2,width_narrow,Narrow-width A1000 W20 ID50 / C2,ID50,ER,ER [%],ok,93.36772725536896,0.019034789268439423,1.6452311718613737e-08,0.020468737002849346,15
3,length_long,Long-distance A1500 W30 ID50 / C3,ID50,MT,MT [s],ok,1.628878052247564,0.02860491545870127,1.5011443734227607e-15,0.034138765825183826,203
3,length_long,Long-distance A1500 W30 ID50 / C3,ID50,TPe,TPe [1/s],ok,-777.5606796145847,0.0005309697656675048,812.846751733721,0.00041796454861398047,203
3,length_long,Long-distance A1500 W30 ID50 / C3,ID50,ER,ER [%],ok,-409.95869597835946,1.2400007399170434,85.76257653753082,0.2366116470421441,15
4,length_short,Short-distance A600 W30 ID20 / C4,ID20,MT,MT [s],ok,0.7780286644984374,0.035525342210585495,1.1561181580888182e-10,0.056825458724754085,256
4,length_short,Short-distance A600 W30 ID20 / C4,ID20,TPe,TPe [1/s],ok,-65418.23027067668,0.00010399594387024268,65447.115906000734,0.03771482091522349,256
4,length_short,Short-distance A600 W30 ID20 / C4,ID20,ER,ER [%],ok,74.62210549410308,0.1062519644477596,1.98148961955398e-07,0.2504226717009572,15
