condition,condition_label,N,MT_single,TPe_single,ER_single,MT_included,TPe_included,MT_omission_reason,TPe_omission_reason
length_long,Long-distance A810 W30 ID27 / C2,1,,,0.0,False,False,mt_outlier,mt_outlier
length_long,Long-distance A810 W30 ID27 / C2,2,,,0.0,False,False,mt_outlier,mt_outlier
length_long,Long-distance A810 W30 ID27 / C2,3,0.642,42.9942166664401,0.0,True,True,included,included
length_long,Long-distance A810 W30 ID27 / C2,4,0.63,51.89904740904108,0.0,True,True,included,included
length_long,Long-distance A810 W30 ID27 / C2,5,0.651,157.84692744322965,0.0,True,True,included,included
length_long,Long-distance A810 W30 ID27 / C2,6,0.552,106.99010009479285,0.0,True,True,included,included
length_long,Long-distance A810 W30 ID27 / C2,7,0.528,98.9648390994722,0.0,True,True,included,included
length_long,Long-distance A810 W30 ID27 / C2,8,0.555,91.50890380821808,0.0,True,True,included,included
length_long,Long-distance A810 W30 ID27 / C2,9,0.556,124.7873895268603,0.0,True,True,included,included
length_long,Long-distance A810 W30 ID27 / C2,10,0.505,360.43423930937206,0.0,True,True,included,included
length_long,Long-distance A810 W30 ID27 / C2,11,0.47,160.64012720872756,0.0,True,True,included,included
length_long,Long-distance A810 W30 ID27 / C2,12,0.499,370.8367043474167,0.0,True,True,included,included
length_long,Long-distance A810 W30 ID27 / C2,13,0.453,116.1169103870736,0.0,True,True,included,included
length_long,Long-distance A810 W30 ID27 / C2,14,0.462,80.18669268242894,0.0,True,True,included,included
length_long,Long-distance A810 W30 ID27 / C2,15,0.464,165.0194262350408,0.0,True,True,included,included
length_long,Long-distance A810 W30 ID27 / C2,16,0.418,568.245270232205,0.0,True,True,included,included
length_long,Long-distance A810 W30 ID27 / C2,17,0.412,103.30530865193091,0.0,True,True,included,included
length_long,Long-distance A810 W30 ID27 / C2,18,0.496,465.1526456210468,0.0,True,True,included,included
length_long,Long-distance A810 W30 ID27 / C2,19,0.601,68.12804487067953,0.0,True,True,included,included
length_long,Long-distance A810 W30 ID27 / C2,20,0.484,522.5186207431286,0.0,True,True,included,included
length_long,Long-distance A810 W30 ID27 / C2,21,0.413,130.99077812829174,0.0,True,True,included,included
length_long,Long-distance A810 W30 ID27 / C2,22,0.456,124.43442571566841,0.0,True,True,included,included
length_long,Long-distance A810 W30 ID27 / C2,23,0.476,118.605986460045,0.0,True,True,included,included
length_long,Long-distance A810 W30 ID27 / C2,24,0.519,179.68384960813108,0.0,True,True,included,included
length_long,Long-distance A810 W30 ID27 / C2,25,0.508,307.32363395986295,0.0,True,True,included,included
length_long,Long-distance A810 W30 ID27 / C2,26,0.48,368.5841176292953,0.0,True,True,included,included
length_long,Long-distance A810 W30 ID27 / C2,27,0.42,130.17543009399623,0.0,True,True,included,included
length_long,Long-distance A810 W30 ID27 / C2,28,0.345,556.0371224361716,0.0,True,True,included,included
length_long,Long-distance A810 W30 ID27 / C2,29,0.342,218.7214267332904,0.0,True,True,included,included
length_long,Long-distance A810 W30 ID27 / C2,30,0.399,327.0830012112151,0.0,True,True,included,included
length_long,Long-distance A810 W30 ID27 / C2,31,0.375,94.86351960978732,0.0,True,True,included,included
length_long,Long-distance A810 W30 ID27 / C2,32,0.382,1019.8277837338234,0.0,True,True,included,included
length_long,Long-distance A810 W30 ID27 / C2,33,0.436,74.0509789622142,100.0,True,True,included,included
length_long,Long-distance A810 W30 ID27 / C2,34,0.485,111.67276086846546,0.0,True,True,included,included
length_long,Long-distance A810 W30 ID27 / C2,35,0.47,147.4955354475583,0.0,True,True,included,included
length_long,Long-distance A810 W30 ID27 / C2,36,0.475,78.15549419200978,100.0,True,True,included,included
length_long,Long-distance A810 W30 ID27 / C2,37,0.485,88.44151542616089,0.0,True,True,included,included
length_long,Long-distance A810 W30 ID27 / C2,38,0.387,277.399203126337,0.0,True,True,included,included
length_long,Long-distance A810 W30 ID27 / C2,39,0.477,106.63098770165952,0.0,True,True,included,included
length_long,Long-distance A810 W30 ID27 / C2,40,0.444,99.8188643065787,0.0,True,True,included,included
length_long,Long-distance A810 W30 ID27 / C2,41,0.362,797.5231459011218,0.0,True,True,included,included
length_long,Long-distance A810 W30 ID27 / C2,42,0.371,248.70179420086924,0.0,True,True,included,included
length_long,Long-distance A810 W30 ID27 / C2,43,0.401,198.74655832443247,0.0,True,True,included,included
length_long,Long-distance A810 W30 ID27 / C2,44,0.388,155.25580395561673,0.0,True,True,included,included
length_long,Long-distance A810 W30 ID27 / C2,45,0.397,356.41066014606434,0.0,True,True,included,included
length_long,Long-distance A810 W30 ID27 / C2,46,0.385,181.48299670810806,0.0,True,True,included,included
length_long,Long-distance A810 W30 ID27 / C2,47,0.368,139.00534488661194,0.0,True,True,included,included
length_long,Long-distance A810 W30 ID27 / C2,48,0.363,256.6936845922557,0.0,True,True,included,included
length_long,Long-distance A810 W30 ID27 / C2,49,0.418,578.3123039964353,0.0,True,True,included,included
length_long,Long-distance A810 W30 ID27 / C2,50,0.314,511.887710566577,0.0,True,True,included,included
length_long,Long-distance A810 W30 ID27 / C2,51,0.324,112.31315281633516,0.0,True,True,included,included
length_long,Long-distance A810 W30 ID27 / C2,52,0.379,80.62304217371279,100.0,True,True,included,included
length_long,Long-distance A810 W30 ID27 / C2,53,0.397,201.1735889972797,0.0,True,True,included,included
length_long,Long-distance A810 W30 ID27 / C2,54,0.421,328.7621982646059,0.0,True,True,included,included
length_long,Long-distance A810 W30 ID27 / C2,55,0.43,220.82714433941558,0.0,True,True,included,included
length_long,Long-distance A810 W30 ID27 / C2,56,0.387,210.75309568471124,0.0,True,True,included,included
length_long,Long-distance A810 W30 ID27 / C2,57,0.397,227.57978959356183,0.0,True,True,included,included
length_long,Long-distance A810 W30 ID27 / C2,58,0.377,224.2688859272893,0.0,True,True,included,included
length_long,Long-distance A810 W30 ID27 / C2,59,0.329,125.88723811127684,100.0,True,True,included,included
length_long,Long-distance A810 W30 ID27 / C2,60,0.363,167.42171197193,0.0,True,True,included,included
length_long,Long-distance A810 W30 ID27 / C2,61,0.322,188.56640579829914,0.0,True,True,included,included
length_long,Long-distance A810 W30 ID27 / C2,62,0.347,403.1834031480427,0.0,True,True,included,included
length_long,Long-distance A810 W30 ID27 / C2,63,0.3,183.6505952584741,0.0,True,True,included,included
length_long,Long-distance A810 W30 ID27 / C2,64,0.368,66.9333737856058,0.0,True,True,included,included
length_long,Long-distance A810 W30 ID27 / C2,65,0.445,127.37014972447973,0.0,True,True,included,included
length_long,Long-distance A810 W30 ID27 / C2,66,0.417,106.74816329637154,0.0,True,True,included,included
length_long,Long-distance A810 W30 ID27 / C2,67,0.36,100.55644752140311,0.0,True,True,included,included
length_long,Long-distance A810 W30 ID27 / C2,68,0.393,727.2286874421115,0.0,True,True,included,included
length_long,Long-distance A810 W30 ID27 / C2,69,0.37,128.2462955383711,0.0,True,True,included,included
length_long,Long-distance A810 W30 ID27 / C2,70,0.425,249.76033331795247,0.0,True,True,included,included
length_long,Long-distance A810 W30 ID27 / C2,71,0.342,258.276182117027,0.0,True,True,included,included
length_long,Long-distance A810 W30 ID27 / C2,72,0.369,325.2711386569254,0.0,True,True,included,included
length_long,Long-distance A810 W30 ID27 / C2,73,0.318,284.751101596942,0.0,True,True,included,included
length_long,Long-distance A810 W30 ID27 / C2,74,0.297,516.1452604993569,0.0,True,True,included,included
length_long,Long-distance A810 W30 ID27 / C2,75,0.323,137.48607633909256,0.0,True,True,included,included
length_long,Long-distance A810 W30 ID27 / C2,76,0.34,219.9508416628469,0.0,True,True,included,included
length_long,Long-distance A810 W30 ID27 / C2,77,0.242,144.36887634823617,0.0,True,True,included,included
length_long,Long-distance A810 W30 ID27 / C2,78,0.337,322.0871871208715,0.0,True,True,included,included
length_long,Long-distance A810 W30 ID27 / C2,79,0.359,228.52135414981709,0.0,True,True,included,included
length_long,Long-distance A810 W30 ID27 / C2,80,0.31,330.7930691237752,0.0,True,True,included,included
length_long,Long-distance A810 W30 ID27 / C2,81,0.27,175.63891857701864,0.0,True,True,included,included
length_long,Long-distance A810 W30 ID27 / C2,82,0.259,292.1580230668768,0.0,True,True,included,included
length_long,Long-distance A810 W30 ID27 / C2,83,0.333,454.46608133166205,0.0,True,True,included,included
length_long,Long-distance A810 W30 ID27 / C2,84,0.291,104.1062337192545,100.0,True,True,included,included
length_long,Long-distance A810 W30 ID27 / C2,85,0.389,233.83521780824313,0.0,True,True,included,included
length_long,Long-distance A810 W30 ID27 / C2,86,0.376,364.6225017984701,0.0,True,True,included,included
length_long,Long-distance A810 W30 ID27 / C2,87,0.375,201.17605169324258,0.0,True,True,included,included
length_long,Long-distance A810 W30 ID27 / C2,88,0.344,290.34746779280596,0.0,True,True,included,included
length_long,Long-distance A810 W30 ID27 / C2,89,0.407,93.87172504160397,0.0,True,True,included,included
length_long,Long-distance A810 W30 ID27 / C2,90,0.473,127.85695443129673,0.0,True,True,included,included
length_long,Long-distance A810 W30 ID27 / C2,91,0.403,306.1487891027782,0.0,True,True,included,included
length_long,Long-distance A810 W30 ID27 / C2,92,0.398,136.37137549082007,0.0,True,True,included,included
length_long,Long-distance A810 W30 ID27 / C2,93,0.424,227.43907589300528,0.0,True,True,included,included
length_long,Long-distance A810 W30 ID27 / C2,94,0.409,346.12802094881914,0.0,True,True,included,included
length_long,Long-distance A810 W30 ID27 / C2,95,0.37,383.3905782277992,0.0,True,True,included,included
length_long,Long-distance A810 W30 ID27 / C2,96,0.351,592.1180881313563,0.0,True,True,included,included
length_long,Long-distance A810 W30 ID27 / C2,97,0.384,77.11541830912414,0.0,True,True,included,included
length_long,Long-distance A810 W30 ID27 / C2,98,0.392,210.37597792194586,0.0,True,True,included,included
length_long,Long-distance A810 W30 ID27 / C2,99,0.391,322.88719178199057,0.0,True,True,included,included
length_long,Long-distance A810 W30 ID27 / C2,100,0.357,136.88864190166538,0.0,True,True,included,included
length_long,Long-distance A810 W30 ID27 / C2,101,0.524,39.45375288011072,0.0,True,True,included,included
length_long,Long-distance A810 W30 ID27 / C2,102,0.414,109.7574363239087,0.0,True,True,included,included
length_long,Long-distance A810 W30 ID27 / C2,103,0.317,98.72086708947924,0.0,True,True,included,included
length_long,Long-distance A810 W30 ID27 / C2,104,0.398,279.1369319177301,0.0,True,True,included,included
length_long,Long-distance A810 W30 ID27 / C2,105,0.423,77.89067727019356,0.0,True,True,included,included
length_long,Long-distance A810 W30 ID27 / C2,106,0.444,62.37859761396829,100.0,True,True,included,included
length_long,Long-distance A810 W30 ID27 / C2,107,0.453,202.3347772525784,0.0,True,True,included,included
length_long,Long-distance A810 W30 ID27 / C2,108,0.419,165.16118064708306,0.0,True,True,included,included
length_long,Long-distance A810 W30 ID27 / C2,109,0.448,64.28548872664854,0.0,True,True,included,included
length_long,Long-distance A810 W30 ID27 / C2,110,0.418,76.53812924675967,0.0,True,True,included,included
length_long,Long-distance A810 W30 ID27 / C2,111,0.391,241.47804032363692,0.0,True,True,included,included
length_long,Long-distance A810 W30 ID27 / C2,112,0.372,125.98275965096212,0.0,True,True,included,included
length_long,Long-distance A810 W30 ID27 / C2,113,,,100.0,False,False,deviation_ratio_excluded,deviation_ratio_excluded
length_long,Long-distance A810 W30 ID27 / C2,114,0.476,152.02119900729403,0.0,True,True,included,included
length_long,Long-distance A810 W30 ID27 / C2,115,0.396,176.03483788417722,100.0,True,True,included,included
length_long,Long-distance A810 W30 ID27 / C2,116,0.483,128.88201763146424,0.0,True,True,included,included
length_long,Long-distance A810 W30 ID27 / C2,117,0.402,511.0431432040466,0.0,True,True,included,included
length_long,Long-distance A810 W30 ID27 / C2,118,0.387,122.11804619825548,0.0,True,True,included,included
length_long,Long-distance A810 W30 ID27 / C2,119,0.36,162.6290303752055,0.0,True,True,included,included
length_long,Long-distance A810 W30 ID27 / C2,120,0.432,98.39429228691496,0.0,True,True,included,included
length_long,Long-distance A810 W30 ID27 / C2,121,0.33,179.40887546287544,0.0,True,True,included,included
length_long,Long-distance A810 W30 ID27 / C2,122,0.4,499.6048276877907,0.0,True,True,included,included
length_long,Long-distance A810 W30 ID27 / C2,123,0.403,213.33439423744147,0.0,True,True,included,included
length_long,Long-distance A810 W30 ID27 / C2,124,0.396,247.2269275479277,0.0,True,True,included,included
length_long,Long-distance A810 W30 ID27 / C2,125,0.393,123.79577835371767,0.0,True,True,included,included
length_long,Long-distance A810 W30 ID27 / C2,126,0.377,231.75834595980612,0.0,True,True,included,included
length_long,Long-distance A810 W30 ID27 / C2,127,0.391,147.41358445539979,0.0,True,True,included,included
length_long,Long-distance A810 W30 ID27 / C2,128,0.392,173.80211238001246,0.0,True,True,included,included
length_long,Long-distance A810 W30 ID27 / C2,129,0.347,287.79811576059257,0.0,True,True,included,included
length_long,Long-distance A810 W30 ID27 / C2,130,0.358,364.02043232462114,0.0,True,True,included,included
length_long,Long-distance A810 W30 ID27 / C2,131,0.367,173.69398276080182,0.0,True,True,included,included
length_long,Long-distance A810 W30 ID27 / C2,132,0.337,222.69147161081133,0.0,True,True,included,included
length_long,Long-distance A810 W30 ID27 / C2,133,0.387,433.24865639112403,0.0,True,True,included,included
length_long,Long-distance A810 W30 ID27 / C2,134,0.405,163.6621076233378,0.0,True,True,included,included
length_long,Long-distance A810 W30 ID27 / C2,135,0.368,158.4573986556217,0.0,True,True,included,included
length_long,Long-distance A810 W30 ID27 / C2,136,0.386,181.16989936360991,0.0,True,True,included,included
length_long,Long-distance A810 W30 ID27 / C2,137,0.362,181.59249523441042,0.0,True,True,included,included
length_long,Long-distance A810 W30 ID27 / C2,138,0.341,282.43881185831475,0.0,True,True,included,included
length_long,Long-distance A810 W30 ID27 / C2,139,0.348,222.48874662702008,0.0,True,True,included,included
length_long,Long-distance A810 W30 ID27 / C2,140,0.364,492.80481536199756,0.0,True,True,included,included
length_long,Long-distance A810 W30 ID27 / C2,141,0.427,73.16171788215972,100.0,True,True,included,included
length_long,Long-distance A810 W30 ID27 / C2,142,0.391,201.93923809080903,0.0,True,True,included,included
length_long,Long-distance A810 W30 ID27 / C2,143,0.311,273.7979339871769,0.0,True,True,included,included
length_long,Long-distance A810 W30 ID27 / C2,144,0.342,270.00965226771956,0.0,True,True,included,included
length_long,Long-distance A810 W30 ID27 / C2,145,0.343,360.4276937624494,0.0,True,True,included,included
length_long,Long-distance A810 W30 ID27 / C2,146,0.37,217.61365819759726,0.0,True,True,included,included
length_long,Long-distance A810 W30 ID27 / C2,147,0.413,132.000287348735,0.0,True,True,included,included
length_long,Long-distance A810 W30 ID27 / C2,148,0.416,63.132920106353446,0.0,True,True,included,included
length_long,Long-distance A810 W30 ID27 / C2,149,0.451,346.0964248293047,0.0,True,True,included,included
length_long,Long-distance A810 W30 ID27 / C2,150,0.391,95.5092361804099,100.0,True,True,included,included
length_long,Long-distance A810 W30 ID27 / C2,151,0.296,275.20204334801537,0.0,True,True,included,included
length_long,Long-distance A810 W30 ID27 / C2,152,0.388,105.78423060837197,0.0,True,True,included,included
length_long,Long-distance A810 W30 ID27 / C2,153,0.369,104.65168095362651,100.0,True,True,included,included
length_long,Long-distance A810 W30 ID27 / C2,154,0.44,133.1744244599038,100.0,True,True,included,included
length_long,Long-distance A810 W30 ID27 / C2,155,0.432,302.0542056580284,0.0,True,True,included,included
length_long,Long-distance A810 W30 ID27 / C2,156,0.438,121.06878237067218,0.0,True,True,included,included
length_long,Long-distance A810 W30 ID27 / C2,157,0.419,174.77981266097672,0.0,True,True,included,included
length_long,Long-distance A810 W30 ID27 / C2,158,0.383,234.08603838554816,0.0,True,True,included,included
length_long,Long-distance A810 W30 ID27 / C2,159,0.351,449.33815243662536,0.0,True,True,included,included
length_long,Long-distance A810 W30 ID27 / C2,160,0.335,597.2153813258225,0.0,True,True,included,included
length_long,Long-distance A810 W30 ID27 / C2,161,0.315,170.15295449436397,0.0,True,True,included,included
length_long,Long-distance A810 W30 ID27 / C2,162,0.384,169.95955092826802,0.0,True,True,included,included
length_long,Long-distance A810 W30 ID27 / C2,163,0.408,101.94788048482077,0.0,True,True,included,included
length_long,Long-distance A810 W30 ID27 / C2,164,0.453,142.23165068502612,0.0,True,True,included,included
length_long,Long-distance A810 W30 ID27 / C2,165,0.426,350.4058838549416,0.0,True,True,included,included
length_long,Long-distance A810 W30 ID27 / C2,166,0.355,300.9935204708099,0.0,True,True,included,included
length_long,Long-distance A810 W30 ID27 / C2,167,0.373,193.30359688108607,0.0,True,True,included,included
length_long,Long-distance A810 W30 ID27 / C2,168,0.38,163.57309832996123,0.0,True,True,included,included
length_long,Long-distance A810 W30 ID27 / C2,169,0.355,357.43299683125576,0.0,True,True,included,included
length_long,Long-distance A810 W30 ID27 / C2,170,0.429,305.5121823655394,0.0,True,True,included,included
length_long,Long-distance A810 W30 ID27 / C2,171,0.381,148.93361642993642,0.0,True,True,included,included
length_long,Long-distance A810 W30 ID27 / C2,172,0.384,118.02311287838444,0.0,True,True,included,included
length_long,Long-distance A810 W30 ID27 / C2,173,0.382,529.914332841063,0.0,True,True,included,included
length_long,Long-distance A810 W30 ID27 / C2,174,0.388,305.0171462741844,0.0,True,True,included,included
length_long,Long-distance A810 W30 ID27 / C2,175,0.386,173.72122483472967,0.0,True,True,included,included
length_long,Long-distance A810 W30 ID27 / C2,176,0.412,444.16908792859806,0.0,True,True,included,included
length_long,Long-distance A810 W30 ID27 / C2,177,0.389,299.32858037036425,0.0,True,True,included,included
length_long,Long-distance A810 W30 ID27 / C2,178,0.411,152.83159148195756,0.0,True,True,included,included
length_long,Long-distance A810 W30 ID27 / C2,179,0.433,155.4230853389551,0.0,True,True,included,included
length_long,Long-distance A810 W30 ID27 / C2,180,0.43,669.9579514668987,0.0,True,True,included,included
length_long,Long-distance A810 W30 ID27 / C2,181,0.416,202.7370084261392,0.0,True,True,included,included
length_long,Long-distance A810 W30 ID27 / C2,182,0.389,93.8533996392367,0.0,True,True,included,included
length_long,Long-distance A810 W30 ID27 / C2,183,0.447,182.02644396597432,0.0,True,True,included,included
length_long,Long-distance A810 W30 ID27 / C2,184,0.391,209.81783724917412,0.0,True,True,included,included
length_long,Long-distance A810 W30 ID27 / C2,185,0.417,189.9992799730118,0.0,True,True,included,included
length_long,Long-distance A810 W30 ID27 / C2,186,0.433,153.33312253697216,0.0,True,True,included,included
length_long,Long-distance A810 W30 ID27 / C2,187,0.428,247.18989652242237,0.0,True,True,included,included
length_long,Long-distance A810 W30 ID27 / C2,188,0.382,119.17176316160295,0.0,True,True,included,included
length_long,Long-distance A810 W30 ID27 / C2,189,0.389,79.90107993273435,0.0,True,True,included,included
length_long,Long-distance A810 W30 ID27 / C2,190,0.407,189.86676418045334,0.0,True,True,included,included
length_long,Long-distance A810 W30 ID27 / C2,191,0.401,316.8649447247319,0.0,True,True,included,included
length_long,Long-distance A810 W30 ID27 / C2,192,0.438,210.9804898684304,0.0,True,True,included,included
length_long,Long-distance A810 W30 ID27 / C2,193,0.442,121.5762175738205,0.0,True,True,included,included
length_long,Long-distance A810 W30 ID27 / C2,194,0.409,156.11819394524736,0.0,True,True,included,included
length_long,Long-distance A810 W30 ID27 / C2,195,0.405,422.40505481598984,0.0,True,True,included,included
length_long,Long-distance A810 W30 ID27 / C2,196,0.339,621.7452174147337,0.0,True,True,included,included
length_long,Long-distance A810 W30 ID27 / C2,197,0.369,296.24906564010854,0.0,True,True,included,included
length_long,Long-distance A810 W30 ID27 / C2,198,0.452,213.09336280368262,0.0,True,True,included,included
length_long,Long-distance A810 W30 ID27 / C2,199,0.37,181.6471677255302,0.0,True,True,included,included
length_long,Long-distance A810 W30 ID27 / C2,200,0.404,156.61472046751695,0.0,True,True,included,included
width_narrow,Narrow-width A540 W20 ID27 / C3,1,0.579,65.90644401972112,0.0,True,True,included,included
width_narrow,Narrow-width A540 W20 ID27 / C3,2,0.388,132.0913814045165,100.0,True,True,included,included
width_narrow,Narrow-width A540 W20 ID27 / C3,3,0.562,173.34915434848102,0.0,True,True,included,included
width_narrow,Narrow-width A540 W20 ID27 / C3,4,0.477,181.7822659634313,0.0,True,True,included,included
width_narrow,Narrow-width A540 W20 ID27 / C3,5,,,100.0,False,False,core_incomplete,core_incomplete
width_narrow,Narrow-width A540 W20 ID27 / C3,6,0.549,83.00058191527914,0.0,True,True,included,included
width_narrow,Narrow-width A540 W20 ID27 / C3,7,0.54,287.0471015435907,0.0,True,True,included,included
width_narrow,Narrow-width A540 W20 ID27 / C3,8,0.429,106.29675581299152,0.0,True,True,included,included
width_narrow,Narrow-width A540 W20 ID27 / C3,9,0.5,116.01083229543755,0.0,True,True,included,included
width_narrow,Narrow-width A540 W20 ID27 / C3,10,0.443,102.75809701355813,0.0,True,True,included,included
width_narrow,Narrow-width A540 W20 ID27 / C3,11,0.427,127.8639748625061,0.0,True,True,included,included
width_narrow,Narrow-width A540 W20 ID27 / C3,12,0.394,183.60489042709992,0.0,True,True,included,included
width_narrow,Narrow-width A540 W20 ID27 / C3,13,0.436,131.78272567829643,0.0,True,True,included,included
width_narrow,Narrow-width A540 W20 ID27 / C3,14,0.434,76.51085912541497,0.0,True,True,included,included
width_narrow,Narrow-width A540 W20 ID27 / C3,15,0.421,73.38101523567913,0.0,True,True,included,included
width_narrow,Narrow-width A540 W20 ID27 / C3,16,0.657,43.44963508100898,0.0,True,True,included,included
width_narrow,Narrow-width A540 W20 ID27 / C3,17,0.571,75.55122370616995,0.0,True,True,included,included
width_narrow,Narrow-width A540 W20 ID27 / C3,18,0.469,112.79523000184635,0.0,True,True,included,included
width_narrow,Narrow-width A540 W20 ID27 / C3,19,0.455,98.41026990933048,0.0,True,True,included,included
width_narrow,Narrow-width A540 W20 ID27 / C3,20,0.399,206.72255696608045,0.0,True,True,included,included
width_narrow,Narrow-width A540 W20 ID27 / C3,21,0.419,149.57811293118596,0.0,True,True,included,included
width_narrow,Narrow-width A540 W20 ID27 / C3,22,0.456,137.9482399489583,0.0,True,True,included,included
width_narrow,Narrow-width A540 W20 ID27 / C3,23,0.534,69.0345001315716,0.0,True,True,included,included
width_narrow,Narrow-width A540 W20 ID27 / C3,24,0.4,219.59559684154434,0.0,True,True,included,included
width_narrow,Narrow-width A540 W20 ID27 / C3,25,0.467,333.2520157275285,0.0,True,True,included,included
width_narrow,Narrow-width A540 W20 ID27 / C3,26,0.433,113.20079535465673,0.0,True,True,included,included
width_narrow,Narrow-width A540 W20 ID27 / C3,27,0.444,256.9002352221286,0.0,True,True,included,included
width_narrow,Narrow-width A540 W20 ID27 / C3,28,0.37,336.128636463171,0.0,True,True,included,included
width_narrow,Narrow-width A540 W20 ID27 / C3,29,0.395,244.85499995199123,0.0,True,True,included,included
width_narrow,Narrow-width A540 W20 ID27 / C3,30,0.404,104.33958734490588,0.0,True,True,included,included
width_narrow,Narrow-width A540 W20 ID27 / C3,31,0.431,59.85293062608097,100.0,True,True,included,included
width_narrow,Narrow-width A540 W20 ID27 / C3,32,0.355,79.10238531761954,0.0,True,True,included,included
width_narrow,Narrow-width A540 W20 ID27 / C3,33,0.456,90.4495450452489,0.0,True,True,included,included
width_narrow,Narrow-width A540 W20 ID27 / C3,34,0.404,61.43281335372133,0.0,True,True,included,included
width_narrow,Narrow-width A540 W20 ID27 / C3,35,0.419,61.01984163901846,100.0,True,True,included,included
width_narrow,Narrow-width A540 W20 ID27 / C3,36,0.514,48.21918198611375,100.0,True,True,included,included
width_narrow,Narrow-width A540 W20 ID27 / C3,37,0.624,55.62660312329408,100.0,True,True,included,included
width_narrow,Narrow-width A540 W20 ID27 / C3,38,,,0.0,False,False,mt_outlier,mt_outlier
width_narrow,Narrow-width A540 W20 ID27 / C3,39,0.596,378.42409578908416,0.0,True,True,included,included
width_narrow,Narrow-width A540 W20 ID27 / C3,40,,,100.0,False,False,core_incomplete,core_incomplete
width_narrow,Narrow-width A540 W20 ID27 / C3,41,0.563,58.5419319710955,0.0,True,True,included,included
width_narrow,Narrow-width A540 W20 ID27 / C3,42,0.566,74.29014589513083,0.0,True,True,included,included
width_narrow,Narrow-width A540 W20 ID27 / C3,43,0.532,48.391716568782996,0.0,True,True,included,included
width_narrow,Narrow-width A540 W20 ID27 / C3,44,0.432,281.5287944878464,0.0,True,True,included,included
width_narrow,Narrow-width A540 W20 ID27 / C3,45,,,100.0,False,False,core_incomplete,core_incomplete
width_narrow,Narrow-width A540 W20 ID27 / C3,46,0.643,47.689661156119165,0.0,True,True,included,included
width_narrow,Narrow-width A540 W20 ID27 / C3,47,0.665,140.0800850402184,0.0,True,True,included,included
width_narrow,Narrow-width A540 W20 ID27 / C3,48,0.556,65.2816167325014,0.0,True,True,included,included
width_narrow,Narrow-width A540 W20 ID27 / C3,49,0.542,140.80360037090153,0.0,True,True,included,included
width_narrow,Narrow-width A540 W20 ID27 / C3,50,0.567,59.109830943258295,0.0,True,True,included,included
width_narrow,Narrow-width A540 W20 ID27 / C3,51,,,100.0,False,False,core_incomplete,core_incomplete
width_narrow,Narrow-width A540 W20 ID27 / C3,52,0.548,110.9684781873692,0.0,True,True,included,included
width_narrow,Narrow-width A540 W20 ID27 / C3,53,0.509,55.62122826878681,0.0,True,True,included,included
width_narrow,Narrow-width A540 W20 ID27 / C3,54,0.603,77.120960882218,0.0,True,True,included,included
width_narrow,Narrow-width A540 W20 ID27 / C3,55,0.545,68.67767454050575,0.0,True,True,included,included
width_narrow,Narrow-width A540 W20 ID27 / C3,56,0.435,500.45043482111004,0.0,True,True,included,included
width_narrow,Narrow-width A540 W20 ID27 / C3,57,0.521,145.23636503723864,0.0,True,True,included,included
width_narrow,Narrow-width A540 W20 ID27 / C3,58,0.438,160.69633838210856,0.0,True,True,included,included
width_narrow,Narrow-width A540 W20 ID27 / C3,59,0.407,184.98994087847535,100.0,True,True,included,included
width_narrow,Narrow-width A540 W20 ID27 / C3,60,0.439,124.70206834132198,0.0,True,True,included,included
width_narrow,Narrow-width A540 W20 ID27 / C3,61,0.426,143.11317550955093,0.0,True,True,included,included
width_narrow,Narrow-width A540 W20 ID27 / C3,62,0.411,58.756054955426755,0.0,True,True,included,included
width_narrow,Narrow-width A540 W20 ID27 / C3,63,,,100.0,False,False,core_incomplete,core_incomplete
width_narrow,Narrow-width A540 W20 ID27 / C3,64,0.545,120.63277355783828,0.0,True,True,included,included
width_narrow,Narrow-width A540 W20 ID27 / C3,65,0.462,75.17241638578841,0.0,True,True,included,included
width_narrow,Narrow-width A540 W20 ID27 / C3,66,0.563,43.98626548013663,0.0,True,True,included,included
width_narrow,Narrow-width A540 W20 ID27 / C3,67,0.505,92.80826715526264,0.0,True,True,included,included
width_narrow,Narrow-width A540 W20 ID27 / C3,68,0.569,55.26934934007821,0.0,True,True,included,included
width_narrow,Narrow-width A540 W20 ID27 / C3,69,0.531,170.39142305048588,0.0,True,True,included,included
width_narrow,Narrow-width A540 W20 ID27 / C3,70,,,0.0,False,False,mt_outlier,mt_outlier
width_narrow,Narrow-width A540 W20 ID27 / C3,71,0.629,63.03322289425342,0.0,True,True,included,included
width_narrow,Narrow-width A540 W20 ID27 / C3,72,0.488,112.4924794280132,0.0,True,True,included,included
width_narrow,Narrow-width A540 W20 ID27 / C3,73,0.357,144.3546363585515,0.0,True,True,included,included
width_narrow,Narrow-width A540 W20 ID27 / C3,74,0.44,115.3220674976171,0.0,True,True,included,included
width_narrow,Narrow-width A540 W20 ID27 / C3,75,0.482,252.88474631416977,0.0,True,True,included,included
width_narrow,Narrow-width A540 W20 ID27 / C3,76,0.398,53.75679905120787,100.0,True,True,included,included
width_narrow,Narrow-width A540 W20 ID27 / C3,77,0.457,114.56057381340898,0.0,True,True,included,included
width_narrow,Narrow-width A540 W20 ID27 / C3,78,0.378,102.87823474685882,100.0,True,True,included,included
width_narrow,Narrow-width A540 W20 ID27 / C3,79,0.37,140.28435371398413,100.0,True,True,included,included
width_narrow,Narrow-width A540 W20 ID27 / C3,80,0.573,142.77332192981282,0.0,True,True,included,included
width_narrow,Narrow-width A540 W20 ID27 / C3,81,0.638,67.24786620030223,0.0,True,True,included,included
width_narrow,Narrow-width A540 W20 ID27 / C3,82,0.53,88.45410428077346,0.0,True,True,included,included
width_narrow,Narrow-width A540 W20 ID27 / C3,83,0.543,40.65328752161232,100.0,True,True,included,included
width_narrow,Narrow-width A540 W20 ID27 / C3,84,0.682,201.32193760661457,0.0,True,True,included,included
width_narrow,Narrow-width A540 W20 ID27 / C3,85,0.554,489.89528332097893,0.0,True,True,included,included
width_narrow,Narrow-width A540 W20 ID27 / C3,86,0.596,88.57838859401176,0.0,True,True,included,included
width_narrow,Narrow-width A540 W20 ID27 / C3,87,0.635,64.43097694946431,0.0,True,True,included,included
width_narrow,Narrow-width A540 W20 ID27 / C3,88,0.532,98.32050260863934,0.0,True,True,included,included
width_narrow,Narrow-width A540 W20 ID27 / C3,89,0.539,44.082093716827046,0.0,True,True,included,included
width_narrow,Narrow-width A540 W20 ID27 / C3,90,0.595,66.62907727040408,0.0,True,True,included,included
width_narrow,Narrow-width A540 W20 ID27 / C3,91,0.628,39.52271029538617,0.0,True,True,included,included
width_narrow,Narrow-width A540 W20 ID27 / C3,92,0.621,90.27580801150528,0.0,True,True,included,included
width_narrow,Narrow-width A540 W20 ID27 / C3,93,0.658,82.80203060566649,0.0,True,True,included,included
width_narrow,Narrow-width A540 W20 ID27 / C3,94,0.592,147.63988096744268,0.0,True,True,included,included
width_narrow,Narrow-width A540 W20 ID27 / C3,95,0.556,95.26414195331269,0.0,True,True,included,included
width_narrow,Narrow-width A540 W20 ID27 / C3,96,0.554,50.69695781444103,0.0,True,True,included,included
width_narrow,Narrow-width A540 W20 ID27 / C3,97,0.513,63.790890536621546,0.0,True,True,included,included
width_narrow,Narrow-width A540 W20 ID27 / C3,98,0.491,163.33743866530122,0.0,True,True,included,included
width_narrow,Narrow-width A540 W20 ID27 / C3,99,,,100.0,False,False,core_incomplete,core_incomplete
width_narrow,Narrow-width A540 W20 ID27 / C3,100,0.579,202.75409755612455,0.0,True,True,included,included
width_narrow,Narrow-width A540 W20 ID27 / C3,101,0.688,50.03820225736598,0.0,True,True,included,included
width_narrow,Narrow-width A540 W20 ID27 / C3,102,0.711,45.587084459051255,0.0,True,True,included,included
width_narrow,Narrow-width A540 W20 ID27 / C3,103,0.549,91.83445874323144,0.0,True,True,included,included
width_narrow,Narrow-width A540 W20 ID27 / C3,104,0.503,273.30261750029007,0.0,True,True,included,included
width_narrow,Narrow-width A540 W20 ID27 / C3,105,0.612,502.6899056769516,0.0,True,True,included,included
width_narrow,Narrow-width A540 W20 ID27 / C3,106,0.689,36.74591144801213,100.0,True,True,included,included
width_narrow,Narrow-width A540 W20 ID27 / C3,107,0.645,46.777348506607474,100.0,True,True,included,included
width_narrow,Narrow-width A540 W20 ID27 / C3,108,0.608,28.481654797692677,100.0,True,True,included,included
width_narrow,Narrow-width A540 W20 ID27 / C3,109,,,0.0,False,False,mt_outlier,mt_outlier
width_narrow,Narrow-width A540 W20 ID27 / C3,110,0.612,62.92523294797582,0.0,True,True,included,included
width_narrow,Narrow-width A540 W20 ID27 / C3,111,0.631,225.9223112478888,0.0,True,True,included,included
width_narrow,Narrow-width A540 W20 ID27 / C3,112,0.648,115.21794832790523,0.0,True,True,included,included
width_narrow,Narrow-width A540 W20 ID27 / C3,113,0.526,223.12176390143793,0.0,True,True,included,included
width_narrow,Narrow-width A540 W20 ID27 / C3,114,0.582,166.88723048393504,0.0,True,True,included,included
width_narrow,Narrow-width A540 W20 ID27 / C3,115,0.622,42.15487721842397,0.0,True,True,included,included
width_narrow,Narrow-width A540 W20 ID27 / C3,116,0.503,197.06495851987913,0.0,True,True,included,included
width_narrow,Narrow-width A540 W20 ID27 / C3,117,0.587,141.24845816752398,0.0,True,True,included,included
width_narrow,Narrow-width A540 W20 ID27 / C3,118,0.582,118.9089696830092,0.0,True,True,included,included
width_narrow,Narrow-width A540 W20 ID27 / C3,119,0.549,109.578824309337,0.0,True,True,included,included
width_narrow,Narrow-width A540 W20 ID27 / C3,120,0.493,105.02447212962628,0.0,True,True,included,included
width_narrow,Narrow-width A540 W20 ID27 / C3,121,0.484,204.72471169001503,0.0,True,True,included,included
width_narrow,Narrow-width A540 W20 ID27 / C3,122,0.526,299.7386298892797,0.0,True,True,included,included
width_narrow,Narrow-width A540 W20 ID27 / C3,123,0.497,206.3500321196998,0.0,True,True,included,included
width_narrow,Narrow-width A540 W20 ID27 / C3,124,0.514,138.2428182762049,0.0,True,True,included,included
width_narrow,Narrow-width A540 W20 ID27 / C3,125,0.552,67.55188139462915,0.0,True,True,included,included
width_narrow,Narrow-width A540 W20 ID27 / C3,126,,,100.0,False,False,core_incomplete,core_incomplete
width_narrow,Narrow-width A540 W20 ID27 / C3,127,0.521,307.7879662327661,0.0,True,True,included,included
width_narrow,Narrow-width A540 W20 ID27 / C3,128,0.466,101.50678107843459,0.0,True,True,included,included
width_narrow,Narrow-width A540 W20 ID27 / C3,129,0.477,62.659394856881725,0.0,True,True,included,included
width_narrow,Narrow-width A540 W20 ID27 / C3,130,0.431,121.83023573539816,0.0,True,True,included,included
width_narrow,Narrow-width A540 W20 ID27 / C3,131,0.423,379.00115845816543,0.0,True,True,included,included
width_narrow,Narrow-width A540 W20 ID27 / C3,132,0.393,93.77784325691847,100.0,True,True,included,included
width_narrow,Narrow-width A540 W20 ID27 / C3,133,0.446,78.153974514026,0.0,True,True,included,included
width_narrow,Narrow-width A540 W20 ID27 / C3,134,0.442,162.74800003561083,0.0,True,True,included,included
width_narrow,Narrow-width A540 W20 ID27 / C3,135,0.464,109.65274855789106,0.0,True,True,included,included
width_narrow,Narrow-width A540 W20 ID27 / C3,136,0.478,102.42785400917003,0.0,True,True,included,included
width_narrow,Narrow-width A540 W20 ID27 / C3,137,0.44,271.47462871884915,0.0,True,True,included,included
width_narrow,Narrow-width A540 W20 ID27 / C3,138,0.403,111.1828060059635,0.0,True,True,included,included
width_narrow,Narrow-width A540 W20 ID27 / C3,139,0.32,237.69265183424196,0.0,True,True,included,included
width_narrow,Narrow-width A540 W20 ID27 / C3,140,0.324,176.4826411891215,0.0,True,True,included,included
width_narrow,Narrow-width A540 W20 ID27 / C3,141,0.438,121.79880833344674,0.0,True,True,included,included
width_narrow,Narrow-width A540 W20 ID27 / C3,142,0.343,136.34927144432777,0.0,True,True,included,included
width_narrow,Narrow-width A540 W20 ID27 / C3,143,0.383,368.58247991643225,0.0,True,True,included,included
width_narrow,Narrow-width A540 W20 ID27 / C3,144,0.341,65.75208111958543,100.0,True,True,included,included
width_narrow,Narrow-width A540 W20 ID27 / C3,145,0.438,99.38800296767087,0.0,True,True,included,included
width_narrow,Narrow-width A540 W20 ID27 / C3,146,0.404,128.52625674038703,0.0,True,True,included,included
width_narrow,Narrow-width A540 W20 ID27 / C3,147,0.282,75.36969361215333,100.0,True,True,included,included
width_narrow,Narrow-width A540 W20 ID27 / C3,148,0.411,365.0550946201152,0.0,True,True,included,included
width_narrow,Narrow-width A540 W20 ID27 / C3,149,0.426,,0.0,True,False,included,tpe_source_missing
width_narrow,Narrow-width A540 W20 ID27 / C3,150,0.399,183.3805309882208,0.0,True,True,included,included
width_narrow,Narrow-width A540 W20 ID27 / C3,151,0.433,161.98260802071763,0.0,True,True,included,included
width_narrow,Narrow-width A540 W20 ID27 / C3,152,0.396,261.17683478310187,0.0,True,True,included,included
width_narrow,Narrow-width A540 W20 ID27 / C3,153,0.383,287.3121075068309,0.0,True,True,included,included
width_narrow,Narrow-width A540 W20 ID27 / C3,154,0.276,215.82141611967253,0.0,True,True,included,included
width_narrow,Narrow-width A540 W20 ID27 / C3,155,0.335,110.26370631198967,0.0,True,True,included,included
width_narrow,Narrow-width A540 W20 ID27 / C3,156,0.35,174.04669271530437,0.0,True,True,included,included
width_narrow,Narrow-width A540 W20 ID27 / C3,157,0.363,158.19999546345647,0.0,True,True,included,included
width_narrow,Narrow-width A540 W20 ID27 / C3,158,0.35,89.99300504038352,0.0,True,True,included,included
width_narrow,Narrow-width A540 W20 ID27 / C3,159,0.415,180.18653221888226,0.0,True,True,included,included
width_narrow,Narrow-width A540 W20 ID27 / C3,160,0.402,138.0931872933299,0.0,True,True,included,included
width_narrow,Narrow-width A540 W20 ID27 / C3,161,0.427,403.8930285788816,0.0,True,True,included,included
width_narrow,Narrow-width A540 W20 ID27 / C3,162,0.385,98.85304561473465,0.0,True,True,included,included
width_narrow,Narrow-width A540 W20 ID27 / C3,163,0.439,135.94292945072652,0.0,True,True,included,included
width_narrow,Narrow-width A540 W20 ID27 / C3,164,0.414,667.5853061360269,0.0,True,True,included,included
width_narrow,Narrow-width A540 W20 ID27 / C3,165,0.43,262.8065715387673,0.0,True,True,included,included
width_narrow,Narrow-width A540 W20 ID27 / C3,166,0.477,101.28438583910025,0.0,True,True,included,included
width_narrow,Narrow-width A540 W20 ID27 / C3,167,0.383,156.02623728365202,0.0,True,True,included,included
width_narrow,Narrow-width A540 W20 ID27 / C3,168,0.409,136.10029912957899,0.0,True,True,included,included
width_narrow,Narrow-width A540 W20 ID27 / C3,169,0.415,194.24857819058894,0.0,True,True,included,included
width_narrow,Narrow-width A540 W20 ID27 / C3,170,0.377,125.65916493588371,0.0,True,True,included,included
width_narrow,Narrow-width A540 W20 ID27 / C3,171,0.339,122.81085798688497,0.0,True,True,included,included
width_narrow,Narrow-width A540 W20 ID27 / C3,172,0.371,189.64800609631058,0.0,True,True,included,included
width_narrow,Narrow-width A540 W20 ID27 / C3,173,0.365,229.67756576106598,0.0,True,True,included,included
width_narrow,Narrow-width A540 W20 ID27 / C3,174,0.375,180.50482704711018,0.0,True,True,included,included
width_narrow,Narrow-width A540 W20 ID27 / C3,175,0.347,414.4820481901925,0.0,True,True,included,included
width_narrow,Narrow-width A540 W20 ID27 / C3,176,0.306,211.2589335297052,0.0,True,True,included,included
width_narrow,Narrow-width A540 W20 ID27 / C3,177,0.311,123.08792906262264,0.0,True,True,included,included
width_narrow,Narrow-width A540 W20 ID27 / C3,178,0.363,310.9830360797102,0.0,True,True,included,included
width_narrow,Narrow-width A540 W20 ID27 / C3,179,0.42,125.87567075576578,0.0,True,True,included,included
width_narrow,Narrow-width A540 W20 ID27 / C3,180,0.399,201.3167857324086,0.0,True,True,included,included
width_narrow,Narrow-width A540 W20 ID27 / C3,181,0.422,79.94495296295557,0.0,True,True,included,included
width_narrow,Narrow-width A540 W20 ID27 / C3,182,0.425,232.49128983134077,0.0,True,True,included,included
width_narrow,Narrow-width A540 W20 ID27 / C3,183,0.408,96.25120055648354,0.0,True,True,included,included
width_narrow,Narrow-width A540 W20 ID27 / C3,184,0.342,275.5663015059304,0.0,True,True,included,included
width_narrow,Narrow-width A540 W20 ID27 / C3,185,0.406,304.13067017318485,0.0,True,True,included,included
width_narrow,Narrow-width A540 W20 ID27 / C3,186,0.398,170.66761479967687,0.0,True,True,included,included
width_narrow,Narrow-width A540 W20 ID27 / C3,187,0.392,151.96242469583274,0.0,True,True,included,included
width_narrow,Narrow-width A540 W20 ID27 / C3,188,0.344,347.1643489654132,0.0,True,True,included,included
width_narrow,Narrow-width A540 W20 ID27 / C3,189,0.347,314.8060053199536,0.0,True,True,included,included
width_narrow,Narrow-width A540 W20 ID27 / C3,190,0.354,275.38942598972966,0.0,True,True,included,included
width_narrow,Narrow-width A540 W20 ID27 / C3,191,0.359,163.40106495565186,100.0,True,True,included,included
width_narrow,Narrow-width A540 W20 ID27 / C3,192,0.315,337.7850538262158,0.0,True,True,included,included
width_narrow,Narrow-width A540 W20 ID27 / C3,193,0.237,208.24496228955502,100.0,True,True,included,included
width_narrow,Narrow-width A540 W20 ID27 / C3,194,0.491,152.46941451430376,0.0,True,True,included,included
width_narrow,Narrow-width A540 W20 ID27 / C3,195,0.402,284.6885483575408,0.0,True,True,included,included
width_narrow,Narrow-width A540 W20 ID27 / C3,196,0.448,47.076584710263575,100.0,True,True,included,included
width_narrow,Narrow-width A540 W20 ID27 / C3,197,0.351,267.3316769709111,0.0,True,True,included,included
width_narrow,Narrow-width A540 W20 ID27 / C3,198,0.356,271.49759765474676,0.0,True,True,included,included
width_narrow,Narrow-width A540 W20 ID27 / C3,199,0.329,263.4601636988745,0.0,True,True,included,included
width_narrow,Narrow-width A540 W20 ID27 / C3,200,0.334,576.0235905412258,0.0,True,True,included,included
width_narrow,Narrow-width A540 W20 ID27 / C3,201,0.344,349.3661258897393,0.0,True,True,included,included
width_narrow,Narrow-width A540 W20 ID27 / C3,202,0.374,346.8996772214179,0.0,True,True,included,included
width_narrow,Narrow-width A540 W20 ID27 / C3,203,0.355,390.8414039360289,0.0,True,True,included,included
width_narrow,Narrow-width A540 W20 ID27 / C3,204,0.366,173.63731024624008,0.0,True,True,included,included
width_narrow,Narrow-width A540 W20 ID27 / C3,205,0.404,305.31339362486307,0.0,True,True,included,included
width_narrow,Narrow-width A540 W20 ID27 / C3,206,0.345,122.61136479123068,0.0,True,True,included,included
width_narrow,Narrow-width A540 W20 ID27 / C3,207,0.346,113.12183714117664,0.0,True,True,included,included
