condition_number,condition,condition_label,metric,reason,n_trials,percent
1,width_wide,Wide-width A1000 W50 ID20 / C1,MT,deviation_ratio_excluded,1,0.33333333333333337
1,width_wide,Wide-width A1000 W50 ID20 / C1,MT,included,266,88.66666666666667
1,width_wide,Wide-width A1000 W50 ID20 / C1,MT,not_performance_trial,33,11.0
1,width_wide,Wide-width A1000 W50 ID20 / C1,TPe,deviation_ratio_excluded,1,0.33333333333333337
1,width_wide,Wide-width A1000 W50 ID20 / C1,TPe,included,266,88.66666666666667
1,width_wide,Wide-width A1000 W50 ID20 / C1,TPe,not_performance_trial,33,11.0
2,width_narrow,Narrow-width A1000 W20 ID50 / C2,MT,included,219,73.0
2,width_narrow,Narrow-width A1000 W20 ID50 / C2,MT,mt_outlier,3,1.0
2,width_narrow,Narrow-width A1000 W20 ID50 / C2,MT,not_performance_trial,78,26.0
2,width_narrow,Narrow-width A1000 W20 ID50 / C2,TPe,included,219,73.0
2,width_narrow,Narrow-width A1000 W20 ID50 / C2,TPe,mt_outlier,3,1.0
2,width_narrow,Narrow-width A1000 W20 ID50 / C2,TPe,not_performance_trial,78,26.0
3,length_long,Long-distance A1500 W30 ID50 / C3,MT,deviation_ratio_excluded,1,0.33333333333333337
3,length_long,Long-distance A1500 W30 ID50 / C3,MT,included,203,67.66666666666666
3,length_long,Long-distance A1500 W30 ID50 / C3,MT,mt_outlier,1,0.33333333333333337
3,length_long,Long-distance A1500 W30 ID50 / C3,MT,not_performance_trial,95,31.666666666666664
3,length_long,Long-distance A1500 W30 ID50 / C3,TPe,deviation_ratio_excluded,1,0.33333333333333337
3,length_long,Long-distance A1500 W30 ID50 / C3,TPe,included,203,67.66666666666666
3,length_long,Long-distance A1500 W30 ID50 / C3,TPe,mt_outlier,1,0.33333333333333337
3,length_long,Long-distance A1500 W30 ID50 / C3,TPe,not_performance_trial,95,31.666666666666664
4,length_short,Short-distance A600 W30 ID20 / C4,MT,included,256,85.33333333333334
4,length_short,Short-distance A600 W30 ID20 / C4,MT,not_performance_trial,44,14.666666666666666
4,length_short,Short-distance A600 W30 ID20 / C4,TPe,included,256,85.33333333333334
4,length_short,Short-distance A600 W30 ID20 / C4,TPe,not_performance_trial,44,14.666666666666666
