metric,param,contrast,mean,ci_low,ci_high,p_two_sided_approx,status
MT_success,a,same_ID27_length_long_minus_width_narrow,0.23091835450548237,,,,too_few_participants
MT_success,b,same_ID27_length_long_minus_width_narrow,0.7546871149867557,,,,too_few_participants
MT_success,c,same_ID27_length_long_minus_width_narrow,0.3679999999999991,,,,too_few_participants
MT_success,N50,same_ID27_length_long_minus_width_narrow,-646805.9728593258,,,,too_few_participants
MT_success,N80,same_ID27_length_long_minus_width_narrow,-31060120501894.97,,,,too_few_participants
MT_success,N90,same_ID27_length_long_minus_width_narrow,-2.008994481870583e+19,,,,too_few_participants
MT_success,N95,same_ID27_length_long_minus_width_narrow,-1.299434375323537e+25,,,,too_few_participants
inv_TPe,a,same_ID27_length_long_minus_width_narrow,0.0012994309972996533,,,,too_few_participants
inv_TPe,b,same_ID27_length_long_minus_width_narrow,0.3121134115452775,,,,too_few_participants
inv_TPe,c,same_ID27_length_long_minus_width_narrow,0.0033408102853366498,,,,too_few_participants
inv_TPe,N50,same_ID27_length_long_minus_width_narrow,-1611.3878693583451,,,,too_few_participants
inv_TPe,N80,same_ID27_length_long_minus_width_narrow,-28205436.72403021,,,,too_few_participants
inv_TPe,N90,same_ID27_length_long_minus_width_narrow,-45605548785.20322,,,,too_few_participants
inv_TPe,N95,same_ID27_length_long_minus_width_narrow,-73739763010259.9,,,,too_few_participants
inv_TPe_with_deviation,a,same_ID27_length_long_minus_width_narrow,0.0012994309972996533,,,,too_few_participants
inv_TPe_with_deviation,b,same_ID27_length_long_minus_width_narrow,0.3121134115452775,,,,too_few_participants
inv_TPe_with_deviation,c,same_ID27_length_long_minus_width_narrow,0.0033408102853366498,,,,too_few_participants
inv_TPe_with_deviation,N50,same_ID27_length_long_minus_width_narrow,-1611.3878693583451,,,,too_few_participants
inv_TPe_with_deviation,N80,same_ID27_length_long_minus_width_narrow,-28205436.72403021,,,,too_few_participants
inv_TPe_with_deviation,N90,same_ID27_length_long_minus_width_narrow,-45605548785.20322,,,,too_few_participants
inv_TPe_with_deviation,N95,same_ID27_length_long_minus_width_narrow,-73739763010259.9,,,,too_few_participants
ER_block20,a,same_ID27_length_long_minus_width_narrow,-0.23017759085221717,,,,too_few_participants
ER_block20,b,same_ID27_length_long_minus_width_narrow,-0.20492331844796272,,,,too_few_participants
ER_block20,c,same_ID27_length_long_minus_width_narrow,9.935619335613612e-05,,,,too_few_participants
