source_file,participant,condition,phase,trial_original,totalTrial,attemptNumber,countedAsTrial,success,errorType,coreEntryMs,coreExitMs,coreMtMs,core_entered,core_completed,core_eligible,core_exclusion_reason,core_observed_ms,core_deviation_known,core_deviated,core_deviation_count,core_deviation_total_ms,core_max_deviation_px,core_excessive_deviation,core_error,core_error_type
same_id_steering_main_001_C2-C3_20260920_172235.csv,001,length_long,practice,1,1,1,True,False,near_goal_pointerup,358.0,1214.0,856.0,True,True,True,included,856.0,True,False,0.0,0.0,0.0,False,False,none
same_id_steering_main_001_C2-C3_20260920_172235.csv,001,length_long,practice,2,2,2,True,True,none,257.0,1045.0,788.0,True,True,True,included,788.0,True,False,0.0,0.0,0.0,False,False,none
same_id_steering_main_001_C2-C3_20260920_172235.csv,001,length_long,practice,3,3,3,True,True,none,208.0,850.0,642.0,True,True,True,included,642.0,True,False,0.0,0.0,0.0,False,False,none
same_id_steering_main_001_C2-C3_20260920_172235.csv,001,length_long,practice,4,4,4,True,True,none,209.0,839.0,630.0,True,True,True,included,630.0,True,False,0.0,0.0,0.0,False,False,none
same_id_steering_main_001_C2-C3_20260920_172235.csv,001,length_long,practice,5,5,5,True,True,none,209.0,860.0,651.0,True,True,True,included,651.0,True,False,0.0,0.0,0.0,False,False,none
same_id_steering_main_001_C2-C3_20260920_172235.csv,001,length_long,practice,6,6,6,True,True,none,163.0,715.0,552.0,True,True,True,included,552.0,True,False,0.0,0.0,0.0,False,False,none
same_id_steering_main_001_C2-C3_20260920_172235.csv,001,length_long,practice,7,7,7,True,True,none,170.0,698.0,528.0,True,True,True,included,528.0,True,False,0.0,0.0,0.0,False,False,none
same_id_steering_main_001_C2-C3_20260920_172235.csv,001,length_long,practice,8,8,8,True,False,near_goal_pointerup,189.0,744.0,555.0,True,True,True,included,555.0,True,False,0.0,0.0,0.0,False,False,none
same_id_steering_main_001_C2-C3_20260920_172235.csv,001,length_long,practice,9,9,9,True,True,none,216.0,772.0,556.0,True,True,True,included,556.0,True,False,0.0,0.0,0.0,False,False,none
same_id_steering_main_001_C2-C3_20260920_172235.csv,001,length_long,practice,10,10,10,True,True,none,218.0,723.0,505.0,True,True,True,included,505.0,True,False,0.0,0.0,0.0,False,False,none
same_id_steering_main_001_C2-C3_20260920_172235.csv,001,length_long,practice,11,11,11,True,False,near_goal_pointerup,199.0,669.0,470.0,True,True,True,included,470.0,True,False,0.0,0.0,0.0,False,False,none
same_id_steering_main_001_C2-C3_20260920_172235.csv,001,length_long,practice,12,12,12,True,True,none,207.0,706.0,499.0,True,True,True,included,499.0,True,False,0.0,0.0,0.0,False,False,none
same_id_steering_main_001_C2-C3_20260920_172235.csv,001,length_long,practice,13,13,13,True,True,none,202.0,655.0,453.0,True,True,True,included,453.0,True,False,0.0,0.0,0.0,False,False,none
same_id_steering_main_001_C2-C3_20260920_172235.csv,001,length_long,practice,14,14,14,True,True,none,190.0,652.0,462.0,True,True,True,included,462.0,True,False,0.0,0.0,0.0,False,False,none
same_id_steering_main_001_C2-C3_20260920_172235.csv,001,length_long,practice,15,15,15,True,False,near_goal_pointerup,234.0,698.0,464.0,True,True,True,included,464.0,True,False,0.0,0.0,0.0,False,False,none
same_id_steering_main_001_C2-C3_20260920_172235.csv,001,length_long,practice,16,16,16,True,False,near_goal_pointerup,184.0,602.0,418.0,True,True,True,included,418.0,True,False,0.0,0.0,0.0,False,False,none
same_id_steering_main_001_C2-C3_20260920_172235.csv,001,length_long,practice,17,17,17,True,False,near_goal_pointerup,188.0,600.0,412.0,True,True,True,included,412.0,True,False,0.0,0.0,0.0,False,False,none
same_id_steering_main_001_C2-C3_20260920_172235.csv,001,length_long,practice,18,18,18,True,True,none,209.0,705.0,496.0,True,True,True,included,496.0,True,False,0.0,0.0,0.0,False,False,none
same_id_steering_main_001_C2-C3_20260920_172235.csv,001,length_long,practice,19,19,19,True,True,none,214.0,815.0,601.0,True,True,True,included,601.0,True,False,0.0,0.0,0.0,False,False,none
same_id_steering_main_001_C2-C3_20260920_172235.csv,001,length_long,practice,20,20,20,True,True,none,172.0,656.0,484.0,True,True,True,included,484.0,True,False,0.0,0.0,0.0,False,False,none
same_id_steering_main_001_C2-C3_20260920_172235.csv,001,length_long,practice,21,21,21,True,True,none,171.0,584.0,413.0,True,True,True,included,413.0,True,False,0.0,0.0,0.0,False,False,none
same_id_steering_main_001_C2-C3_20260920_172235.csv,001,length_long,practice,22,22,22,True,True,none,224.0,680.0,456.0,True,True,True,included,456.0,True,False,0.0,0.0,0.0,False,False,none
same_id_steering_main_001_C2-C3_20260920_172235.csv,001,length_long,practice,23,23,23,True,True,none,245.0,721.0,476.0,True,True,True,included,476.0,True,False,0.0,0.0,0.0,False,False,none
same_id_steering_main_001_C2-C3_20260920_172235.csv,001,length_long,practice,24,24,24,True,True,none,210.0,729.0,519.0,True,True,True,included,519.0,True,False,0.0,0.0,0.0,False,False,none
same_id_steering_main_001_C2-C3_20260920_172235.csv,001,length_long,practice,25,25,25,True,True,none,254.0,762.0,508.0,True,True,True,included,508.0,True,False,0.0,0.0,0.0,False,False,none
same_id_steering_main_001_C2-C3_20260920_172235.csv,001,length_long,practice,26,26,26,True,True,none,193.0,673.0,480.0,True,True,True,included,480.0,True,False,0.0,0.0,0.0,False,False,none
same_id_steering_main_001_C2-C3_20260920_172235.csv,001,length_long,practice,27,27,27,True,True,none,160.0,580.0,420.0,True,True,True,included,420.0,True,False,0.0,0.0,0.0,False,False,none
same_id_steering_main_001_C2-C3_20260920_172235.csv,001,length_long,practice,28,28,28,True,True,none,138.0,483.0,345.0,True,True,True,included,345.0,True,False,0.0,0.0,0.0,False,False,none
same_id_steering_main_001_C2-C3_20260920_172235.csv,001,length_long,practice,29,29,29,True,True,none,205.0,547.0,342.0,True,True,True,included,342.0,True,False,0.0,0.0,0.0,False,False,none
same_id_steering_main_001_C2-C3_20260920_172235.csv,001,length_long,practice,30,30,30,True,True,none,178.0,577.0,399.0,True,True,True,included,399.0,True,False,0.0,0.0,0.0,False,False,none
same_id_steering_main_001_C2-C3_20260920_172235.csv,001,length_long,practice,31,31,31,True,True,none,165.0,540.0,375.0,True,True,True,included,375.0,True,False,0.0,0.0,0.0,False,False,none
same_id_steering_main_001_C2-C3_20260920_172235.csv,001,length_long,practice,32,32,32,True,True,none,163.0,545.0,382.0,True,True,True,included,382.0,True,False,0.0,0.0,0.0,False,False,none
same_id_steering_main_001_C2-C3_20260920_172235.csv,001,length_long,practice,33,33,33,True,True,deviation,191.0,627.0,436.0,True,True,True,included,436.0,True,True,1.0,157.0,3.0,False,True,core_deviation
same_id_steering_main_001_C2-C3_20260920_172235.csv,001,length_long,practice,34,34,34,True,True,none,180.0,665.0,485.0,True,True,True,included,485.0,True,False,0.0,0.0,0.0,False,False,none
same_id_steering_main_001_C2-C3_20260920_172235.csv,001,length_long,practice,35,35,35,True,True,none,193.0,663.0,470.0,True,True,True,included,470.0,True,False,0.0,0.0,0.0,False,False,none
same_id_steering_main_001_C2-C3_20260920_172235.csv,001,length_long,practice,36,36,36,True,True,deviation,214.0,689.0,475.0,True,True,True,included,475.0,True,True,1.0,266.0,8.0,False,True,core_deviation
same_id_steering_main_001_C2-C3_20260920_172235.csv,001,length_long,practice,37,37,37,True,True,none,180.0,665.0,485.0,True,True,True,included,485.0,True,False,0.0,0.0,0.0,False,False,none
same_id_steering_main_001_C2-C3_20260920_172235.csv,001,length_long,practice,38,38,38,True,True,none,230.0,617.0,387.0,True,True,True,included,387.0,True,False,0.0,0.0,0.0,False,False,none
same_id_steering_main_001_C2-C3_20260920_172235.csv,001,length_long,practice,39,39,39,True,True,none,199.0,676.0,477.0,True,True,True,included,477.0,True,False,0.0,0.0,0.0,False,False,none
same_id_steering_main_001_C2-C3_20260920_172235.csv,001,length_long,practice,40,40,40,True,True,none,149.0,593.0,444.0,True,True,True,included,444.0,True,False,0.0,0.0,0.0,False,False,none
same_id_steering_main_001_C2-C3_20260920_172235.csv,001,length_long,practice,41,41,41,True,True,none,178.0,540.0,362.0,True,True,True,included,362.0,True,False,0.0,0.0,0.0,False,False,none
same_id_steering_main_001_C2-C3_20260920_172235.csv,001,length_long,practice,42,42,42,True,True,none,181.0,552.0,371.0,True,True,True,included,371.0,True,False,0.0,0.0,0.0,False,False,none
same_id_steering_main_001_C2-C3_20260920_172235.csv,001,length_long,practice,43,43,43,True,True,none,168.0,569.0,401.0,True,True,True,included,401.0,True,False,0.0,0.0,0.0,False,False,none
same_id_steering_main_001_C2-C3_20260920_172235.csv,001,length_long,practice,44,44,44,True,True,none,200.0,588.0,388.0,True,True,True,included,388.0,True,False,0.0,0.0,0.0,False,False,none
same_id_steering_main_001_C2-C3_20260920_172235.csv,001,length_long,practice,45,45,45,True,True,none,174.0,571.0,397.0,True,True,True,included,397.0,True,False,0.0,0.0,0.0,False,False,none
same_id_steering_main_001_C2-C3_20260920_172235.csv,001,length_long,practice,46,46,46,True,True,none,176.0,561.0,385.0,True,True,True,included,385.0,True,False,0.0,0.0,0.0,False,False,none
same_id_steering_main_001_C2-C3_20260920_172235.csv,001,length_long,practice,47,47,47,True,True,none,155.0,523.0,368.0,True,True,True,included,368.0,True,False,0.0,0.0,0.0,False,False,none
same_id_steering_main_001_C2-C3_20260920_172235.csv,001,length_long,practice,48,48,48,True,True,none,192.0,555.0,363.0,True,True,True,included,363.0,True,False,0.0,0.0,0.0,False,False,none
same_id_steering_main_001_C2-C3_20260920_172235.csv,001,length_long,practice,49,49,49,True,True,none,162.0,580.0,418.0,True,True,True,included,418.0,True,False,0.0,0.0,0.0,False,False,none
same_id_steering_main_001_C2-C3_20260920_172235.csv,001,length_long,practice,50,50,50,True,True,none,123.0,437.0,314.0,True,True,True,included,314.0,True,False,0.0,0.0,0.0,False,False,none
same_id_steering_main_001_C2-C3_20260920_172235.csv,001,length_long,practice,51,51,51,True,True,deviation,142.0,466.0,324.0,True,True,True,included,324.0,True,False,0.0,0.0,0.0,False,False,none
same_id_steering_main_001_C2-C3_20260920_172235.csv,001,length_long,practice,52,52,52,True,True,deviation,150.0,529.0,379.0,True,True,True,included,379.0,True,True,1.0,120.0,4.0,False,True,core_deviation
same_id_steering_main_001_C2-C3_20260920_172235.csv,001,length_long,practice,53,53,53,True,True,none,166.0,563.0,397.0,True,True,True,included,397.0,True,False,0.0,0.0,0.0,False,False,none
same_id_steering_main_001_C2-C3_20260920_172235.csv,001,length_long,practice,54,54,54,True,True,none,197.0,618.0,421.0,True,True,True,included,421.0,True,False,0.0,0.0,0.0,False,False,none
same_id_steering_main_001_C2-C3_20260920_172235.csv,001,length_long,practice,55,55,55,True,True,none,208.0,638.0,430.0,True,True,True,included,430.0,True,False,0.0,0.0,0.0,False,False,none
same_id_steering_main_001_C2-C3_20260920_172235.csv,001,length_long,practice,56,56,56,True,True,none,184.0,571.0,387.0,True,True,True,included,387.0,True,False,0.0,0.0,0.0,False,False,none
same_id_steering_main_001_C2-C3_20260920_172235.csv,001,length_long,practice,57,57,57,True,True,none,163.0,560.0,397.0,True,True,True,included,397.0,True,False,0.0,0.0,0.0,False,False,none
same_id_steering_main_001_C2-C3_20260920_172235.csv,001,length_long,practice,58,58,58,True,True,none,203.0,580.0,377.0,True,True,True,included,377.0,True,False,0.0,0.0,0.0,False,False,none
same_id_steering_main_001_C2-C3_20260920_172235.csv,001,length_long,practice,59,59,59,True,True,deviation,190.0,519.0,329.0,True,True,True,included,329.0,True,True,1.0,43.0,1.0,False,True,core_deviation
same_id_steering_main_001_C2-C3_20260920_172235.csv,001,length_long,practice,60,60,60,True,True,none,189.0,552.0,363.0,True,True,True,included,363.0,True,False,0.0,0.0,0.0,False,False,none
same_id_steering_main_001_C2-C3_20260920_172235.csv,001,length_long,practice,61,61,61,True,True,none,247.0,569.0,322.0,True,True,True,included,322.0,True,False,0.0,0.0,0.0,False,False,none
same_id_steering_main_001_C2-C3_20260920_172235.csv,001,length_long,practice,62,62,62,True,True,none,193.0,540.0,347.0,True,True,True,included,347.0,True,False,0.0,0.0,0.0,False,False,none
same_id_steering_main_001_C2-C3_20260920_172235.csv,001,length_long,practice,63,63,63,True,True,none,148.0,448.0,300.0,True,True,True,included,300.0,True,False,0.0,0.0,0.0,False,False,none
same_id_steering_main_001_C2-C3_20260920_172235.csv,001,length_long,practice,64,64,64,True,False,near_goal_pointerup,153.0,521.0,368.0,True,True,True,included,368.0,True,False,0.0,0.0,0.0,False,False,none
same_id_steering_main_001_C2-C3_20260920_172235.csv,001,length_long,practice,65,65,65,True,True,none,172.0,617.0,445.0,True,True,True,included,445.0,True,False,0.0,0.0,0.0,False,False,none
same_id_steering_main_001_C2-C3_20260920_172235.csv,001,length_long,practice,66,66,66,True,True,none,178.0,595.0,417.0,True,True,True,included,417.0,True,False,0.0,0.0,0.0,False,False,none
same_id_steering_main_001_C2-C3_20260920_172235.csv,001,length_long,practice,67,67,67,True,False,near_goal_pointerup,227.0,587.0,360.0,True,True,True,included,360.0,True,False,0.0,0.0,0.0,False,False,none
same_id_steering_main_001_C2-C3_20260920_172235.csv,001,length_long,practice,68,68,68,True,True,none,188.0,581.0,393.0,True,True,True,included,393.0,True,False,0.0,0.0,0.0,False,False,none
same_id_steering_main_001_C2-C3_20260920_172235.csv,001,length_long,practice,69,69,69,True,True,none,184.0,554.0,370.0,True,True,True,included,370.0,True,False,0.0,0.0,0.0,False,False,none
same_id_steering_main_001_C2-C3_20260920_172235.csv,001,length_long,practice,70,70,70,True,True,none,182.0,607.0,425.0,True,True,True,included,425.0,True,False,0.0,0.0,0.0,False,False,none
same_id_steering_main_001_C2-C3_20260920_172235.csv,001,length_long,practice,71,71,71,True,True,none,179.0,521.0,342.0,True,True,True,included,342.0,True,False,0.0,0.0,0.0,False,False,none
same_id_steering_main_001_C2-C3_20260920_172235.csv,001,length_long,practice,72,72,72,True,True,none,179.0,548.0,369.0,True,True,True,included,369.0,True,False,0.0,0.0,0.0,False,False,none
same_id_steering_main_001_C2-C3_20260920_172235.csv,001,length_long,practice,73,73,73,True,True,none,215.0,533.0,318.0,True,True,True,included,318.0,True,False,0.0,0.0,0.0,False,False,none
same_id_steering_main_001_C2-C3_20260920_172235.csv,001,length_long,practice,74,74,74,True,True,none,167.0,464.0,297.0,True,True,True,included,297.0,True,False,0.0,0.0,0.0,False,False,none
same_id_steering_main_001_C2-C3_20260920_172235.csv,001,length_long,practice,75,75,75,True,True,none,212.0,535.0,323.0,True,True,True,included,323.0,True,False,0.0,0.0,0.0,False,False,none
same_id_steering_main_001_C2-C3_20260920_172235.csv,001,length_long,practice,76,76,76,True,True,none,190.0,530.0,340.0,True,True,True,included,340.0,True,False,0.0,0.0,0.0,False,False,none
same_id_steering_main_001_C2-C3_20260920_172235.csv,001,length_long,practice,77,77,77,True,True,none,227.0,469.0,242.0,True,True,True,included,242.0,True,False,0.0,0.0,0.0,False,False,none
same_id_steering_main_001_C2-C3_20260920_172235.csv,001,length_long,practice,78,78,78,True,True,none,164.0,501.0,337.0,True,True,True,included,337.0,True,False,0.0,0.0,0.0,False,False,none
same_id_steering_main_001_C2-C3_20260920_172235.csv,001,length_long,practice,79,79,79,True,True,none,183.0,542.0,359.0,True,True,True,included,359.0,True,False,0.0,0.0,0.0,False,False,none
same_id_steering_main_001_C2-C3_20260920_172235.csv,001,length_long,practice,80,80,80,True,False,near_goal_pointerup,158.0,468.0,310.0,True,True,True,included,310.0,True,False,0.0,0.0,0.0,False,False,none
same_id_steering_main_001_C2-C3_20260920_172235.csv,001,length_long,practice,81,81,81,True,True,none,159.0,429.0,270.0,True,True,True,included,270.0,True,False,0.0,0.0,0.0,False,False,none
same_id_steering_main_001_C2-C3_20260920_172235.csv,001,length_long,practice,82,82,82,True,True,none,170.0,429.0,259.0,True,True,True,included,259.0,True,False,0.0,0.0,0.0,False,False,none
same_id_steering_main_001_C2-C3_20260920_172235.csv,001,length_long,practice,83,83,83,True,True,none,175.0,508.0,333.0,True,True,True,included,333.0,True,False,0.0,0.0,0.0,False,False,none
same_id_steering_main_001_C2-C3_20260920_172235.csv,001,length_long,practice,84,84,84,True,True,deviation,190.0,481.0,291.0,True,True,True,included,291.0,True,True,1.0,35.0,4.0,False,True,core_deviation
same_id_steering_main_001_C2-C3_20260920_172235.csv,001,length_long,practice,85,85,85,True,True,none,174.0,563.0,389.0,True,True,True,included,389.0,True,False,0.0,0.0,0.0,False,False,none
same_id_steering_main_001_C2-C3_20260920_172235.csv,001,length_long,practice,86,86,86,True,True,none,161.0,537.0,376.0,True,True,True,included,376.0,True,False,0.0,0.0,0.0,False,False,none
same_id_steering_main_001_C2-C3_20260920_172235.csv,001,length_long,practice,87,87,87,False,False,pointerup_mid_path,,,,False,False,False,core_not_entered,,False,False,,,,False,False,unknown
same_id_steering_main_001_C2-C3_20260920_172235.csv,001,length_long,practice,87,87,88,True,True,none,141.0,516.0,375.0,True,True,True,included,375.0,True,False,0.0,0.0,0.0,False,False,none
same_id_steering_main_001_C2-C3_20260920_172235.csv,001,length_long,practice,88,88,89,True,True,none,193.0,537.0,344.0,True,True,True,included,344.0,True,False,0.0,0.0,0.0,False,False,none
same_id_steering_main_001_C2-C3_20260920_172235.csv,001,length_long,practice,89,89,90,True,True,none,165.0,572.0,407.0,True,True,True,included,407.0,True,False,0.0,0.0,0.0,False,False,none
same_id_steering_main_001_C2-C3_20260920_172235.csv,001,length_long,practice,90,90,91,True,False,near_goal_pointerup,195.0,668.0,473.0,True,True,True,included,473.0,True,False,0.0,0.0,0.0,False,False,none
same_id_steering_main_001_C2-C3_20260920_172235.csv,001,length_long,practice,91,91,92,True,True,none,180.0,583.0,403.0,True,True,True,included,403.0,True,False,0.0,0.0,0.0,False,False,none
same_id_steering_main_001_C2-C3_20260920_172235.csv,001,length_long,practice,92,92,93,True,False,near_goal_pointerup,225.0,623.0,398.0,True,True,True,included,398.0,True,False,0.0,0.0,0.0,False,False,none
same_id_steering_main_001_C2-C3_20260920_172235.csv,001,length_long,practice,93,93,94,True,True,none,176.0,600.0,424.0,True,True,True,included,424.0,True,False,0.0,0.0,0.0,False,False,none
same_id_steering_main_001_C2-C3_20260920_172235.csv,001,length_long,practice,94,94,95,True,True,none,214.0,623.0,409.0,True,True,True,included,409.0,True,False,0.0,0.0,0.0,False,False,none
same_id_steering_main_001_C2-C3_20260920_172235.csv,001,length_long,practice,95,95,96,True,True,none,165.0,535.0,370.0,True,True,True,included,370.0,True,False,0.0,0.0,0.0,False,False,none
same_id_steering_main_001_C2-C3_20260920_172235.csv,001,length_long,practice,96,96,97,True,True,none,115.0,466.0,351.0,True,True,True,included,351.0,True,False,0.0,0.0,0.0,False,False,none
same_id_steering_main_001_C2-C3_20260920_172235.csv,001,length_long,practice,97,97,98,True,True,none,196.0,580.0,384.0,True,True,True,included,384.0,True,False,0.0,0.0,0.0,False,False,none
same_id_steering_main_001_C2-C3_20260920_172235.csv,001,length_long,practice,98,98,99,True,True,none,156.0,548.0,392.0,True,True,True,included,392.0,True,False,0.0,0.0,0.0,False,False,none
same_id_steering_main_001_C2-C3_20260920_172235.csv,001,length_long,practice,99,99,100,True,True,none,171.0,562.0,391.0,True,True,True,included,391.0,True,False,0.0,0.0,0.0,False,False,none
same_id_steering_main_001_C2-C3_20260920_172235.csv,001,length_long,practice,100,100,101,True,True,none,147.0,504.0,357.0,True,True,True,included,357.0,True,False,0.0,0.0,0.0,False,False,none
same_id_steering_main_001_C2-C3_20260920_172235.csv,001,length_long,practice,101,101,102,True,True,none,225.0,749.0,524.0,True,True,True,included,524.0,True,False,0.0,0.0,0.0,False,False,none
same_id_steering_main_001_C2-C3_20260920_172235.csv,001,length_long,practice,102,102,103,False,False,pointerup_mid_path,,,,False,False,False,core_not_entered,,False,False,,,,False,False,unknown
same_id_steering_main_001_C2-C3_20260920_172235.csv,001,length_long,practice,102,102,104,True,True,none,201.0,615.0,414.0,True,True,True,included,414.0,True,False,0.0,0.0,0.0,False,False,none
same_id_steering_main_001_C2-C3_20260920_172235.csv,001,length_long,practice,103,103,105,True,True,none,157.0,474.0,317.0,True,True,True,included,317.0,True,False,0.0,0.0,0.0,False,False,none
same_id_steering_main_001_C2-C3_20260920_172235.csv,001,length_long,practice,104,104,106,True,True,none,146.0,544.0,398.0,True,True,True,included,398.0,True,False,0.0,0.0,0.0,False,False,none
same_id_steering_main_001_C2-C3_20260920_172235.csv,001,length_long,practice,105,105,107,True,True,none,148.0,571.0,423.0,True,True,True,included,423.0,True,False,0.0,0.0,0.0,False,False,none
same_id_steering_main_001_C2-C3_20260920_172235.csv,001,length_long,practice,106,106,108,True,True,deviation,195.0,639.0,444.0,True,True,True,included,444.0,True,True,1.0,10.0,2.0,False,True,core_deviation
same_id_steering_main_001_C2-C3_20260920_172235.csv,001,length_long,practice,107,107,109,True,True,none,183.0,636.0,453.0,True,True,True,included,453.0,True,False,0.0,0.0,0.0,False,False,none
same_id_steering_main_001_C2-C3_20260920_172235.csv,001,length_long,practice,108,108,110,True,True,none,204.0,623.0,419.0,True,True,True,included,419.0,True,False,0.0,0.0,0.0,False,False,none
same_id_steering_main_001_C2-C3_20260920_172235.csv,001,length_long,practice,109,109,111,True,True,none,172.0,620.0,448.0,True,True,True,included,448.0,True,False,0.0,0.0,0.0,False,False,none
same_id_steering_main_001_C2-C3_20260920_172235.csv,001,length_long,practice,110,110,112,True,True,none,166.0,584.0,418.0,True,True,True,included,418.0,True,False,0.0,0.0,0.0,False,False,none
same_id_steering_main_001_C2-C3_20260920_172235.csv,001,length_long,practice,111,111,113,True,True,none,249.0,640.0,391.0,True,True,True,included,391.0,True,False,0.0,0.0,0.0,False,False,none
same_id_steering_main_001_C2-C3_20260920_172235.csv,001,length_long,practice,112,112,114,True,False,near_goal_pointerup,153.0,525.0,372.0,True,True,True,included,372.0,True,False,0.0,0.0,0.0,False,False,none
same_id_steering_main_001_C2-C3_20260920_172235.csv,001,length_long,practice,113,113,115,True,True,deviation,163.0,526.0,363.0,True,True,True,included,363.0,True,True,1.0,301.0,9.0,False,True,core_deviation
same_id_steering_main_001_C2-C3_20260920_172235.csv,001,length_long,practice,114,114,116,True,True,none,182.0,658.0,476.0,True,True,True,included,476.0,True,False,0.0,0.0,0.0,False,False,none
same_id_steering_main_001_C2-C3_20260920_172235.csv,001,length_long,practice,115,115,117,True,True,deviation,165.0,561.0,396.0,True,True,True,included,396.0,True,True,1.0,109.0,3.0,False,True,core_deviation
same_id_steering_main_001_C2-C3_20260920_172235.csv,001,length_long,practice,116,116,118,False,False,pointerup_mid_path,,,,False,False,False,core_not_entered,,False,False,,,,False,False,unknown
same_id_steering_main_001_C2-C3_20260920_172235.csv,001,length_long,practice,116,116,119,True,True,none,194.0,677.0,483.0,True,True,True,included,483.0,True,False,0.0,0.0,0.0,False,False,none
same_id_steering_main_001_C2-C3_20260920_172235.csv,001,length_long,practice,117,117,120,True,True,none,182.0,584.0,402.0,True,True,True,included,402.0,True,False,0.0,0.0,0.0,False,False,none
same_id_steering_main_001_C2-C3_20260920_172235.csv,001,length_long,practice,118,118,121,True,False,near_goal_pointerup,201.0,588.0,387.0,True,True,True,included,387.0,True,False,0.0,0.0,0.0,False,False,none
same_id_steering_main_001_C2-C3_20260920_172235.csv,001,length_long,practice,119,119,122,True,True,none,217.0,577.0,360.0,True,True,True,included,360.0,True,False,0.0,0.0,0.0,False,False,none
same_id_steering_main_001_C2-C3_20260920_172235.csv,001,length_long,practice,120,120,123,False,False,pointerup_mid_path,,,,False,False,False,core_not_entered,,False,False,,,,False,False,unknown
same_id_steering_main_001_C2-C3_20260920_172235.csv,001,length_long,practice,120,120,124,True,True,none,177.0,609.0,432.0,True,True,True,included,432.0,True,False,0.0,0.0,0.0,False,False,none
same_id_steering_main_001_C2-C3_20260920_172235.csv,001,length_long,practice,121,121,125,True,True,none,177.0,507.0,330.0,True,True,True,included,330.0,True,False,0.0,0.0,0.0,False,False,none
same_id_steering_main_001_C2-C3_20260920_172235.csv,001,length_long,practice,122,122,126,True,True,none,182.0,582.0,400.0,True,True,True,included,400.0,True,False,0.0,0.0,0.0,False,False,none
same_id_steering_main_001_C2-C3_20260920_172235.csv,001,length_long,practice,123,123,127,True,True,none,179.0,582.0,403.0,True,True,True,included,403.0,True,False,0.0,0.0,0.0,False,False,none
same_id_steering_main_001_C2-C3_20260920_172235.csv,001,length_long,practice,124,124,128,True,True,none,214.0,610.0,396.0,True,True,True,included,396.0,True,False,0.0,0.0,0.0,False,False,none
same_id_steering_main_001_C2-C3_20260920_172235.csv,001,length_long,practice,125,125,129,False,False,pointerup_mid_path,,,,False,False,False,core_not_entered,,False,False,,,,False,False,unknown
same_id_steering_main_001_C2-C3_20260920_172235.csv,001,length_long,practice,125,125,130,True,True,deviation,202.0,595.0,393.0,True,True,True,included,393.0,True,False,0.0,0.0,0.0,False,False,none
same_id_steering_main_001_C2-C3_20260920_172235.csv,001,length_long,practice,126,126,131,True,True,none,183.0,560.0,377.0,True,True,True,included,377.0,True,False,0.0,0.0,0.0,False,False,none
same_id_steering_main_001_C2-C3_20260920_172235.csv,001,length_long,practice,127,127,132,True,True,none,161.0,552.0,391.0,True,True,True,included,391.0,True,False,0.0,0.0,0.0,False,False,none
same_id_steering_main_001_C2-C3_20260920_172235.csv,001,length_long,practice,128,128,133,True,True,none,171.0,563.0,392.0,True,True,True,included,392.0,True,False,0.0,0.0,0.0,False,False,none
same_id_steering_main_001_C2-C3_20260920_172235.csv,001,length_long,practice,129,129,134,True,True,none,173.0,520.0,347.0,True,True,True,included,347.0,True,False,0.0,0.0,0.0,False,False,none
same_id_steering_main_001_C2-C3_20260920_172235.csv,001,length_long,practice,130,130,135,True,True,none,195.0,553.0,358.0,True,True,True,included,358.0,True,False,0.0,0.0,0.0,False,False,none
same_id_steering_main_001_C2-C3_20260920_172235.csv,001,length_long,practice,131,131,136,True,True,none,201.0,568.0,367.0,True,True,True,included,367.0,True,False,0.0,0.0,0.0,False,False,none
same_id_steering_main_001_C2-C3_20260920_172235.csv,001,length_long,practice,132,132,137,True,True,none,218.0,555.0,337.0,True,True,True,included,337.0,True,False,0.0,0.0,0.0,False,False,none
same_id_steering_main_001_C2-C3_20260920_172235.csv,001,length_long,practice,133,133,138,True,True,none,208.0,595.0,387.0,True,True,True,included,387.0,True,False,0.0,0.0,0.0,False,False,none
same_id_steering_main_001_C2-C3_20260920_172235.csv,001,length_long,practice,134,134,139,True,True,none,183.0,588.0,405.0,True,True,True,included,405.0,True,False,0.0,0.0,0.0,False,False,none
same_id_steering_main_001_C2-C3_20260920_172235.csv,001,length_long,practice,135,135,140,True,True,none,201.0,569.0,368.0,True,True,True,included,368.0,True,False,0.0,0.0,0.0,False,False,none
same_id_steering_main_001_C2-C3_20260920_172235.csv,001,length_long,practice,136,136,141,True,True,none,187.0,573.0,386.0,True,True,True,included,386.0,True,False,0.0,0.0,0.0,False,False,none
same_id_steering_main_001_C2-C3_20260920_172235.csv,001,length_long,practice,137,137,142,True,True,none,253.0,615.0,362.0,True,True,True,included,362.0,True,False,0.0,0.0,0.0,False,False,none
same_id_steering_main_001_C2-C3_20260920_172235.csv,001,length_long,practice,138,138,143,True,True,none,194.0,535.0,341.0,True,True,True,included,341.0,True,False,0.0,0.0,0.0,False,False,none
same_id_steering_main_001_C2-C3_20260920_172235.csv,001,length_long,practice,139,139,144,True,True,none,150.0,498.0,348.0,True,True,True,included,348.0,True,False,0.0,0.0,0.0,False,False,none
same_id_steering_main_001_C2-C3_20260920_172235.csv,001,length_long,practice,140,140,145,True,True,none,201.0,565.0,364.0,True,True,True,included,364.0,True,False,0.0,0.0,0.0,False,False,none
same_id_steering_main_001_C2-C3_20260920_172235.csv,001,length_long,practice,141,141,146,True,True,deviation,194.0,621.0,427.0,True,True,True,included,427.0,True,True,1.0,162.0,4.0,False,True,core_deviation
same_id_steering_main_001_C2-C3_20260920_172235.csv,001,length_long,practice,142,142,147,True,True,none,188.0,579.0,391.0,True,True,True,included,391.0,True,False,0.0,0.0,0.0,False,False,none
same_id_steering_main_001_C2-C3_20260920_172235.csv,001,length_long,practice,143,143,148,True,True,none,198.0,509.0,311.0,True,True,True,included,311.0,True,False,0.0,0.0,0.0,False,False,none
same_id_steering_main_001_C2-C3_20260920_172235.csv,001,length_long,practice,144,144,149,True,True,none,184.0,526.0,342.0,True,True,True,included,342.0,True,False,0.0,0.0,0.0,False,False,none
same_id_steering_main_001_C2-C3_20260920_172235.csv,001,length_long,practice,145,145,150,True,True,none,175.0,518.0,343.0,True,True,True,included,343.0,True,False,0.0,0.0,0.0,False,False,none
same_id_steering_main_001_C2-C3_20260920_172235.csv,001,length_long,practice,146,146,151,True,True,none,198.0,568.0,370.0,True,True,True,included,370.0,True,False,0.0,0.0,0.0,False,False,none
same_id_steering_main_001_C2-C3_20260920_172235.csv,001,length_long,practice,147,147,152,False,False,pointerup_mid_path,,,,False,False,False,core_not_entered,,False,False,,,,False,False,unknown
same_id_steering_main_001_C2-C3_20260920_172235.csv,001,length_long,practice,147,147,153,True,True,none,227.0,640.0,413.0,True,True,True,included,413.0,True,False,0.0,0.0,0.0,False,False,none
same_id_steering_main_001_C2-C3_20260920_172235.csv,001,length_long,practice,148,148,154,True,True,none,234.0,650.0,416.0,True,True,True,included,416.0,True,False,0.0,0.0,0.0,False,False,none
same_id_steering_main_001_C2-C3_20260920_172235.csv,001,length_long,practice,149,149,155,True,True,none,202.0,653.0,451.0,True,True,True,included,451.0,True,False,0.0,0.0,0.0,False,False,none
same_id_steering_main_001_C2-C3_20260920_172235.csv,001,length_long,practice,150,150,156,True,False,near_goal_pointerup,227.0,618.0,391.0,True,True,True,included,391.0,True,True,1.0,113.0,2.0,False,True,core_deviation
same_id_steering_main_001_C2-C3_20260920_172235.csv,001,length_long,practice,151,151,157,True,True,none,203.0,499.0,296.0,True,True,True,included,296.0,True,False,0.0,0.0,0.0,False,False,none
same_id_steering_main_001_C2-C3_20260920_172235.csv,001,length_long,practice,152,152,158,True,False,near_goal_pointerup,194.0,582.0,388.0,True,True,True,included,388.0,True,False,0.0,0.0,0.0,False,False,none
same_id_steering_main_001_C2-C3_20260920_172235.csv,001,length_long,practice,153,153,159,True,True,deviation,236.0,605.0,369.0,True,True,True,included,369.0,True,True,1.0,133.0,1.0,False,True,core_deviation
same_id_steering_main_001_C2-C3_20260920_172235.csv,001,length_long,practice,154,154,160,True,True,deviation,214.0,654.0,440.0,True,True,True,included,440.0,True,True,1.0,91.0,1.0,False,True,core_deviation
same_id_steering_main_001_C2-C3_20260920_172235.csv,001,length_long,practice,155,155,161,True,True,none,241.0,673.0,432.0,True,True,True,included,432.0,True,False,0.0,0.0,0.0,False,False,none
same_id_steering_main_001_C2-C3_20260920_172235.csv,001,length_long,practice,156,156,162,False,False,pointerup_mid_path,,,,False,False,False,core_not_entered,,False,False,,,,False,False,unknown
same_id_steering_main_001_C2-C3_20260920_172235.csv,001,length_long,practice,156,156,163,False,False,pointerup_mid_path,,,,False,False,False,core_not_entered,,False,False,,,,False,False,unknown
same_id_steering_main_001_C2-C3_20260920_172235.csv,001,length_long,practice,156,156,164,True,True,none,269.0,707.0,438.0,True,True,True,included,438.0,True,False,0.0,0.0,0.0,False,False,none
same_id_steering_main_001_C2-C3_20260920_172235.csv,001,length_long,practice,157,157,165,True,True,none,221.0,640.0,419.0,True,True,True,included,419.0,True,False,0.0,0.0,0.0,False,False,none
same_id_steering_main_001_C2-C3_20260920_172235.csv,001,length_long,practice,158,158,166,True,True,none,249.0,632.0,383.0,True,True,True,included,383.0,True,False,0.0,0.0,0.0,False,False,none
same_id_steering_main_001_C2-C3_20260920_172235.csv,001,length_long,practice,159,159,167,True,True,none,170.0,521.0,351.0,True,True,True,included,351.0,True,False,0.0,0.0,0.0,False,False,none
same_id_steering_main_001_C2-C3_20260920_172235.csv,001,length_long,practice,160,160,168,True,True,none,186.0,521.0,335.0,True,True,True,included,335.0,True,False,0.0,0.0,0.0,False,False,none
same_id_steering_main_001_C2-C3_20260920_172235.csv,001,length_long,practice,161,161,169,True,True,none,182.0,497.0,315.0,True,True,True,included,315.0,True,False,0.0,0.0,0.0,False,False,none
same_id_steering_main_001_C2-C3_20260920_172235.csv,001,length_long,practice,162,162,170,True,True,none,227.0,611.0,384.0,True,True,True,included,384.0,True,False,0.0,0.0,0.0,False,False,none
same_id_steering_main_001_C2-C3_20260920_172235.csv,001,length_long,practice,163,163,171,True,True,none,193.0,601.0,408.0,True,True,True,included,408.0,True,False,0.0,0.0,0.0,False,False,none
same_id_steering_main_001_C2-C3_20260920_172235.csv,001,length_long,practice,164,164,172,True,True,none,287.0,740.0,453.0,True,True,True,included,453.0,True,False,0.0,0.0,0.0,False,False,none
same_id_steering_main_001_C2-C3_20260920_172235.csv,001,length_long,practice,165,165,173,True,False,near_goal_pointerup,236.0,662.0,426.0,True,True,True,included,426.0,True,False,0.0,0.0,0.0,False,False,none
same_id_steering_main_001_C2-C3_20260920_172235.csv,001,length_long,practice,166,166,174,True,True,none,192.0,547.0,355.0,True,True,True,included,355.0,True,False,0.0,0.0,0.0,False,False,none
same_id_steering_main_001_C2-C3_20260920_172235.csv,001,length_long,practice,167,167,175,True,True,none,222.0,595.0,373.0,True,True,True,included,373.0,True,False,0.0,0.0,0.0,False,False,none
same_id_steering_main_001_C2-C3_20260920_172235.csv,001,length_long,practice,168,168,176,True,True,none,186.0,566.0,380.0,True,True,True,included,380.0,True,False,0.0,0.0,0.0,False,False,none
same_id_steering_main_001_C2-C3_20260920_172235.csv,001,length_long,practice,169,169,177,True,True,none,204.0,559.0,355.0,True,True,True,included,355.0,True,False,0.0,0.0,0.0,False,False,none
same_id_steering_main_001_C2-C3_20260920_172235.csv,001,length_long,practice,170,170,178,True,True,none,219.0,648.0,429.0,True,True,True,included,429.0,True,False,0.0,0.0,0.0,False,False,none
same_id_steering_main_001_C2-C3_20260920_172235.csv,001,length_long,practice,171,171,179,True,True,none,145.0,526.0,381.0,True,True,True,included,381.0,True,False,0.0,0.0,0.0,False,False,none
same_id_steering_main_001_C2-C3_20260920_172235.csv,001,length_long,practice,172,172,180,True,True,none,215.0,599.0,384.0,True,True,True,included,384.0,True,False,0.0,0.0,0.0,False,False,none
same_id_steering_main_001_C2-C3_20260920_172235.csv,001,length_long,practice,173,173,181,True,True,none,202.0,584.0,382.0,True,True,True,included,382.0,True,False,0.0,0.0,0.0,False,False,none
same_id_steering_main_001_C2-C3_20260920_172235.csv,001,length_long,practice,174,174,182,True,True,none,190.0,578.0,388.0,True,True,True,included,388.0,True,False,0.0,0.0,0.0,False,False,none
same_id_steering_main_001_C2-C3_20260920_172235.csv,001,length_long,practice,175,175,183,True,True,none,192.0,578.0,386.0,True,True,True,included,386.0,True,False,0.0,0.0,0.0,False,False,none
same_id_steering_main_001_C2-C3_20260920_172235.csv,001,length_long,practice,176,176,184,True,True,none,190.0,602.0,412.0,True,True,True,included,412.0,True,False,0.0,0.0,0.0,False,False,none
same_id_steering_main_001_C2-C3_20260920_172235.csv,001,length_long,practice,177,177,185,True,True,none,216.0,605.0,389.0,True,True,True,included,389.0,True,False,0.0,0.0,0.0,False,False,none
same_id_steering_main_001_C2-C3_20260920_172235.csv,001,length_long,practice,178,178,186,True,True,none,232.0,643.0,411.0,True,True,True,included,411.0,True,False,0.0,0.0,0.0,False,False,none
same_id_steering_main_001_C2-C3_20260920_172235.csv,001,length_long,practice,179,179,187,True,True,none,192.0,625.0,433.0,True,True,True,included,433.0,True,False,0.0,0.0,0.0,False,False,none
same_id_steering_main_001_C2-C3_20260920_172235.csv,001,length_long,practice,180,180,188,True,True,none,225.0,655.0,430.0,True,True,True,included,430.0,True,False,0.0,0.0,0.0,False,False,none
same_id_steering_main_001_C2-C3_20260920_172235.csv,001,length_long,practice,181,181,189,True,True,none,226.0,642.0,416.0,True,True,True,included,416.0,True,False,0.0,0.0,0.0,False,False,none
same_id_steering_main_001_C2-C3_20260920_172235.csv,001,length_long,practice,182,182,190,True,True,none,166.0,555.0,389.0,True,True,True,included,389.0,True,False,0.0,0.0,0.0,False,False,none
same_id_steering_main_001_C2-C3_20260920_172235.csv,001,length_long,practice,183,183,191,True,True,none,216.0,663.0,447.0,True,True,True,included,447.0,True,False,0.0,0.0,0.0,False,False,none
same_id_steering_main_001_C2-C3_20260920_172235.csv,001,length_long,practice,184,184,192,True,True,none,228.0,619.0,391.0,True,True,True,included,391.0,True,False,0.0,0.0,0.0,False,False,none
same_id_steering_main_001_C2-C3_20260920_172235.csv,001,length_long,practice,185,185,193,True,True,none,193.0,610.0,417.0,True,True,True,included,417.0,True,False,0.0,0.0,0.0,False,False,none
same_id_steering_main_001_C2-C3_20260920_172235.csv,001,length_long,practice,186,186,194,True,False,near_goal_pointerup,188.0,621.0,433.0,True,True,True,included,433.0,True,False,0.0,0.0,0.0,False,False,none
same_id_steering_main_001_C2-C3_20260920_172235.csv,001,length_long,practice,187,187,195,True,False,near_goal_pointerup,210.0,638.0,428.0,True,True,True,included,428.0,True,False,0.0,0.0,0.0,False,False,none
same_id_steering_main_001_C2-C3_20260920_172235.csv,001,length_long,practice,188,188,196,True,True,none,186.0,568.0,382.0,True,True,True,included,382.0,True,False,0.0,0.0,0.0,False,False,none
same_id_steering_main_001_C2-C3_20260920_172235.csv,001,length_long,practice,189,189,197,True,True,none,320.0,709.0,389.0,True,True,True,included,389.0,True,False,0.0,0.0,0.0,False,False,none
same_id_steering_main_001_C2-C3_20260920_172235.csv,001,length_long,practice,190,190,198,True,True,none,193.0,600.0,407.0,True,True,True,included,407.0,True,False,0.0,0.0,0.0,False,False,none
same_id_steering_main_001_C2-C3_20260920_172235.csv,001,length_long,practice,191,191,199,True,True,none,172.0,573.0,401.0,True,True,True,included,401.0,True,False,0.0,0.0,0.0,False,False,none
same_id_steering_main_001_C2-C3_20260920_172235.csv,001,length_long,practice,192,192,200,True,True,none,161.0,599.0,438.0,True,True,True,included,438.0,True,False,0.0,0.0,0.0,False,False,none
same_id_steering_main_001_C2-C3_20260920_172235.csv,001,length_long,practice,193,193,201,True,True,none,203.0,645.0,442.0,True,True,True,included,442.0,True,False,0.0,0.0,0.0,False,False,none
same_id_steering_main_001_C2-C3_20260920_172235.csv,001,length_long,practice,194,194,202,True,True,none,173.0,582.0,409.0,True,True,True,included,409.0,True,False,0.0,0.0,0.0,False,False,none
same_id_steering_main_001_C2-C3_20260920_172235.csv,001,length_long,practice,195,195,203,True,True,none,189.0,594.0,405.0,True,True,True,included,405.0,True,False,0.0,0.0,0.0,False,False,none
same_id_steering_main_001_C2-C3_20260920_172235.csv,001,length_long,practice,196,196,204,True,True,none,155.0,494.0,339.0,True,True,True,included,339.0,True,False,0.0,0.0,0.0,False,False,none
same_id_steering_main_001_C2-C3_20260920_172235.csv,001,length_long,practice,197,197,205,True,True,none,239.0,608.0,369.0,True,True,True,included,369.0,True,False,0.0,0.0,0.0,False,False,none
same_id_steering_main_001_C2-C3_20260920_172235.csv,001,length_long,practice,198,198,206,True,True,none,186.0,638.0,452.0,True,True,True,included,452.0,True,False,0.0,0.0,0.0,False,False,none
same_id_steering_main_001_C2-C3_20260920_172235.csv,001,length_long,practice,199,199,207,True,True,none,170.0,540.0,370.0,True,True,True,included,370.0,True,False,0.0,0.0,0.0,False,False,none
same_id_steering_main_001_C2-C3_20260920_172235.csv,001,length_long,practice,200,200,208,True,True,none,190.0,594.0,404.0,True,True,True,included,404.0,True,False,0.0,0.0,0.0,False,False,none
same_id_steering_main_001_C2-C3_20260920_172235.csv,001,width_narrow,practice,1,201,209,True,True,none,360.0,939.0,579.0,True,True,True,included,579.0,True,False,0.0,0.0,0.0,False,False,none
same_id_steering_main_001_C2-C3_20260920_172235.csv,001,width_narrow,practice,2,202,210,True,False,near_goal_pointerup,257.0,645.0,388.0,True,True,True,included,388.0,True,True,1.0,85.0,2.0,False,True,core_deviation
same_id_steering_main_001_C2-C3_20260920_172235.csv,001,width_narrow,practice,3,203,211,True,True,none,386.0,948.0,562.0,True,True,True,included,562.0,True,False,0.0,0.0,0.0,False,False,none
same_id_steering_main_001_C2-C3_20260920_172235.csv,001,width_narrow,practice,4,204,212,True,True,deviation,270.0,747.0,477.0,True,True,True,included,477.0,True,False,0.0,0.0,0.0,False,False,none
same_id_steering_main_001_C2-C3_20260920_172235.csv,001,width_narrow,practice,5,205,213,False,False,pointerup_mid_path,211.0,,,True,False,True,included,551.0,True,True,1.0,551.0,6.0,False,True,core_incomplete;core_deviation
same_id_steering_main_001_C2-C3_20260920_172235.csv,001,width_narrow,practice,5,205,214,True,True,none,480.0,1029.0,549.0,True,True,True,included,549.0,True,False,0.0,0.0,0.0,False,False,none
same_id_steering_main_001_C2-C3_20260920_172235.csv,001,width_narrow,practice,6,206,215,True,False,near_goal_pointerup,241.0,781.0,540.0,True,True,True,included,540.0,True,False,0.0,0.0,0.0,False,False,none
same_id_steering_main_001_C2-C3_20260920_172235.csv,001,width_narrow,practice,7,207,216,True,True,none,233.0,662.0,429.0,True,True,True,included,429.0,True,False,0.0,0.0,0.0,False,False,none
same_id_steering_main_001_C2-C3_20260920_172235.csv,001,width_narrow,practice,8,208,217,True,True,none,282.0,782.0,500.0,True,True,True,included,500.0,True,False,0.0,0.0,0.0,False,False,none
same_id_steering_main_001_C2-C3_20260920_172235.csv,001,width_narrow,practice,9,209,218,True,True,none,284.0,727.0,443.0,True,True,True,included,443.0,True,False,0.0,0.0,0.0,False,False,none
same_id_steering_main_001_C2-C3_20260920_172235.csv,001,width_narrow,practice,10,210,219,True,True,none,242.0,669.0,427.0,True,True,True,included,427.0,True,False,0.0,0.0,0.0,False,False,none
same_id_steering_main_001_C2-C3_20260920_172235.csv,001,width_narrow,practice,11,211,220,True,True,none,205.0,599.0,394.0,True,True,True,included,394.0,True,False,0.0,0.0,0.0,False,False,none
same_id_steering_main_001_C2-C3_20260920_172235.csv,001,width_narrow,practice,12,212,221,True,True,none,244.0,680.0,436.0,True,True,True,included,436.0,True,False,0.0,0.0,0.0,False,False,none
same_id_steering_main_001_C2-C3_20260920_172235.csv,001,width_narrow,practice,13,213,222,True,True,none,205.0,639.0,434.0,True,True,True,included,434.0,True,False,0.0,0.0,0.0,False,False,none
same_id_steering_main_001_C2-C3_20260920_172235.csv,001,width_narrow,practice,14,214,223,True,True,none,217.0,638.0,421.0,True,True,True,included,421.0,True,False,0.0,0.0,0.0,False,False,none
same_id_steering_main_001_C2-C3_20260920_172235.csv,001,width_narrow,practice,15,215,224,True,True,none,380.0,1037.0,657.0,True,True,True,included,657.0,True,False,0.0,0.0,0.0,False,False,none
same_id_steering_main_001_C2-C3_20260920_172235.csv,001,width_narrow,practice,16,216,225,True,True,none,325.0,896.0,571.0,True,True,True,included,571.0,True,False,0.0,0.0,0.0,False,False,none
same_id_steering_main_001_C2-C3_20260920_172235.csv,001,width_narrow,practice,17,217,226,True,True,none,268.0,737.0,469.0,True,True,True,included,469.0,True,False,0.0,0.0,0.0,False,False,none
same_id_steering_main_001_C2-C3_20260920_172235.csv,001,width_narrow,practice,18,218,227,True,False,near_goal_pointerup,319.0,774.0,455.0,True,True,True,included,455.0,True,False,0.0,0.0,0.0,False,False,none
same_id_steering_main_001_C2-C3_20260920_172235.csv,001,width_narrow,practice,19,219,228,True,True,none,229.0,628.0,399.0,True,True,True,included,399.0,True,False,0.0,0.0,0.0,False,False,none
same_id_steering_main_001_C2-C3_20260920_172235.csv,001,width_narrow,practice,20,220,229,True,True,none,274.0,693.0,419.0,True,True,True,included,419.0,True,False,0.0,0.0,0.0,False,False,none
same_id_steering_main_001_C2-C3_20260920_172235.csv,001,width_narrow,practice,21,221,230,True,True,none,322.0,778.0,456.0,True,True,True,included,456.0,True,False,0.0,0.0,0.0,False,False,none
same_id_steering_main_001_C2-C3_20260920_172235.csv,001,width_narrow,practice,22,222,231,True,True,none,250.0,784.0,534.0,True,True,True,included,534.0,True,False,0.0,0.0,0.0,False,False,none
same_id_steering_main_001_C2-C3_20260920_172235.csv,001,width_narrow,practice,23,223,232,True,True,none,336.0,736.0,400.0,True,True,True,included,400.0,True,False,0.0,0.0,0.0,False,False,none
same_id_steering_main_001_C2-C3_20260920_172235.csv,001,width_narrow,practice,24,224,233,True,True,none,267.0,734.0,467.0,True,True,True,included,467.0,True,False,0.0,0.0,0.0,False,False,none
same_id_steering_main_001_C2-C3_20260920_172235.csv,001,width_narrow,practice,25,225,234,True,True,none,277.0,710.0,433.0,True,True,True,included,433.0,True,False,0.0,0.0,0.0,False,False,none
same_id_steering_main_001_C2-C3_20260920_172235.csv,001,width_narrow,practice,26,226,235,True,True,none,268.0,712.0,444.0,True,True,True,included,444.0,True,False,0.0,0.0,0.0,False,False,none
same_id_steering_main_001_C2-C3_20260920_172235.csv,001,width_narrow,practice,27,227,236,True,False,near_goal_pointerup,251.0,621.0,370.0,True,True,True,included,370.0,True,False,0.0,0.0,0.0,False,False,none
same_id_steering_main_001_C2-C3_20260920_172235.csv,001,width_narrow,practice,28,228,237,True,True,none,229.0,624.0,395.0,True,True,True,included,395.0,True,False,0.0,0.0,0.0,False,False,none
same_id_steering_main_001_C2-C3_20260920_172235.csv,001,width_narrow,practice,29,229,238,True,True,none,277.0,681.0,404.0,True,True,True,included,404.0,True,False,0.0,0.0,0.0,False,False,none
same_id_steering_main_001_C2-C3_20260920_172235.csv,001,width_narrow,practice,30,230,239,True,False,near_goal_pointerup,240.0,671.0,431.0,True,True,True,included,431.0,True,True,1.0,297.0,4.0,False,True,core_deviation
same_id_steering_main_001_C2-C3_20260920_172235.csv,001,width_narrow,practice,31,231,240,True,True,none,235.0,590.0,355.0,True,True,True,included,355.0,True,False,0.0,0.0,0.0,False,False,none
same_id_steering_main_001_C2-C3_20260920_172235.csv,001,width_narrow,practice,32,232,241,True,False,near_goal_pointerup,302.0,758.0,456.0,True,True,True,included,456.0,True,False,0.0,0.0,0.0,False,False,none
same_id_steering_main_001_C2-C3_20260920_172235.csv,001,width_narrow,practice,33,233,242,True,True,none,253.0,657.0,404.0,True,True,True,included,404.0,True,False,0.0,0.0,0.0,False,False,none
same_id_steering_main_001_C2-C3_20260920_172235.csv,001,width_narrow,practice,34,234,243,True,False,near_goal_pointerup,353.0,772.0,419.0,True,True,True,included,419.0,True,True,1.0,36.0,1.0,False,True,core_deviation
same_id_steering_main_001_C2-C3_20260920_172235.csv,001,width_narrow,practice,35,235,244,True,True,deviation,249.0,763.0,514.0,True,True,True,included,514.0,True,True,1.0,248.0,5.0,False,True,core_deviation
same_id_steering_main_001_C2-C3_20260920_172235.csv,001,width_narrow,practice,36,236,245,True,True,deviation,328.0,952.0,624.0,True,True,True,included,624.0,True,True,1.0,9.0,1.0,False,True,core_deviation
same_id_steering_main_001_C2-C3_20260920_172235.csv,001,width_narrow,practice,37,237,246,True,True,none,294.0,1031.0,737.0,True,True,True,included,737.0,True,False,0.0,0.0,0.0,False,False,none
same_id_steering_main_001_C2-C3_20260920_172235.csv,001,width_narrow,practice,38,238,247,True,True,none,319.0,915.0,596.0,True,True,True,included,596.0,True,False,0.0,0.0,0.0,False,False,none
same_id_steering_main_001_C2-C3_20260920_172235.csv,001,width_narrow,practice,39,239,248,False,False,pointerup_mid_path,277.0,,,True,False,True,included,464.0,True,True,1.0,213.0,2.0,False,True,core_incomplete;core_deviation
same_id_steering_main_001_C2-C3_20260920_172235.csv,001,width_narrow,practice,39,239,249,True,True,none,305.0,868.0,563.0,True,True,True,included,563.0,True,False,0.0,0.0,0.0,False,False,none
same_id_steering_main_001_C2-C3_20260920_172235.csv,001,width_narrow,practice,40,240,250,True,True,none,312.0,878.0,566.0,True,True,True,included,566.0,True,False,0.0,0.0,0.0,False,False,none
same_id_steering_main_001_C2-C3_20260920_172235.csv,001,width_narrow,practice,41,241,251,True,True,deviation,328.0,860.0,532.0,True,True,True,included,532.0,True,False,0.0,0.0,0.0,False,False,none
same_id_steering_main_001_C2-C3_20260920_172235.csv,001,width_narrow,practice,42,242,252,True,True,none,209.0,641.0,432.0,True,True,True,included,432.0,True,False,0.0,0.0,0.0,False,False,none
same_id_steering_main_001_C2-C3_20260920_172235.csv,001,width_narrow,practice,43,243,253,False,False,pointerup_mid_path,358.0,,,True,False,True,included,539.0,True,True,1.0,67.0,1.0,False,True,core_incomplete;core_deviation
same_id_steering_main_001_C2-C3_20260920_172235.csv,001,width_narrow,practice,43,243,254,True,False,near_goal_pointerup,355.0,998.0,643.0,True,True,True,included,643.0,True,False,0.0,0.0,0.0,False,False,none
same_id_steering_main_001_C2-C3_20260920_172235.csv,001,width_narrow,practice,44,244,255,True,True,none,370.0,1035.0,665.0,True,True,True,included,665.0,True,False,0.0,0.0,0.0,False,False,none
same_id_steering_main_001_C2-C3_20260920_172235.csv,001,width_narrow,practice,45,245,256,True,True,none,448.0,1004.0,556.0,True,True,True,included,556.0,True,False,0.0,0.0,0.0,False,False,none
same_id_steering_main_001_C2-C3_20260920_172235.csv,001,width_narrow,practice,46,246,257,True,True,none,303.0,845.0,542.0,True,True,True,included,542.0,True,False,0.0,0.0,0.0,False,False,none
same_id_steering_main_001_C2-C3_20260920_172235.csv,001,width_narrow,practice,47,247,258,True,True,none,375.0,942.0,567.0,True,True,True,included,567.0,True,False,0.0,0.0,0.0,False,False,none
same_id_steering_main_001_C2-C3_20260920_172235.csv,001,width_narrow,practice,48,248,259,False,False,pointerup_mid_path,305.0,,,True,False,True,included,494.0,True,True,1.0,237.0,3.0,False,True,core_incomplete;core_deviation
same_id_steering_main_001_C2-C3_20260920_172235.csv,001,width_narrow,practice,48,248,260,True,True,none,259.0,807.0,548.0,True,True,True,included,548.0,True,False,0.0,0.0,0.0,False,False,none
same_id_steering_main_001_C2-C3_20260920_172235.csv,001,width_narrow,practice,49,249,261,True,True,none,438.0,947.0,509.0,True,True,True,included,509.0,True,False,0.0,0.0,0.0,False,False,none
same_id_steering_main_001_C2-C3_20260920_172235.csv,001,width_narrow,practice,50,250,262,True,True,none,302.0,905.0,603.0,True,True,True,included,603.0,True,False,0.0,0.0,0.0,False,False,none
same_id_steering_main_001_C2-C3_20260920_172235.csv,001,width_narrow,practice,51,251,263,True,True,none,363.0,908.0,545.0,True,True,True,included,545.0,True,False,0.0,0.0,0.0,False,False,none
same_id_steering_main_001_C2-C3_20260920_172235.csv,001,width_narrow,practice,52,252,264,True,True,none,303.0,738.0,435.0,True,True,True,included,435.0,True,False,0.0,0.0,0.0,False,False,none
same_id_steering_main_001_C2-C3_20260920_172235.csv,001,width_narrow,practice,53,253,265,True,True,none,285.0,806.0,521.0,True,True,True,included,521.0,True,False,0.0,0.0,0.0,False,False,none
same_id_steering_main_001_C2-C3_20260920_172235.csv,001,width_narrow,practice,54,254,266,True,True,none,303.0,741.0,438.0,True,True,True,included,438.0,True,False,0.0,0.0,0.0,False,False,none
same_id_steering_main_001_C2-C3_20260920_172235.csv,001,width_narrow,practice,55,255,267,True,True,deviation,328.0,735.0,407.0,True,True,True,included,407.0,True,True,1.0,24.0,1.0,False,True,core_deviation
same_id_steering_main_001_C2-C3_20260920_172235.csv,001,width_narrow,practice,56,256,268,True,True,none,287.0,726.0,439.0,True,True,True,included,439.0,True,False,0.0,0.0,0.0,False,False,none
same_id_steering_main_001_C2-C3_20260920_172235.csv,001,width_narrow,practice,57,257,269,True,True,none,304.0,730.0,426.0,True,True,True,included,426.0,True,False,0.0,0.0,0.0,False,False,none
same_id_steering_main_001_C2-C3_20260920_172235.csv,001,width_narrow,practice,58,258,270,True,True,deviation,289.0,700.0,411.0,True,True,True,included,411.0,True,False,0.0,0.0,0.0,False,False,none
same_id_steering_main_001_C2-C3_20260920_172235.csv,001,width_narrow,practice,59,259,271,False,False,pointerup_mid_path,313.0,,,True,False,True,included,468.0,True,True,1.0,167.0,2.0,False,True,core_incomplete;core_deviation
same_id_steering_main_001_C2-C3_20260920_172235.csv,001,width_narrow,practice,59,259,272,True,True,none,285.0,830.0,545.0,True,True,True,included,545.0,True,False,0.0,0.0,0.0,False,False,none
same_id_steering_main_001_C2-C3_20260920_172235.csv,001,width_narrow,practice,60,260,273,True,True,none,347.0,809.0,462.0,True,True,True,included,462.0,True,False,0.0,0.0,0.0,False,False,none
same_id_steering_main_001_C2-C3_20260920_172235.csv,001,width_narrow,practice,61,261,274,True,True,deviation,312.0,875.0,563.0,True,True,True,included,563.0,True,False,0.0,0.0,0.0,False,False,none
same_id_steering_main_001_C2-C3_20260920_172235.csv,001,width_narrow,practice,62,262,275,True,True,none,309.0,814.0,505.0,True,True,True,included,505.0,True,False,0.0,0.0,0.0,False,False,none
same_id_steering_main_001_C2-C3_20260920_172235.csv,001,width_narrow,practice,63,263,276,True,True,deviation,329.0,898.0,569.0,True,True,True,included,569.0,True,False,0.0,0.0,0.0,False,False,none
same_id_steering_main_001_C2-C3_20260920_172235.csv,001,width_narrow,practice,64,264,277,True,True,none,280.0,811.0,531.0,True,True,True,included,531.0,True,False,0.0,0.0,0.0,False,False,none
same_id_steering_main_001_C2-C3_20260920_172235.csv,001,width_narrow,practice,65,265,278,True,True,deviation,405.0,1133.0,728.0,True,True,True,included,728.0,True,False,0.0,0.0,0.0,False,False,none
same_id_steering_main_001_C2-C3_20260920_172235.csv,001,width_narrow,practice,66,266,279,False,False,pointerup_mid_path,,,,False,False,False,core_not_entered,,False,False,,,,False,False,unknown
same_id_steering_main_001_C2-C3_20260920_172235.csv,001,width_narrow,practice,66,266,280,True,True,none,487.0,1116.0,629.0,True,True,True,included,629.0,True,False,0.0,0.0,0.0,False,False,none
same_id_steering_main_001_C2-C3_20260920_172235.csv,001,width_narrow,practice,67,267,281,True,True,none,354.0,842.0,488.0,True,True,True,included,488.0,True,False,0.0,0.0,0.0,False,False,none
same_id_steering_main_001_C2-C3_20260920_172235.csv,001,width_narrow,practice,68,268,282,True,True,none,271.0,628.0,357.0,True,True,True,included,357.0,True,False,0.0,0.0,0.0,False,False,none
same_id_steering_main_001_C2-C3_20260920_172235.csv,001,width_narrow,practice,69,269,283,True,True,none,262.0,702.0,440.0,True,True,True,included,440.0,True,False,0.0,0.0,0.0,False,False,none
same_id_steering_main_001_C2-C3_20260920_172235.csv,001,width_narrow,practice,70,270,284,True,False,near_goal_pointerup,281.0,763.0,482.0,True,True,True,included,482.0,True,False,0.0,0.0,0.0,False,False,none
same_id_steering_main_001_C2-C3_20260920_172235.csv,001,width_narrow,practice,71,271,285,True,True,deviation,213.0,611.0,398.0,True,True,True,included,398.0,True,True,1.0,93.0,5.0,False,True,core_deviation
same_id_steering_main_001_C2-C3_20260920_172235.csv,001,width_narrow,practice,72,272,286,True,True,none,265.0,722.0,457.0,True,True,True,included,457.0,True,False,0.0,0.0,0.0,False,False,none
same_id_steering_main_001_C2-C3_20260920_172235.csv,001,width_narrow,practice,73,273,287,True,False,near_goal_pointerup,272.0,650.0,378.0,True,True,True,included,378.0,True,True,1.0,158.0,1.0,False,True,core_deviation
same_id_steering_main_001_C2-C3_20260920_172235.csv,001,width_narrow,practice,74,274,288,True,False,near_goal_pointerup,199.0,569.0,370.0,True,True,True,included,370.0,True,True,1.0,19.0,2.0,False,True,core_deviation
same_id_steering_main_001_C2-C3_20260920_172235.csv,001,width_narrow,practice,75,275,289,True,True,none,326.0,899.0,573.0,True,True,True,included,573.0,True,False,0.0,0.0,0.0,False,False,none
same_id_steering_main_001_C2-C3_20260920_172235.csv,001,width_narrow,practice,76,276,290,True,True,none,288.0,926.0,638.0,True,True,True,included,638.0,True,False,0.0,0.0,0.0,False,False,none
same_id_steering_main_001_C2-C3_20260920_172235.csv,001,width_narrow,practice,77,277,291,True,True,none,306.0,836.0,530.0,True,True,True,included,530.0,True,False,0.0,0.0,0.0,False,False,none
same_id_steering_main_001_C2-C3_20260920_172235.csv,001,width_narrow,practice,78,278,292,True,True,deviation,294.0,837.0,543.0,True,True,True,included,543.0,True,True,1.0,50.0,1.0,False,True,core_deviation
same_id_steering_main_001_C2-C3_20260920_172235.csv,001,width_narrow,practice,79,279,293,True,True,none,377.0,1059.0,682.0,True,True,True,included,682.0,True,False,0.0,0.0,0.0,False,False,none
same_id_steering_main_001_C2-C3_20260920_172235.csv,001,width_narrow,practice,80,280,294,True,False,near_goal_pointerup,332.0,886.0,554.0,True,True,True,included,554.0,True,False,0.0,0.0,0.0,False,False,none
same_id_steering_main_001_C2-C3_20260920_172235.csv,001,width_narrow,practice,81,281,295,False,False,pointerup_mid_path,,,,False,False,False,core_not_entered,,False,False,,,,False,False,unknown
same_id_steering_main_001_C2-C3_20260920_172235.csv,001,width_narrow,practice,81,281,296,True,True,none,401.0,997.0,596.0,True,True,True,included,596.0,True,False,0.0,0.0,0.0,False,False,none
same_id_steering_main_001_C2-C3_20260920_172235.csv,001,width_narrow,practice,82,282,297,True,True,none,435.0,1070.0,635.0,True,True,True,included,635.0,True,False,0.0,0.0,0.0,False,False,none
same_id_steering_main_001_C2-C3_20260920_172235.csv,001,width_narrow,practice,83,283,298,True,True,none,313.0,845.0,532.0,True,True,True,included,532.0,True,False,0.0,0.0,0.0,False,False,none
same_id_steering_main_001_C2-C3_20260920_172235.csv,001,width_narrow,practice,84,284,299,True,False,near_goal_pointerup,339.0,878.0,539.0,True,True,True,included,539.0,True,False,0.0,0.0,0.0,False,False,none
same_id_steering_main_001_C2-C3_20260920_172235.csv,001,width_narrow,practice,85,285,300,True,True,none,279.0,874.0,595.0,True,True,True,included,595.0,True,False,0.0,0.0,0.0,False,False,none
same_id_steering_main_001_C2-C3_20260920_172235.csv,001,width_narrow,practice,86,286,301,True,True,none,377.0,1005.0,628.0,True,True,True,included,628.0,True,False,0.0,0.0,0.0,False,False,none
same_id_steering_main_001_C2-C3_20260920_172235.csv,001,width_narrow,practice,87,287,302,True,True,none,332.0,953.0,621.0,True,True,True,included,621.0,True,False,0.0,0.0,0.0,False,False,none
same_id_steering_main_001_C2-C3_20260920_172235.csv,001,width_narrow,practice,88,288,303,True,True,none,359.0,1017.0,658.0,True,True,True,included,658.0,True,False,0.0,0.0,0.0,False,False,none
same_id_steering_main_001_C2-C3_20260920_172235.csv,001,width_narrow,practice,89,289,304,True,False,near_goal_pointerup,327.0,919.0,592.0,True,True,True,included,592.0,True,False,0.0,0.0,0.0,False,False,none
same_id_steering_main_001_C2-C3_20260920_172235.csv,001,width_narrow,practice,90,290,305,True,True,none,373.0,929.0,556.0,True,True,True,included,556.0,True,False,0.0,0.0,0.0,False,False,none
same_id_steering_main_001_C2-C3_20260920_172235.csv,001,width_narrow,practice,91,291,306,True,True,none,465.0,1019.0,554.0,True,True,True,included,554.0,True,False,0.0,0.0,0.0,False,False,none
same_id_steering_main_001_C2-C3_20260920_172235.csv,001,width_narrow,practice,92,292,307,True,False,near_goal_pointerup,303.0,816.0,513.0,True,True,True,included,513.0,True,False,0.0,0.0,0.0,False,False,none
same_id_steering_main_001_C2-C3_20260920_172235.csv,001,width_narrow,practice,93,293,308,True,True,none,215.0,706.0,491.0,True,True,True,included,491.0,True,False,0.0,0.0,0.0,False,False,none
same_id_steering_main_001_C2-C3_20260920_172235.csv,001,width_narrow,practice,94,294,309,False,False,pointerup_mid_path,350.0,,,True,False,True,included,435.0,True,True,1.0,203.0,4.0,False,True,core_incomplete;core_deviation
same_id_steering_main_001_C2-C3_20260920_172235.csv,001,width_narrow,practice,94,294,310,True,True,none,315.0,894.0,579.0,True,True,True,included,579.0,True,False,0.0,0.0,0.0,False,False,none
same_id_steering_main_001_C2-C3_20260920_172235.csv,001,width_narrow,practice,95,295,311,True,True,none,329.0,1017.0,688.0,True,True,True,included,688.0,True,False,0.0,0.0,0.0,False,False,none
same_id_steering_main_001_C2-C3_20260920_172235.csv,001,width_narrow,practice,96,296,312,True,True,none,319.0,1030.0,711.0,True,True,True,included,711.0,True,False,0.0,0.0,0.0,False,False,none
same_id_steering_main_001_C2-C3_20260920_172235.csv,001,width_narrow,practice,97,297,313,True,True,none,479.0,1028.0,549.0,True,True,True,included,549.0,True,False,0.0,0.0,0.0,False,False,none
same_id_steering_main_001_C2-C3_20260920_172235.csv,001,width_narrow,practice,98,298,314,True,False,near_goal_pointerup,268.0,771.0,503.0,True,True,True,included,503.0,True,False,0.0,0.0,0.0,False,False,none
same_id_steering_main_001_C2-C3_20260920_172235.csv,001,width_narrow,practice,99,299,315,True,True,none,415.0,1027.0,612.0,True,True,True,included,612.0,True,False,0.0,0.0,0.0,False,False,none
same_id_steering_main_001_C2-C3_20260920_172235.csv,001,width_narrow,practice,100,300,316,True,False,near_goal_pointerup,438.0,1127.0,689.0,True,True,True,included,689.0,True,True,1.0,107.0,3.0,False,True,core_deviation
same_id_steering_main_001_C2-C3_20260920_172235.csv,001,width_narrow,practice,101,301,317,True,True,deviation,547.0,1192.0,645.0,True,True,True,included,645.0,True,True,1.0,242.0,4.0,False,True,core_deviation
same_id_steering_main_001_C2-C3_20260920_172235.csv,001,width_narrow,practice,102,302,318,True,False,near_goal_pointerup,311.0,919.0,608.0,True,True,True,included,608.0,True,True,1.0,273.0,6.0,False,True,core_deviation
same_id_steering_main_001_C2-C3_20260920_172235.csv,001,width_narrow,practice,103,303,319,True,True,none,336.0,1080.0,744.0,True,True,True,included,744.0,True,False,0.0,0.0,0.0,False,False,none
same_id_steering_main_001_C2-C3_20260920_172235.csv,001,width_narrow,practice,104,304,320,True,True,none,351.0,963.0,612.0,True,True,True,included,612.0,True,False,0.0,0.0,0.0,False,False,none
same_id_steering_main_001_C2-C3_20260920_172235.csv,001,width_narrow,practice,105,305,321,True,True,none,284.0,915.0,631.0,True,True,True,included,631.0,True,False,0.0,0.0,0.0,False,False,none
same_id_steering_main_001_C2-C3_20260920_172235.csv,001,width_narrow,practice,106,306,322,True,True,none,300.0,948.0,648.0,True,True,True,included,648.0,True,False,0.0,0.0,0.0,False,False,none
same_id_steering_main_001_C2-C3_20260920_172235.csv,001,width_narrow,practice,107,307,323,True,False,near_goal_pointerup,336.0,862.0,526.0,True,True,True,included,526.0,True,False,0.0,0.0,0.0,False,False,none
same_id_steering_main_001_C2-C3_20260920_172235.csv,001,width_narrow,practice,108,308,324,True,True,none,307.0,889.0,582.0,True,True,True,included,582.0,True,False,0.0,0.0,0.0,False,False,none
same_id_steering_main_001_C2-C3_20260920_172235.csv,001,width_narrow,practice,109,309,325,True,True,none,316.0,938.0,622.0,True,True,True,included,622.0,True,False,0.0,0.0,0.0,False,False,none
same_id_steering_main_001_C2-C3_20260920_172235.csv,001,width_narrow,practice,110,310,326,True,True,none,285.0,788.0,503.0,True,True,True,included,503.0,True,False,0.0,0.0,0.0,False,False,none
same_id_steering_main_001_C2-C3_20260920_172235.csv,001,width_narrow,practice,111,311,327,True,True,none,245.0,832.0,587.0,True,True,True,included,587.0,True,False,0.0,0.0,0.0,False,False,none
same_id_steering_main_001_C2-C3_20260920_172235.csv,001,width_narrow,practice,112,312,328,True,False,near_goal_pointerup,264.0,846.0,582.0,True,True,True,included,582.0,True,False,0.0,0.0,0.0,False,False,none
same_id_steering_main_001_C2-C3_20260920_172235.csv,001,width_narrow,practice,113,313,329,True,True,none,278.0,827.0,549.0,True,True,True,included,549.0,True,False,0.0,0.0,0.0,False,False,none
same_id_steering_main_001_C2-C3_20260920_172235.csv,001,width_narrow,practice,114,314,330,True,True,none,292.0,785.0,493.0,True,True,True,included,493.0,True,False,0.0,0.0,0.0,False,False,none
same_id_steering_main_001_C2-C3_20260920_172235.csv,001,width_narrow,practice,115,315,331,True,True,none,242.0,726.0,484.0,True,True,True,included,484.0,True,False,0.0,0.0,0.0,False,False,none
same_id_steering_main_001_C2-C3_20260920_172235.csv,001,width_narrow,practice,116,316,332,True,True,none,323.0,849.0,526.0,True,True,True,included,526.0,True,False,0.0,0.0,0.0,False,False,none
same_id_steering_main_001_C2-C3_20260920_172235.csv,001,width_narrow,practice,117,317,333,True,True,none,258.0,755.0,497.0,True,True,True,included,497.0,True,False,0.0,0.0,0.0,False,False,none
same_id_steering_main_001_C2-C3_20260920_172235.csv,001,width_narrow,practice,118,318,334,True,True,none,223.0,737.0,514.0,True,True,True,included,514.0,True,False,0.0,0.0,0.0,False,False,none
same_id_steering_main_001_C2-C3_20260920_172235.csv,001,width_narrow,practice,119,319,335,True,True,none,300.0,852.0,552.0,True,True,True,included,552.0,True,False,0.0,0.0,0.0,False,False,none
same_id_steering_main_001_C2-C3_20260920_172235.csv,001,width_narrow,practice,120,320,336,False,False,pointerup_mid_path,345.0,,,True,False,True,included,335.0,True,True,1.0,66.0,1.0,False,True,core_incomplete;core_deviation
same_id_steering_main_001_C2-C3_20260920_172235.csv,001,width_narrow,practice,120,320,337,True,True,none,268.0,789.0,521.0,True,True,True,included,521.0,True,False,0.0,0.0,0.0,False,False,none
same_id_steering_main_001_C2-C3_20260920_172235.csv,001,width_narrow,practice,121,321,338,True,True,none,378.0,844.0,466.0,True,True,True,included,466.0,True,False,0.0,0.0,0.0,False,False,none
same_id_steering_main_001_C2-C3_20260920_172235.csv,001,width_narrow,practice,122,322,339,True,True,none,252.0,729.0,477.0,True,True,True,included,477.0,True,False,0.0,0.0,0.0,False,False,none
same_id_steering_main_001_C2-C3_20260920_172235.csv,001,width_narrow,practice,123,323,340,True,True,none,201.0,632.0,431.0,True,True,True,included,431.0,True,False,0.0,0.0,0.0,False,False,none
same_id_steering_main_001_C2-C3_20260920_172235.csv,001,width_narrow,practice,124,324,341,True,True,none,212.0,635.0,423.0,True,True,True,included,423.0,True,False,0.0,0.0,0.0,False,False,none
same_id_steering_main_001_C2-C3_20260920_172235.csv,001,width_narrow,practice,125,325,342,True,True,deviation,188.0,581.0,393.0,True,True,True,included,393.0,True,True,1.0,36.0,1.0,False,True,core_deviation
same_id_steering_main_001_C2-C3_20260920_172235.csv,001,width_narrow,practice,126,326,343,True,True,none,227.0,673.0,446.0,True,True,True,included,446.0,True,False,0.0,0.0,0.0,False,False,none
same_id_steering_main_001_C2-C3_20260920_172235.csv,001,width_narrow,practice,127,327,344,True,True,none,316.0,758.0,442.0,True,True,True,included,442.0,True,False,0.0,0.0,0.0,False,False,none
same_id_steering_main_001_C2-C3_20260920_172235.csv,001,width_narrow,practice,128,328,345,True,True,none,200.0,664.0,464.0,True,True,True,included,464.0,True,False,0.0,0.0,0.0,False,False,none
same_id_steering_main_001_C2-C3_20260920_172235.csv,001,width_narrow,practice,129,329,346,True,True,none,301.0,779.0,478.0,True,True,True,included,478.0,True,False,0.0,0.0,0.0,False,False,none
same_id_steering_main_001_C2-C3_20260920_172235.csv,001,width_narrow,practice,130,330,347,True,True,none,411.0,851.0,440.0,True,True,True,included,440.0,True,False,0.0,0.0,0.0,False,False,none
same_id_steering_main_001_C2-C3_20260920_172235.csv,001,width_narrow,practice,131,331,348,True,True,none,184.0,587.0,403.0,True,True,True,included,403.0,True,False,0.0,0.0,0.0,False,False,none
same_id_steering_main_001_C2-C3_20260920_172235.csv,001,width_narrow,practice,132,332,349,True,True,none,194.0,514.0,320.0,True,True,True,included,320.0,True,False,0.0,0.0,0.0,False,False,none
same_id_steering_main_001_C2-C3_20260920_172235.csv,001,width_narrow,practice,133,333,350,True,True,none,244.0,568.0,324.0,True,True,True,included,324.0,True,False,0.0,0.0,0.0,False,False,none
same_id_steering_main_001_C2-C3_20260920_172235.csv,001,width_narrow,practice,134,334,351,True,True,none,202.0,640.0,438.0,True,True,True,included,438.0,True,False,0.0,0.0,0.0,False,False,none
same_id_steering_main_001_C2-C3_20260920_172235.csv,001,width_narrow,practice,135,335,352,True,True,none,157.0,500.0,343.0,True,True,True,included,343.0,True,False,0.0,0.0,0.0,False,False,none
same_id_steering_main_001_C2-C3_20260920_172235.csv,001,width_narrow,practice,136,336,353,True,True,none,175.0,558.0,383.0,True,True,True,included,383.0,True,False,0.0,0.0,0.0,False,False,none
same_id_steering_main_001_C2-C3_20260920_172235.csv,001,width_narrow,practice,137,337,354,True,True,deviation,219.0,560.0,341.0,True,True,True,included,341.0,True,True,1.0,30.0,1.0,False,True,core_deviation
same_id_steering_main_001_C2-C3_20260920_172235.csv,001,width_narrow,practice,138,338,355,True,True,none,231.0,669.0,438.0,True,True,True,included,438.0,True,False,0.0,0.0,0.0,False,False,none
same_id_steering_main_001_C2-C3_20260920_172235.csv,001,width_narrow,practice,139,339,356,True,True,none,203.0,607.0,404.0,True,True,True,included,404.0,True,False,0.0,0.0,0.0,False,False,none
same_id_steering_main_001_C2-C3_20260920_172235.csv,001,width_narrow,practice,140,340,357,True,True,deviation,203.0,485.0,282.0,True,True,True,included,282.0,True,True,1.0,113.0,7.0,False,True,core_deviation
same_id_steering_main_001_C2-C3_20260920_172235.csv,001,width_narrow,practice,141,341,358,True,True,none,236.0,647.0,411.0,True,True,True,included,411.0,True,False,0.0,0.0,0.0,False,False,none
same_id_steering_main_001_C2-C3_20260920_172235.csv,001,width_narrow,practice,142,342,359,True,True,none,214.0,640.0,426.0,True,True,True,included,426.0,True,False,0.0,0.0,0.0,False,False,none
same_id_steering_main_001_C2-C3_20260920_172235.csv,001,width_narrow,practice,143,343,360,True,True,none,192.0,591.0,399.0,True,True,True,included,399.0,True,False,0.0,0.0,0.0,False,False,none
same_id_steering_main_001_C2-C3_20260920_172235.csv,001,width_narrow,practice,144,344,361,True,True,none,234.0,667.0,433.0,True,True,True,included,433.0,True,False,0.0,0.0,0.0,False,False,none
same_id_steering_main_001_C2-C3_20260920_172235.csv,001,width_narrow,practice,145,345,362,True,True,none,210.0,606.0,396.0,True,True,True,included,396.0,True,False,0.0,0.0,0.0,False,False,none
same_id_steering_main_001_C2-C3_20260920_172235.csv,001,width_narrow,practice,146,346,363,True,True,none,213.0,596.0,383.0,True,True,True,included,383.0,True,False,0.0,0.0,0.0,False,False,none
same_id_steering_main_001_C2-C3_20260920_172235.csv,001,width_narrow,practice,147,347,364,True,True,none,173.0,449.0,276.0,True,True,True,included,276.0,True,False,0.0,0.0,0.0,False,False,none
same_id_steering_main_001_C2-C3_20260920_172235.csv,001,width_narrow,practice,148,348,365,True,True,none,204.0,539.0,335.0,True,True,True,included,335.0,True,False,0.0,0.0,0.0,False,False,none
same_id_steering_main_001_C2-C3_20260920_172235.csv,001,width_narrow,practice,149,349,366,True,True,none,201.0,551.0,350.0,True,True,True,included,350.0,True,False,0.0,0.0,0.0,False,False,none
same_id_steering_main_001_C2-C3_20260920_172235.csv,001,width_narrow,practice,150,350,367,True,True,none,196.0,559.0,363.0,True,True,True,included,363.0,True,False,0.0,0.0,0.0,False,False,none
same_id_steering_main_001_C2-C3_20260920_172235.csv,001,width_narrow,practice,151,351,368,True,True,none,223.0,573.0,350.0,True,True,True,included,350.0,True,False,0.0,0.0,0.0,False,False,none
same_id_steering_main_001_C2-C3_20260920_172235.csv,001,width_narrow,practice,152,352,369,True,True,none,225.0,640.0,415.0,True,True,True,included,415.0,True,False,0.0,0.0,0.0,False,False,none
same_id_steering_main_001_C2-C3_20260920_172235.csv,001,width_narrow,practice,153,353,370,True,True,none,221.0,623.0,402.0,True,True,True,included,402.0,True,False,0.0,0.0,0.0,False,False,none
same_id_steering_main_001_C2-C3_20260920_172235.csv,001,width_narrow,practice,154,354,371,True,True,none,221.0,648.0,427.0,True,True,True,included,427.0,True,False,0.0,0.0,0.0,False,False,none
same_id_steering_main_001_C2-C3_20260920_172235.csv,001,width_narrow,practice,155,355,372,True,True,none,250.0,635.0,385.0,True,True,True,included,385.0,True,False,0.0,0.0,0.0,False,False,none
same_id_steering_main_001_C2-C3_20260920_172235.csv,001,width_narrow,practice,156,356,373,True,True,none,265.0,704.0,439.0,True,True,True,included,439.0,True,False,0.0,0.0,0.0,False,False,none
same_id_steering_main_001_C2-C3_20260920_172235.csv,001,width_narrow,practice,157,357,374,True,True,none,238.0,652.0,414.0,True,True,True,included,414.0,True,False,0.0,0.0,0.0,False,False,none
same_id_steering_main_001_C2-C3_20260920_172235.csv,001,width_narrow,practice,158,358,375,True,True,none,258.0,688.0,430.0,True,True,True,included,430.0,True,False,0.0,0.0,0.0,False,False,none
same_id_steering_main_001_C2-C3_20260920_172235.csv,001,width_narrow,practice,159,359,376,True,True,none,285.0,762.0,477.0,True,True,True,included,477.0,True,False,0.0,0.0,0.0,False,False,none
same_id_steering_main_001_C2-C3_20260920_172235.csv,001,width_narrow,practice,160,360,377,True,True,none,205.0,588.0,383.0,True,True,True,included,383.0,True,False,0.0,0.0,0.0,False,False,none
same_id_steering_main_001_C2-C3_20260920_172235.csv,001,width_narrow,practice,161,361,378,True,True,none,215.0,624.0,409.0,True,True,True,included,409.0,True,False,0.0,0.0,0.0,False,False,none
same_id_steering_main_001_C2-C3_20260920_172235.csv,001,width_narrow,practice,162,362,379,True,True,none,208.0,623.0,415.0,True,True,True,included,415.0,True,False,0.0,0.0,0.0,False,False,none
same_id_steering_main_001_C2-C3_20260920_172235.csv,001,width_narrow,practice,163,363,380,True,True,none,218.0,595.0,377.0,True,True,True,included,377.0,True,False,0.0,0.0,0.0,False,False,none
same_id_steering_main_001_C2-C3_20260920_172235.csv,001,width_narrow,practice,164,364,381,True,True,none,191.0,530.0,339.0,True,True,True,included,339.0,True,False,0.0,0.0,0.0,False,False,none
same_id_steering_main_001_C2-C3_20260920_172235.csv,001,width_narrow,practice,165,365,382,True,True,none,313.0,684.0,371.0,True,True,True,included,371.0,True,False,0.0,0.0,0.0,False,False,none
same_id_steering_main_001_C2-C3_20260920_172235.csv,001,width_narrow,practice,166,366,383,True,False,near_goal_pointerup,200.0,565.0,365.0,True,True,True,included,365.0,True,False,0.0,0.0,0.0,False,False,none
same_id_steering_main_001_C2-C3_20260920_172235.csv,001,width_narrow,practice,167,367,384,True,True,none,205.0,580.0,375.0,True,True,True,included,375.0,True,False,0.0,0.0,0.0,False,False,none
same_id_steering_main_001_C2-C3_20260920_172235.csv,001,width_narrow,practice,168,368,385,True,True,none,183.0,530.0,347.0,True,True,True,included,347.0,True,False,0.0,0.0,0.0,False,False,none
same_id_steering_main_001_C2-C3_20260920_172235.csv,001,width_narrow,practice,169,369,386,True,True,deviation,187.0,493.0,306.0,True,True,True,included,306.0,True,False,0.0,0.0,0.0,False,False,none
same_id_steering_main_001_C2-C3_20260920_172235.csv,001,width_narrow,practice,170,370,387,True,True,deviation,223.0,534.0,311.0,True,True,True,included,311.0,True,False,0.0,0.0,0.0,False,False,none
same_id_steering_main_001_C2-C3_20260920_172235.csv,001,width_narrow,practice,171,371,388,True,True,none,218.0,581.0,363.0,True,True,True,included,363.0,True,False,0.0,0.0,0.0,False,False,none
same_id_steering_main_001_C2-C3_20260920_172235.csv,001,width_narrow,practice,172,372,389,True,True,none,255.0,675.0,420.0,True,True,True,included,420.0,True,False,0.0,0.0,0.0,False,False,none
same_id_steering_main_001_C2-C3_20260920_172235.csv,001,width_narrow,practice,173,373,390,True,True,deviation,220.0,619.0,399.0,True,True,True,included,399.0,True,False,0.0,0.0,0.0,False,False,none
same_id_steering_main_001_C2-C3_20260920_172235.csv,001,width_narrow,practice,174,374,391,True,True,deviation,346.0,768.0,422.0,True,True,True,included,422.0,True,False,0.0,0.0,0.0,False,False,none
same_id_steering_main_001_C2-C3_20260920_172235.csv,001,width_narrow,practice,175,375,392,True,True,none,264.0,689.0,425.0,True,True,True,included,425.0,True,False,0.0,0.0,0.0,False,False,none
same_id_steering_main_001_C2-C3_20260920_172235.csv,001,width_narrow,practice,176,376,393,True,True,none,236.0,644.0,408.0,True,True,True,included,408.0,True,False,0.0,0.0,0.0,False,False,none
same_id_steering_main_001_C2-C3_20260920_172235.csv,001,width_narrow,practice,177,377,394,True,True,none,219.0,561.0,342.0,True,True,True,included,342.0,True,False,0.0,0.0,0.0,False,False,none
same_id_steering_main_001_C2-C3_20260920_172235.csv,001,width_narrow,practice,178,378,395,True,True,none,294.0,700.0,406.0,True,True,True,included,406.0,True,False,0.0,0.0,0.0,False,False,none
same_id_steering_main_001_C2-C3_20260920_172235.csv,001,width_narrow,practice,179,379,396,False,False,pointerup_mid_path,,,,False,False,False,core_not_entered,,False,False,,,,False,False,unknown
same_id_steering_main_001_C2-C3_20260920_172235.csv,001,width_narrow,practice,179,379,397,True,True,none,314.0,712.0,398.0,True,True,True,included,398.0,True,False,0.0,0.0,0.0,False,False,none
same_id_steering_main_001_C2-C3_20260920_172235.csv,001,width_narrow,practice,180,380,398,True,True,none,209.0,601.0,392.0,True,True,True,included,392.0,True,False,0.0,0.0,0.0,False,False,none
same_id_steering_main_001_C2-C3_20260920_172235.csv,001,width_narrow,practice,181,381,399,True,True,none,215.0,559.0,344.0,True,True,True,included,344.0,True,False,0.0,0.0,0.0,False,False,none
same_id_steering_main_001_C2-C3_20260920_172235.csv,001,width_narrow,practice,182,382,400,True,True,none,219.0,566.0,347.0,True,True,True,included,347.0,True,False,0.0,0.0,0.0,False,False,none
same_id_steering_main_001_C2-C3_20260920_172235.csv,001,width_narrow,practice,183,383,401,True,True,none,415.0,769.0,354.0,True,True,True,included,354.0,True,False,0.0,0.0,0.0,False,False,none
same_id_steering_main_001_C2-C3_20260920_172235.csv,001,width_narrow,practice,184,384,402,True,True,deviation,241.0,600.0,359.0,True,True,True,included,359.0,True,True,1.0,151.0,1.0,False,True,core_deviation
same_id_steering_main_001_C2-C3_20260920_172235.csv,001,width_narrow,practice,185,385,403,True,False,near_goal_pointerup,219.0,534.0,315.0,True,True,True,included,315.0,True,False,0.0,0.0,0.0,False,False,none
same_id_steering_main_001_C2-C3_20260920_172235.csv,001,width_narrow,practice,186,386,404,True,True,deviation,180.0,417.0,237.0,True,True,True,included,237.0,True,True,2.0,77.0,2.0,False,True,core_deviation
same_id_steering_main_001_C2-C3_20260920_172235.csv,001,width_narrow,practice,187,387,405,True,True,none,317.0,808.0,491.0,True,True,True,included,491.0,True,False,0.0,0.0,0.0,False,False,none
same_id_steering_main_001_C2-C3_20260920_172235.csv,001,width_narrow,practice,188,388,406,True,True,none,274.0,676.0,402.0,True,True,True,included,402.0,True,False,0.0,0.0,0.0,False,False,none
same_id_steering_main_001_C2-C3_20260920_172235.csv,001,width_narrow,practice,189,389,407,True,True,deviation,309.0,757.0,448.0,True,True,True,included,448.0,True,True,1.0,38.0,3.0,False,True,core_deviation
same_id_steering_main_001_C2-C3_20260920_172235.csv,001,width_narrow,practice,190,390,408,True,True,none,211.0,562.0,351.0,True,True,True,included,351.0,True,False,0.0,0.0,0.0,False,False,none
same_id_steering_main_001_C2-C3_20260920_172235.csv,001,width_narrow,practice,191,391,409,True,True,none,194.0,550.0,356.0,True,True,True,included,356.0,True,False,0.0,0.0,0.0,False,False,none
same_id_steering_main_001_C2-C3_20260920_172235.csv,001,width_narrow,practice,192,392,410,True,True,none,190.0,519.0,329.0,True,True,True,included,329.0,True,False,0.0,0.0,0.0,False,False,none
same_id_steering_main_001_C2-C3_20260920_172235.csv,001,width_narrow,practice,193,393,411,True,True,none,184.0,518.0,334.0,True,True,True,included,334.0,True,False,0.0,0.0,0.0,False,False,none
same_id_steering_main_001_C2-C3_20260920_172235.csv,001,width_narrow,practice,194,394,412,True,True,none,206.0,550.0,344.0,True,True,True,included,344.0,True,False,0.0,0.0,0.0,False,False,none
same_id_steering_main_001_C2-C3_20260920_172235.csv,001,width_narrow,practice,195,395,413,True,False,near_goal_pointerup,255.0,629.0,374.0,True,True,True,included,374.0,True,False,0.0,0.0,0.0,False,False,none
same_id_steering_main_001_C2-C3_20260920_172235.csv,001,width_narrow,practice,196,396,414,True,True,none,201.0,556.0,355.0,True,True,True,included,355.0,True,False,0.0,0.0,0.0,False,False,none
same_id_steering_main_001_C2-C3_20260920_172235.csv,001,width_narrow,practice,197,397,415,True,True,none,208.0,574.0,366.0,True,True,True,included,366.0,True,False,0.0,0.0,0.0,False,False,none
same_id_steering_main_001_C2-C3_20260920_172235.csv,001,width_narrow,practice,198,398,416,True,True,none,396.0,800.0,404.0,True,True,True,included,404.0,True,False,0.0,0.0,0.0,False,False,none
same_id_steering_main_001_C2-C3_20260920_172235.csv,001,width_narrow,practice,199,399,417,True,True,none,222.0,567.0,345.0,True,True,True,included,345.0,True,False,0.0,0.0,0.0,False,False,none
same_id_steering_main_001_C2-C3_20260920_172235.csv,001,width_narrow,practice,200,400,418,True,False,near_goal_pointerup,284.0,630.0,346.0,True,True,True,included,346.0,True,False,0.0,0.0,0.0,False,False,none
