condition,rest_block100,n_trials,n_participants,MT_success_mean,ER,MT_mean,MT_median,MT_sd
width_wide,1,100,1,,0.62,0.6672209302325581,0.657,0.09154778901982621
width_wide,2,100,1,,0.57,0.6902258064516129,0.663,0.14608150859323427
width_wide,3,100,1,,0.59,0.6992068965517242,0.688,0.10274478857728751
width_narrow,1,100,1,,0.89,1.5381829268292684,1.5245,0.2738375263108024
width_narrow,2,100,1,,0.89,1.244267605633803,1.215,0.1849884905876563
width_narrow,3,100,1,,0.78,1.4597121212121211,1.4355,0.2646210506860715
length_long,1,100,1,,0.79,1.51,1.461,0.2006150159269854
length_long,2,100,1,,0.91,1.3193214285714288,1.2915,0.24420446776814328
length_long,3,100,1,,0.79,1.4213970588235294,1.4304999999999999,0.24467829257392656
length_short,1,100,1,,0.53,0.7046585365853658,0.6755,0.10969004811113044
length_short,2,100,1,,0.39,0.6378295454545454,0.6205,0.08400960831622885
length_short,3,100,1,,0.44,0.6331046511627907,0.6165,0.08362395224980025
