metric,condition,condition_label,param,mean,sd,median,n
MT_success,length_long,Long-distance A1500 W30 ID50,a,1.6288781925062843,,1.6288781925062843,1
MT_success,length_long,Long-distance A1500 W30 ID50,b,0.028604934339002883,,0.028604934339002883,1
MT_success,length_long,Long-distance A1500 W30 ID50,c,9.395587235965218e-18,,9.395587235965218e-18,1
MT_success,length_long,Long-distance A1500 W30 ID50,N50,33397093730.905075,,33397093730.905075,1
MT_success,length_long,Long-distance A1500 W30 ID50,N80,2.7245503362398057e+24,,2.7245503362398057e+24,1
MT_success,length_long,Long-distance A1500 W30 ID50,N90,9.099206295397006e+34,,9.099206295397006e+34,1
MT_success,length_long,Long-distance A1500 W30 ID50,N95,3.0388704552420344e+45,,3.0388704552420344e+45,1
MT_success,length_long,Long-distance A1500 W30 ID50,r2,0.03413876582520037,,0.03413876582520037,1
MT_success,length_long,Long-distance A1500 W30 ID50,delta_aic_power_vs_constant,-3.051226317072178,,-3.051226317072178,1
MT_success,length_long,Long-distance A1500 W30 ID50,delta_aic_power_vs_loglinear,2.2509813291035243,,2.2509813291035243,1
MT_success,length_short,Short-distance A600 W30 ID20,a,0.7780285304851958,,0.7780285304851958,1
MT_success,length_short,Short-distance A600 W30 ID20,b,0.03552530535875951,,0.03552530535875951,1
MT_success,length_short,Short-distance A600 W30 ID20,c,2.294087691625517e-16,,2.294087691625517e-16,1
MT_success,length_short,Short-distance A600 W30 ID20,N50,297630833.9591293,,297630833.9591293,1
MT_success,length_short,Short-distance A600 W30 ID20,N80,4.734464149996001e+19,,4.734464149996001e+19,1
MT_success,length_short,Short-distance A600 W30 ID20,N90,1.409122513312905e+28,,1.409122513312905e+28,1
MT_success,length_short,Short-distance A600 W30 ID20,N95,4.193983087878907e+36,,4.193983087878907e+36,1
MT_success,length_short,Short-distance A600 W30 ID20,r2,0.056825458725296096,,0.056825458725296096,1
MT_success,length_short,Short-distance A600 W30 ID20,delta_aic_power_vs_constant,-10.97700402690316,,-10.97700402690316,1
MT_success,length_short,Short-distance A600 W30 ID20,delta_aic_power_vs_loglinear,2.7381863423192954,,2.7381863423192954,1
MT_success,width_narrow,Narrow-width A1000 W20 ID50,a,0.9372783430832234,,0.9372783430832234,1
MT_success,width_narrow,Narrow-width A1000 W20 ID50,b,0.23181494804014954,,0.23181494804014954,1
MT_success,width_narrow,Narrow-width A1000 W20 ID50,c,1.0889428820664433,,1.0889428820664433,1
MT_success,width_narrow,Narrow-width A1000 W20 ID50,N50,19.88743990411697,,19.88743990411697,1
MT_success,width_narrow,Narrow-width A1000 W20 ID50,N80,1035.635158137726,,1035.635158137726,1
MT_success,width_narrow,Narrow-width A1000 W20 ID50,N90,20596.13197005472,,20596.13197005472,1
MT_success,width_narrow,Narrow-width A1000 W20 ID50,N95,409604.33681172295,,409604.33681172295,1
MT_success,width_narrow,Narrow-width A1000 W20 ID50,r2,0.12030570815576669,,0.12030570815576669,1
MT_success,width_narrow,Narrow-width A1000 W20 ID50,delta_aic_power_vs_constant,-24.071601221505716,,-24.071601221505716,1
MT_success,width_narrow,Narrow-width A1000 W20 ID50,delta_aic_power_vs_loglinear,-0.3673871096059429,,-0.3673871096059429,1
MT_success,width_wide,Wide-width A1000 W50 ID20,a,0.07753114084894966,,0.07753114084894966,1
MT_success,width_wide,Wide-width A1000 W50 ID20,b,1.0000000194613523e-06,,1.0000000194613523e-06,1
MT_success,width_wide,Wide-width A1000 W50 ID20,c,0.6081947668271258,,0.6081947668271258,1
MT_success,width_wide,Wide-width A1000 W50 ID20,N50,,,,0
MT_success,width_wide,Wide-width A1000 W50 ID20,N80,,,,0
MT_success,width_wide,Wide-width A1000 W50 ID20,N90,,,,0
MT_success,width_wide,Wide-width A1000 W50 ID20,N95,,,,0
MT_success,width_wide,Wide-width A1000 W50 ID20,r2,-2.695722587375826e-07,,-2.695722587375826e-07,1
MT_success,width_wide,Wide-width A1000 W50 ID20,delta_aic_power_vs_constant,4.000071706211202,,4.000071706211202,1
MT_success,width_wide,Wide-width A1000 W50 ID20,delta_aic_power_vs_loglinear,15.062632648897306,,15.062632648897306,1
inv_TPe,length_long,Long-distance A1500 W30 ID50,a,0.010524551024217314,,0.010524551024217314,1
inv_TPe,length_long,Long-distance A1500 W30 ID50,b,1.000024763124625e-06,,1.000024763124625e-06,1
inv_TPe,length_long,Long-distance A1500 W30 ID50,c,0.02301925170626146,,0.02301925170626146,1
inv_TPe,length_long,Long-distance A1500 W30 ID50,N50,,,,0
inv_TPe,length_long,Long-distance A1500 W30 ID50,N80,,,,0
inv_TPe,length_long,Long-distance A1500 W30 ID50,N90,,,,0
inv_TPe,length_long,Long-distance A1500 W30 ID50,N95,,,,0
inv_TPe,length_long,Long-distance A1500 W30 ID50,r2,-4.584574053723145e-08,,-4.584574053723145e-08,1
inv_TPe,length_long,Long-distance A1500 W30 ID50,delta_aic_power_vs_constant,4.000009306685115,,4.000009306685115,1
inv_TPe,length_long,Long-distance A1500 W30 ID50,delta_aic_power_vs_loglinear,2.26454766492202,,2.26454766492202,1
inv_TPe,length_short,Short-distance A600 W30 ID20,a,0.035943446688609784,,0.035943446688609784,1
inv_TPe,length_short,Short-distance A600 W30 ID20,b,0.3409465889227053,,0.3409465889227053,1
inv_TPe,length_short,Short-distance A600 W30 ID20,c,0.013334704595643683,,0.013334704595643683,1
inv_TPe,length_short,Short-distance A600 W30 ID20,N50,7.637024856107104,,7.637024856107104,1
inv_TPe,length_short,Short-distance A600 W30 ID20,N80,112.22419921677258,,112.22419921677258,1
inv_TPe,length_short,Short-distance A600 W30 ID20,N90,857.0589988752079,,857.0589988752079,1
inv_TPe,length_short,Short-distance A600 W30 ID20,N95,6545.380877560201,,6545.380877560201,1
inv_TPe,length_short,Short-distance A600 W30 ID20,r2,0.09633490612985551,,0.09633490612985551,1
inv_TPe,length_short,Short-distance A600 W30 ID20,delta_aic_power_vs_constant,-21.931893180391853,,-21.931893180391853,1
inv_TPe,length_short,Short-distance A600 W30 ID20,delta_aic_power_vs_loglinear,-1.5451654562225485,,-1.5451654562225485,1
inv_TPe,width_narrow,Narrow-width A1000 W20 ID50,a,0.05363697711663613,,0.05363697711663613,1
inv_TPe,width_narrow,Narrow-width A1000 W20 ID50,b,0.09835434812805995,,0.09835434812805995,1
inv_TPe,width_narrow,Narrow-width A1000 W20 ID50,c,7.984996563701693e-16,,7.984996563701693e-16,1
inv_TPe,width_narrow,Narrow-width A1000 W20 ID50,N50,1149.9207086478782,,1149.9207086478782,1
inv_TPe,width_narrow,Narrow-width A1000 W20 ID50,N80,12783529.408398934,,12783529.408398934,1
inv_TPe,width_narrow,Narrow-width A1000 W20 ID50,N90,14700045196.327118,,14700045196.327118,1
inv_TPe,width_narrow,Narrow-width A1000 W20 ID50,N95,16903886389316.047,,16903886389316.047,1
inv_TPe,width_narrow,Narrow-width A1000 W20 ID50,r2,0.057762908640932475,,0.057762908640932475,1
inv_TPe,width_narrow,Narrow-width A1000 W20 ID50,delta_aic_power_vs_constant,-9.03013787834493,,-9.03013787834493,1
inv_TPe,width_narrow,Narrow-width A1000 W20 ID50,delta_aic_power_vs_loglinear,2.300229818253001,,2.300229818253001,1
inv_TPe,width_wide,Wide-width A1000 W50 ID20,a,0.04144774905264346,,0.04144774905264346,1
inv_TPe,width_wide,Wide-width A1000 W50 ID20,b,0.06615431906355809,,0.06615431906355809,1
inv_TPe,width_wide,Wide-width A1000 W50 ID20,c,9.550443820749087e-10,,9.550443820749087e-10,1
inv_TPe,width_wide,Wide-width A1000 W50 ID20,N50,35515.74208856391,,35515.74208856391,1
inv_TPe,width_wide,Wide-width A1000 W50 ID20,N80,36791722103.20091,,36791722103.20091,1
inv_TPe,width_wide,Wide-width A1000 W50 ID20,N90,1306685313211404.5,,1306685313211404.5,1
inv_TPe,width_wide,Wide-width A1000 W50 ID20,N95,4.640789857492959e+19,,4.640789857492959e+19,1
inv_TPe,width_wide,Wide-width A1000 W50 ID20,r2,0.01010792637037361,,0.01010792637037361,1
inv_TPe,width_wide,Wide-width A1000 W50 ID20,delta_aic_power_vs_constant,1.2976106904097833,,1.2976106904097833,1
inv_TPe,width_wide,Wide-width A1000 W50 ID20,delta_aic_power_vs_loglinear,2.162613250047343,,2.162613250047343,1
inv_TPe_with_deviation,length_long,Long-distance A1500 W30 ID50,a,0.010598341496705212,,0.010598341496705212,1
inv_TPe_with_deviation,length_long,Long-distance A1500 W30 ID50,b,1.0000000003398423e-06,,1.0000000003398423e-06,1
inv_TPe_with_deviation,length_long,Long-distance A1500 W30 ID50,c,0.023055241077629463,,0.023055241077629463,1
inv_TPe_with_deviation,length_long,Long-distance A1500 W30 ID50,N50,,,,0
inv_TPe_with_deviation,length_long,Long-distance A1500 W30 ID50,N80,,,,0
inv_TPe_with_deviation,length_long,Long-distance A1500 W30 ID50,N90,,,,0
inv_TPe_with_deviation,length_long,Long-distance A1500 W30 ID50,N95,,,,0
inv_TPe_with_deviation,length_long,Long-distance A1500 W30 ID50,r2,-3.629267020244242e-08,,-3.629267020244242e-08,1
inv_TPe_with_deviation,length_long,Long-distance A1500 W30 ID50,delta_aic_power_vs_constant,4.0000074037043305,,4.0000074037043305,1
inv_TPe_with_deviation,length_long,Long-distance A1500 W30 ID50,delta_aic_power_vs_loglinear,2.1645038311305598,,2.1645038311305598,1
inv_TPe_with_deviation,length_short,Short-distance A600 W30 ID20,a,0.035943446688609784,,0.035943446688609784,1
inv_TPe_with_deviation,length_short,Short-distance A600 W30 ID20,b,0.3409465889227053,,0.3409465889227053,1
inv_TPe_with_deviation,length_short,Short-distance A600 W30 ID20,c,0.013334704595643683,,0.013334704595643683,1
inv_TPe_with_deviation,length_short,Short-distance A600 W30 ID20,N50,7.637024856107104,,7.637024856107104,1
inv_TPe_with_deviation,length_short,Short-distance A600 W30 ID20,N80,112.22419921677258,,112.22419921677258,1
inv_TPe_with_deviation,length_short,Short-distance A600 W30 ID20,N90,857.0589988752079,,857.0589988752079,1
inv_TPe_with_deviation,length_short,Short-distance A600 W30 ID20,N95,6545.380877560201,,6545.380877560201,1
inv_TPe_with_deviation,length_short,Short-distance A600 W30 ID20,r2,0.09633490612985551,,0.09633490612985551,1
inv_TPe_with_deviation,length_short,Short-distance A600 W30 ID20,delta_aic_power_vs_constant,-21.931893180391853,,-21.931893180391853,1
inv_TPe_with_deviation,length_short,Short-distance A600 W30 ID20,delta_aic_power_vs_loglinear,-1.5451654562225485,,-1.5451654562225485,1
inv_TPe_with_deviation,width_narrow,Narrow-width A1000 W20 ID50,a,0.0532927542116188,,0.0532927542116188,1
inv_TPe_with_deviation,width_narrow,Narrow-width A1000 W20 ID50,b,0.09645698475738451,,0.09645698475738451,1
inv_TPe_with_deviation,width_narrow,Narrow-width A1000 W20 ID50,c,8.848525430214797e-12,,8.848525430214797e-12,1
inv_TPe_with_deviation,width_narrow,Narrow-width A1000 W20 ID50,N50,1320.9091889179394,,1320.9091889179394,1
inv_TPe_with_deviation,width_narrow,Narrow-width A1000 W20 ID50,N80,17637726.729345873,,17637726.729345873,1
inv_TPe_with_deviation,width_narrow,Narrow-width A1000 W20 ID50,N90,23297835308.416576,,23297835308.416576,1
inv_TPe_with_deviation,width_narrow,Narrow-width A1000 W20 ID50,N95,30774324740783.914,,30774324740783.914,1
inv_TPe_with_deviation,width_narrow,Narrow-width A1000 W20 ID50,r2,0.05963826298629327,,0.05963826298629327,1
inv_TPe_with_deviation,width_narrow,Narrow-width A1000 W20 ID50,delta_aic_power_vs_constant,-9.650924492610784,,-9.650924492610784,1
inv_TPe_with_deviation,width_narrow,Narrow-width A1000 W20 ID50,delta_aic_power_vs_loglinear,2.2632547587452336,,2.2632547587452336,1
inv_TPe_with_deviation,width_wide,Wide-width A1000 W50 ID20,a,0.04144774905264346,,0.04144774905264346,1
inv_TPe_with_deviation,width_wide,Wide-width A1000 W50 ID20,b,0.06615431906355809,,0.06615431906355809,1
inv_TPe_with_deviation,width_wide,Wide-width A1000 W50 ID20,c,9.550443820749087e-10,,9.550443820749087e-10,1
inv_TPe_with_deviation,width_wide,Wide-width A1000 W50 ID20,N50,35515.74208856391,,35515.74208856391,1
inv_TPe_with_deviation,width_wide,Wide-width A1000 W50 ID20,N80,36791722103.20091,,36791722103.20091,1
inv_TPe_with_deviation,width_wide,Wide-width A1000 W50 ID20,N90,1306685313211404.5,,1306685313211404.5,1
inv_TPe_with_deviation,width_wide,Wide-width A1000 W50 ID20,N95,4.640789857492959e+19,,4.640789857492959e+19,1
inv_TPe_with_deviation,width_wide,Wide-width A1000 W50 ID20,r2,0.01010792637037361,,0.01010792637037361,1
inv_TPe_with_deviation,width_wide,Wide-width A1000 W50 ID20,delta_aic_power_vs_constant,1.2976106904097833,,1.2976106904097833,1
inv_TPe_with_deviation,width_wide,Wide-width A1000 W50 ID20,delta_aic_power_vs_loglinear,2.162613250047343,,2.162613250047343,1
ER_block20,length_long,Long-distance A1500 W30 ID50,a,0.0957027727373593,,0.0957027727373593,1
ER_block20,length_long,Long-distance A1500 W30 ID50,b,1.0000000041313689e-06,,1.0000000041313689e-06,1
ER_block20,length_long,Long-distance A1500 W30 ID50,c,0.7342976493872585,,0.7342976493872585,1
ER_block20,length_long,Long-distance A1500 W30 ID50,N50,,,,0
ER_block20,length_long,Long-distance A1500 W30 ID50,N80,,,,0
ER_block20,length_long,Long-distance A1500 W30 ID50,N90,,,,0
ER_block20,length_long,Long-distance A1500 W30 ID50,N95,,,,0
ER_block20,length_long,Long-distance A1500 W30 ID50,r2,-4.835865128338668e-07,,-4.835865128338668e-07,1
ER_block20,length_long,Long-distance A1500 W30 ID50,delta_aic_power_vs_constant,4.000007253795957,,4.000007253795957,1
ER_block20,length_long,Long-distance A1500 W30 ID50,delta_aic_power_vs_loglinear,3.5439526087224777,,3.5439526087224777,1
ER_block20,length_short,Short-distance A600 W30 ID20,a,0.7462209999861354,,0.7462209999861354,1
ER_block20,length_short,Short-distance A600 W30 ID20,b,0.10625194727465884,,0.10625194727465884,1
ER_block20,length_short,Short-distance A600 W30 ID20,c,1.6168816331700972e-14,,1.6168816331700972e-14,1
ER_block20,length_short,Short-distance A600 W30 ID20,N50,681.0383438108919,,681.0383438108919,1
ER_block20,length_short,Short-distance A600 W30 ID20,N80,3788093.174394918,,3788093.174394918,1
ER_block20,length_short,Short-distance A600 W30 ID20,N90,2579836701.691257,,2579836701.691257,1
ER_block20,length_short,Short-distance A600 W30 ID20,N95,1756967714622.3506,,1756967714622.3506,1
ER_block20,length_short,Short-distance A600 W30 ID20,r2,0.250422671713743,,0.250422671713743,1
ER_block20,length_short,Short-distance A600 W30 ID20,delta_aic_power_vs_constant,-0.32368690337493433,,-0.32368690337493433,1
ER_block20,length_short,Short-distance A600 W30 ID20,delta_aic_power_vs_loglinear,2.040877038454525,,2.040877038454525,1
ER_block20,width_narrow,Narrow-width A1000 W20 ID50,a,0.9336763547748084,,0.9336763547748084,1
ER_block20,width_narrow,Narrow-width A1000 W20 ID50,b,0.019034580072347415,,0.019034580072347415,1
ER_block20,width_narrow,Narrow-width A1000 W20 ID50,c,9.352286837054418e-10,,9.352286837054418e-10,1
ER_block20,width_narrow,Narrow-width A1000 W20 ID50,N50,6529813878892811.0,,6529813878892811.0,1
ER_block20,width_narrow,Narrow-width A1000 W20 ID50,N80,5.2609296150403023e+36,,5.2609296150403023e+36,1
ER_block20,width_narrow,Narrow-width A1000 W20 ID50,N90,3.435289121616887e+52,,3.435289121616887e+52,1
ER_block20,width_narrow,Narrow-width A1000 W20 ID50,N95,2.243179858434185e+68,,2.243179858434185e+68,1
ER_block20,width_narrow,Narrow-width A1000 W20 ID50,r2,0.02046873700028462,,0.02046873700028462,1
ER_block20,width_narrow,Narrow-width A1000 W20 ID50,delta_aic_power_vs_constant,3.6897831279916318,,3.6897831279916318,1
ER_block20,width_narrow,Narrow-width A1000 W20 ID50,delta_aic_power_vs_loglinear,2.018267108386212,,2.018267108386212,1
ER_block20,width_wide,Wide-width A1000 W50 ID20,a,0.650981570051334,,0.650981570051334,1
ER_block20,width_wide,Wide-width A1000 W50 ID20,b,0.4288346624914515,,0.4288346624914515,1
ER_block20,width_wide,Wide-width A1000 W50 ID20,c,0.4999999999999984,,0.4999999999999984,1
ER_block20,width_wide,Wide-width A1000 W50 ID20,N50,5.034683370898484,,5.034683370898484,1
ER_block20,width_wide,Wide-width A1000 W50 ID20,N80,42.65096752418534,,42.65096752418534,1
ER_block20,width_wide,Wide-width A1000 W50 ID20,N90,214.7341169467473,,214.7341169467473,1
ER_block20,width_wide,Wide-width A1000 W50 ID20,N95,1081.1182877563556,,1081.1182877563556,1
ER_block20,width_wide,Wide-width A1000 W50 ID20,r2,0.1205500810483856,,0.1205500810483856,1
ER_block20,width_wide,Wide-width A1000 W50 ID20,delta_aic_power_vs_constant,2.073120114191255,,2.073120114191255,1
ER_block20,width_wide,Wide-width A1000 W50 ID20,delta_aic_power_vs_loglinear,1.8861203225376144,,1.8861203225376144,1
