metric,fit_scope,condition_number,condition,condition_label,status,slope,intercept,r2,n_points
MT,condition,1.0,width_wide,Wide-width A1000 W50 ID20 / C1,ok,0.00022801426869707765,0.6510931109627847,0.028086761648849046,266
MT,condition,2.0,width_narrow,Narrow-width A1000 W20 ID50 / C2,ok,-0.000497580533422726,1.4900938638958325,0.024908089814297818,219
MT,condition,3.0,length_long,Long-distance A1500 W30 ID50 / C3,ok,-0.0005268929899544883,1.5039759411076972,0.03990406400368274,203
MT,condition,4.0,length_short,Short-distance A600 W30 ID20 / C4,ok,-0.00034944772471243976,0.7109733412730135,0.09281110169729989,256
MT,continuous_all_trials,,all,All conditions,ok,-4.854446198845667e-05,1.0365332236575815,0.0017405645630484967,944
We,condition,1.0,width_wide,Wide-width A1000 W50 ID20 / C1,ok,-0.05316913005742276,52.3051770701773,0.030701759694182762,266
We,condition,2.0,width_narrow,Narrow-width A1000 W20 ID50 / C2,ok,-0.020754913388806976,27.6604303216654,0.029174104350165764,219
We,condition,3.0,length_long,Long-distance A1500 W30 ID50 / C3,ok,0.009114650363623336,34.63833131161543,0.0022225255687918777,203
We,condition,4.0,length_short,Short-distance A600 W30 ID20 / C4,ok,-0.020249598152005156,22.887857406896,0.02838814318142302,256
We,continuous_all_trials,,all,All conditions,ok,-0.021778855547940738,44.1675404285462,0.15041147248584852,944
TPe,condition,1.0,width_wide,Wide-width A1000 W50 ID20 / C1,ok,0.029892424606397197,41.65673394851462,0.008325167068437778,266
TPe,condition,2.0,width_narrow,Narrow-width A1000 W20 ID50 / C2,ok,0.04543984742405377,29.651292725121724,0.04471108379195643,219
TPe,condition,3.0,length_long,Long-distance A1500 W30 ID50 / C3,ok,0.009282107726474713,35.8501525404081,0.0016099464099279537,203
TPe,condition,4.0,length_short,Short-distance A600 W30 ID20 / C4,ok,0.08382495980639036,48.38556672475022,0.04675039187627128,256
TPe,continuous_all_trials,,all,All conditions,ok,0.017310687727331797,35.75468764034734,0.048832602015946525,944
Ae,condition,1.0,width_wide,Wide-width A1000 W50 ID20 / C1,ok,-0.06801889017827137,1029.355138894862,0.023110225792932315,266
Ae,condition,2.0,width_narrow,Narrow-width A1000 W20 ID50 / C2,ok,-0.017297695308492636,1020.7390965788306,0.011311952257921587,219
Ae,condition,3.0,length_long,Long-distance A1500 W30 ID50 / C3,ok,0.0274595104958562,1511.9785453692773,0.012547320316078414,203
Ae,condition,4.0,length_short,Short-distance A600 W30 ID20 / C4,ok,0.030818746371145355,611.967167479953,0.01188114668750917,256
Ae,continuous_all_trials,,all,All conditions,ok,-0.2615549324799011,1171.1841837017712,0.09093229184479823,944
