condition_number,condition,condition_label,error_text,n_trials,condition_total,percent_in_condition
1,width_wide,Wide-width A1000 W50 ID20 / C1,deviation,116,300,38.666666666666664
1,width_wide,Wide-width A1000 W50 ID20 / C1,excessive_deviation,28,300,9.333333333333334
1,width_wide,Wide-width A1000 W50 ID20 / C1,near_goal_pointerup,34,300,11.333333333333332
1,width_wide,Wide-width A1000 W50 ID20 / C1,none,122,300,40.666666666666664
2,width_narrow,Narrow-width A1000 W20 ID50 / C2,deviation,176,300,58.666666666666664
2,width_narrow,Narrow-width A1000 W20 ID50 / C2,excessive_deviation,2,300,0.6666666666666667
2,width_narrow,Narrow-width A1000 W20 ID50 / C2,near_goal_pointerup,78,300,26.0
2,width_narrow,Narrow-width A1000 W20 ID50 / C2,none,44,300,14.666666666666666
3,length_long,Long-distance A1500 W30 ID50 / C3,deviation,143,300,47.66666666666667
3,length_long,Long-distance A1500 W30 ID50 / C3,excessive_deviation,10,300,3.3333333333333335
3,length_long,Long-distance A1500 W30 ID50 / C3,near_goal_pointerup,96,300,32.0
3,length_long,Long-distance A1500 W30 ID50 / C3,none,51,300,17.0
4,length_short,Short-distance A600 W30 ID20 / C4,deviation,87,300,28.999999999999996
4,length_short,Short-distance A600 W30 ID20 / C4,excessive_deviation,5,300,1.6666666666666667
4,length_short,Short-distance A600 W30 ID20 / C4,near_goal_pointerup,44,300,14.666666666666666
4,length_short,Short-distance A600 W30 ID20 / C4,none,164,300,54.666666666666664
