condition,N,global_N,global_block100,condition_label,metric,value
width_wide,1,1,1,Wide-width A1000 W50 ID20 / C1,We,
width_wide,2,2,1,Wide-width A1000 W50 ID20 / C1,We,33.01810076642044
width_wide,3,3,1,Wide-width A1000 W50 ID20 / C1,We,50.19632234607928
width_wide,4,4,1,Wide-width A1000 W50 ID20 / C1,We,36.82979317373462
width_wide,5,5,1,Wide-width A1000 W50 ID20 / C1,We,20.599697689167595
width_wide,6,6,1,Wide-width A1000 W50 ID20 / C1,We,156.5981004002615
width_wide,7,7,1,Wide-width A1000 W50 ID20 / C1,We,34.17636770456712
width_wide,8,8,1,Wide-width A1000 W50 ID20 / C1,We,
width_wide,9,9,1,Wide-width A1000 W50 ID20 / C1,We,29.835676557948805
width_wide,10,10,1,Wide-width A1000 W50 ID20 / C1,We,63.86488456819512
width_wide,11,11,1,Wide-width A1000 W50 ID20 / C1,We,18.382417828266735
width_wide,12,12,1,Wide-width A1000 W50 ID20 / C1,We,57.59672242903213
width_wide,13,13,1,Wide-width A1000 W50 ID20 / C1,We,29.413611542267784
width_wide,14,14,1,Wide-width A1000 W50 ID20 / C1,We,74.23013635806468
width_wide,15,15,1,Wide-width A1000 W50 ID20 / C1,We,74.29642096801976
width_wide,16,16,1,Wide-width A1000 W50 ID20 / C1,We,175.6219869150274
width_wide,17,17,1,Wide-width A1000 W50 ID20 / C1,We,56.37696260066415
width_wide,18,18,1,Wide-width A1000 W50 ID20 / C1,We,45.620541558842895
width_wide,19,19,1,Wide-width A1000 W50 ID20 / C1,We,
width_wide,20,20,1,Wide-width A1000 W50 ID20 / C1,We,89.21265629448973
width_wide,21,21,1,Wide-width A1000 W50 ID20 / C1,We,
width_wide,22,22,1,Wide-width A1000 W50 ID20 / C1,We,60.22970300007883
width_wide,23,23,1,Wide-width A1000 W50 ID20 / C1,We,36.81784141076424
width_wide,24,24,1,Wide-width A1000 W50 ID20 / C1,We,27.109234320767587
width_wide,25,25,1,Wide-width A1000 W50 ID20 / C1,We,41.04667950111186
width_wide,26,26,1,Wide-width A1000 W50 ID20 / C1,We,81.41505978428796
width_wide,27,27,1,Wide-width A1000 W50 ID20 / C1,We,81.2757934533859
width_wide,28,28,1,Wide-width A1000 W50 ID20 / C1,We,56.87452733335426
width_wide,29,29,1,Wide-width A1000 W50 ID20 / C1,We,82.56203959984019
width_wide,30,30,1,Wide-width A1000 W50 ID20 / C1,We,59.34976438356771
width_wide,31,31,1,Wide-width A1000 W50 ID20 / C1,We,
width_wide,32,32,1,Wide-width A1000 W50 ID20 / C1,We,41.46090900462606
width_wide,33,33,1,Wide-width A1000 W50 ID20 / C1,We,41.5001974781566
width_wide,34,34,1,Wide-width A1000 W50 ID20 / C1,We,42.660461711857245
width_wide,35,35,1,Wide-width A1000 W50 ID20 / C1,We,35.81624014383136
width_wide,36,36,1,Wide-width A1000 W50 ID20 / C1,We,71.50110033985091
width_wide,37,37,1,Wide-width A1000 W50 ID20 / C1,We,76.13958694803755
width_wide,38,38,1,Wide-width A1000 W50 ID20 / C1,We,160.12468149390946
width_wide,39,39,1,Wide-width A1000 W50 ID20 / C1,We,41.05097585963372
width_wide,40,40,1,Wide-width A1000 W50 ID20 / C1,We,
width_wide,41,41,1,Wide-width A1000 W50 ID20 / C1,We,53.546054513594534
width_wide,42,42,1,Wide-width A1000 W50 ID20 / C1,We,25.485389339573338
width_wide,43,43,1,Wide-width A1000 W50 ID20 / C1,We,45.55638792443512
width_wide,44,44,1,Wide-width A1000 W50 ID20 / C1,We,
width_wide,45,45,1,Wide-width A1000 W50 ID20 / C1,We,53.57195496993326
width_wide,46,46,1,Wide-width A1000 W50 ID20 / C1,We,44.197744881730685
width_wide,47,47,1,Wide-width A1000 W50 ID20 / C1,We,45.476191949719855
width_wide,48,48,1,Wide-width A1000 W50 ID20 / C1,We,
width_wide,49,49,1,Wide-width A1000 W50 ID20 / C1,We,38.1534888648595
width_wide,50,50,1,Wide-width A1000 W50 ID20 / C1,We,83.63555271170432
width_wide,51,51,1,Wide-width A1000 W50 ID20 / C1,We,80.25460107623928
width_wide,52,52,1,Wide-width A1000 W50 ID20 / C1,We,
width_wide,53,53,1,Wide-width A1000 W50 ID20 / C1,We,31.936480161470325
width_wide,54,54,1,Wide-width A1000 W50 ID20 / C1,We,26.298181450072768
width_wide,55,55,1,Wide-width A1000 W50 ID20 / C1,We,
width_wide,56,56,1,Wide-width A1000 W50 ID20 / C1,We,26.48530497654521
width_wide,57,57,1,Wide-width A1000 W50 ID20 / C1,We,21.050428018013633
width_wide,58,58,1,Wide-width A1000 W50 ID20 / C1,We,58.76057069381506
width_wide,59,59,1,Wide-width A1000 W50 ID20 / C1,We,31.800072614305456
width_wide,60,60,1,Wide-width A1000 W50 ID20 / C1,We,51.32338235394077
width_wide,61,61,1,Wide-width A1000 W50 ID20 / C1,We,
width_wide,62,62,1,Wide-width A1000 W50 ID20 / C1,We,42.03240103360779
width_wide,63,63,1,Wide-width A1000 W50 ID20 / C1,We,54.95474644781535
width_wide,64,64,1,Wide-width A1000 W50 ID20 / C1,We,38.11072989485448
width_wide,65,65,1,Wide-width A1000 W50 ID20 / C1,We,44.951361906927325
width_wide,66,66,1,Wide-width A1000 W50 ID20 / C1,We,40.31350613473549
width_wide,67,67,1,Wide-width A1000 W50 ID20 / C1,We,
width_wide,68,68,1,Wide-width A1000 W50 ID20 / C1,We,50.04300681809569
width_wide,69,69,1,Wide-width A1000 W50 ID20 / C1,We,10.540729415386169
width_wide,70,70,1,Wide-width A1000 W50 ID20 / C1,We,72.59213879042008
width_wide,71,71,1,Wide-width A1000 W50 ID20 / C1,We,65.02634616683102
width_wide,72,72,1,Wide-width A1000 W50 ID20 / C1,We,41.5780419959955
width_wide,73,73,1,Wide-width A1000 W50 ID20 / C1,We,23.768649388957524
width_wide,74,74,1,Wide-width A1000 W50 ID20 / C1,We,23.788874433566743
width_wide,75,75,1,Wide-width A1000 W50 ID20 / C1,We,26.55334849984665
width_wide,76,76,1,Wide-width A1000 W50 ID20 / C1,We,
width_wide,77,77,1,Wide-width A1000 W50 ID20 / C1,We,69.03274888099877
width_wide,78,78,1,Wide-width A1000 W50 ID20 / C1,We,48.122411039389824
width_wide,79,79,1,Wide-width A1000 W50 ID20 / C1,We,84.02717776571534
width_wide,80,80,1,Wide-width A1000 W50 ID20 / C1,We,35.694606076833445
width_wide,81,81,1,Wide-width A1000 W50 ID20 / C1,We,27.455466605477895
width_wide,82,82,1,Wide-width A1000 W50 ID20 / C1,We,51.68205817871404
width_wide,83,83,1,Wide-width A1000 W50 ID20 / C1,We,75.71079473192549
width_wide,84,84,1,Wide-width A1000 W50 ID20 / C1,We,69.33994894891096
width_wide,85,85,1,Wide-width A1000 W50 ID20 / C1,We,21.455562142845118
width_wide,86,86,1,Wide-width A1000 W50 ID20 / C1,We,39.46868178357043
width_wide,87,87,1,Wide-width A1000 W50 ID20 / C1,We,25.82795996736915
width_wide,88,88,1,Wide-width A1000 W50 ID20 / C1,We,55.94696235540508
width_wide,89,89,1,Wide-width A1000 W50 ID20 / C1,We,34.08585805985079
width_wide,90,90,1,Wide-width A1000 W50 ID20 / C1,We,21.827814585095368
width_wide,91,91,1,Wide-width A1000 W50 ID20 / C1,We,33.50553648968974
width_wide,92,92,1,Wide-width A1000 W50 ID20 / C1,We,27.353149918822883
width_wide,93,93,1,Wide-width A1000 W50 ID20 / C1,We,59.467573347836336
width_wide,94,94,1,Wide-width A1000 W50 ID20 / C1,We,40.74726228958972
width_wide,95,95,1,Wide-width A1000 W50 ID20 / C1,We,64.41076029078198
width_wide,96,96,1,Wide-width A1000 W50 ID20 / C1,We,
width_wide,97,97,1,Wide-width A1000 W50 ID20 / C1,We,25.321390847893106
width_wide,98,98,1,Wide-width A1000 W50 ID20 / C1,We,61.878641294675774
width_wide,99,99,1,Wide-width A1000 W50 ID20 / C1,We,40.820342538733996
width_wide,100,100,1,Wide-width A1000 W50 ID20 / C1,We,55.43390576711574
width_wide,101,101,2,Wide-width A1000 W50 ID20 / C1,We,60.83407638101914
width_wide,102,102,2,Wide-width A1000 W50 ID20 / C1,We,12.81258085055339
width_wide,103,103,2,Wide-width A1000 W50 ID20 / C1,We,
width_wide,104,104,2,Wide-width A1000 W50 ID20 / C1,We,37.19886887383093
width_wide,105,105,2,Wide-width A1000 W50 ID20 / C1,We,30.944462470292216
width_wide,106,106,2,Wide-width A1000 W50 ID20 / C1,We,27.509131469489137
width_wide,107,107,2,Wide-width A1000 W50 ID20 / C1,We,42.290617536665984
width_wide,108,108,2,Wide-width A1000 W50 ID20 / C1,We,
width_wide,109,109,2,Wide-width A1000 W50 ID20 / C1,We,13.381329500567448
width_wide,110,110,2,Wide-width A1000 W50 ID20 / C1,We,39.734976866628834
width_wide,111,111,2,Wide-width A1000 W50 ID20 / C1,We,58.409240590477424
width_wide,112,112,2,Wide-width A1000 W50 ID20 / C1,We,32.185651705183844
width_wide,113,113,2,Wide-width A1000 W50 ID20 / C1,We,17.787060452343713
width_wide,114,114,2,Wide-width A1000 W50 ID20 / C1,We,23.503932129329765
width_wide,115,115,2,Wide-width A1000 W50 ID20 / C1,We,35.16484160818366
width_wide,116,116,2,Wide-width A1000 W50 ID20 / C1,We,39.60594567456808
width_wide,117,117,2,Wide-width A1000 W50 ID20 / C1,We,38.12355695831914
width_wide,118,118,2,Wide-width A1000 W50 ID20 / C1,We,18.8494952821675
width_wide,119,119,2,Wide-width A1000 W50 ID20 / C1,We,59.433169240614525
width_wide,120,120,2,Wide-width A1000 W50 ID20 / C1,We,29.890287589233523
width_wide,121,121,2,Wide-width A1000 W50 ID20 / C1,We,67.94504781505337
width_wide,122,122,2,Wide-width A1000 W50 ID20 / C1,We,11.94635963152579
width_wide,123,123,2,Wide-width A1000 W50 ID20 / C1,We,35.94855198384373
width_wide,124,124,2,Wide-width A1000 W50 ID20 / C1,We,16.185443105606684
width_wide,125,125,2,Wide-width A1000 W50 ID20 / C1,We,28.133819720613232
width_wide,126,126,2,Wide-width A1000 W50 ID20 / C1,We,54.42139319811852
width_wide,127,127,2,Wide-width A1000 W50 ID20 / C1,We,33.623558644087716
width_wide,128,128,2,Wide-width A1000 W50 ID20 / C1,We,21.270127717922218
width_wide,129,129,2,Wide-width A1000 W50 ID20 / C1,We,16.575921631820687
width_wide,130,130,2,Wide-width A1000 W50 ID20 / C1,We,41.00267034362453
width_wide,131,131,2,Wide-width A1000 W50 ID20 / C1,We,48.6639182355637
width_wide,132,132,2,Wide-width A1000 W50 ID20 / C1,We,99.0740337245849
width_wide,133,133,2,Wide-width A1000 W50 ID20 / C1,We,30.76756456506711
width_wide,134,134,2,Wide-width A1000 W50 ID20 / C1,We,41.89933049038275
width_wide,135,135,2,Wide-width A1000 W50 ID20 / C1,We,14.664221680558617
width_wide,136,136,2,Wide-width A1000 W50 ID20 / C1,We,21.76603354261177
width_wide,137,137,2,Wide-width A1000 W50 ID20 / C1,We,46.46210249287254
width_wide,138,138,2,Wide-width A1000 W50 ID20 / C1,We,44.427299440132465
width_wide,139,139,2,Wide-width A1000 W50 ID20 / C1,We,32.38723191182921
width_wide,140,140,2,Wide-width A1000 W50 ID20 / C1,We,144.69248235128904
width_wide,141,141,2,Wide-width A1000 W50 ID20 / C1,We,32.01911657362832
width_wide,142,142,2,Wide-width A1000 W50 ID20 / C1,We,46.90790232125654
width_wide,143,143,2,Wide-width A1000 W50 ID20 / C1,We,51.923375810174605
width_wide,144,144,2,Wide-width A1000 W50 ID20 / C1,We,
width_wide,145,145,2,Wide-width A1000 W50 ID20 / C1,We,
width_wide,146,146,2,Wide-width A1000 W50 ID20 / C1,We,80.9528645216892
width_wide,147,147,2,Wide-width A1000 W50 ID20 / C1,We,52.44165071843039
width_wide,148,148,2,Wide-width A1000 W50 ID20 / C1,We,52.201058799369186
width_wide,149,149,2,Wide-width A1000 W50 ID20 / C1,We,52.39319237601602
width_wide,150,150,2,Wide-width A1000 W50 ID20 / C1,We,30.93383973165288
width_wide,151,151,2,Wide-width A1000 W50 ID20 / C1,We,195.0673510783108
width_wide,152,152,2,Wide-width A1000 W50 ID20 / C1,We,50.101686601163024
width_wide,153,153,2,Wide-width A1000 W50 ID20 / C1,We,29.123011928923823
width_wide,154,154,2,Wide-width A1000 W50 ID20 / C1,We,12.57473740371128
width_wide,155,155,2,Wide-width A1000 W50 ID20 / C1,We,49.58827786658548
width_wide,156,156,2,Wide-width A1000 W50 ID20 / C1,We,21.627987061515846
width_wide,157,157,2,Wide-width A1000 W50 ID20 / C1,We,
width_wide,158,158,2,Wide-width A1000 W50 ID20 / C1,We,48.8968688458723
width_wide,159,159,2,Wide-width A1000 W50 ID20 / C1,We,72.60991192805365
width_wide,160,160,2,Wide-width A1000 W50 ID20 / C1,We,37.79254040799531
width_wide,161,161,2,Wide-width A1000 W50 ID20 / C1,We,19.601790034807394
width_wide,162,162,2,Wide-width A1000 W50 ID20 / C1,We,35.69855869977574
width_wide,163,163,2,Wide-width A1000 W50 ID20 / C1,We,104.52388204690254
width_wide,164,164,2,Wide-width A1000 W50 ID20 / C1,We,24.1456455542667
width_wide,165,165,2,Wide-width A1000 W50 ID20 / C1,We,29.31715433330565
width_wide,166,166,2,Wide-width A1000 W50 ID20 / C1,We,45.31219404928808
width_wide,167,167,2,Wide-width A1000 W50 ID20 / C1,We,41.672242412371816
width_wide,168,168,2,Wide-width A1000 W50 ID20 / C1,We,38.54250527425096
width_wide,169,169,2,Wide-width A1000 W50 ID20 / C1,We,48.66847782882732
width_wide,170,170,2,Wide-width A1000 W50 ID20 / C1,We,31.42961889463333
width_wide,171,171,2,Wide-width A1000 W50 ID20 / C1,We,44.47699112150908
width_wide,172,172,2,Wide-width A1000 W50 ID20 / C1,We,58.71503080309158
width_wide,173,173,2,Wide-width A1000 W50 ID20 / C1,We,63.65622342170709
width_wide,174,174,2,Wide-width A1000 W50 ID20 / C1,We,59.506964365059645
width_wide,175,175,2,Wide-width A1000 W50 ID20 / C1,We,43.63132320149479
width_wide,176,176,2,Wide-width A1000 W50 ID20 / C1,We,
width_wide,177,177,2,Wide-width A1000 W50 ID20 / C1,We,25.25874090825237
width_wide,178,178,2,Wide-width A1000 W50 ID20 / C1,We,10.58327417396428
width_wide,179,179,2,Wide-width A1000 W50 ID20 / C1,We,13.243383841966489
width_wide,180,180,2,Wide-width A1000 W50 ID20 / C1,We,34.10998269801504
width_wide,181,181,2,Wide-width A1000 W50 ID20 / C1,We,43.804820592796716
width_wide,182,182,2,Wide-width A1000 W50 ID20 / C1,We,33.8530094137811
width_wide,183,183,2,Wide-width A1000 W50 ID20 / C1,We,37.99128904017275
width_wide,184,184,2,Wide-width A1000 W50 ID20 / C1,We,60.17524154977625
width_wide,185,185,2,Wide-width A1000 W50 ID20 / C1,We,62.11103204710278
width_wide,186,186,2,Wide-width A1000 W50 ID20 / C1,We,60.18935438704522
width_wide,187,187,2,Wide-width A1000 W50 ID20 / C1,We,38.97484229031234
width_wide,188,188,2,Wide-width A1000 W50 ID20 / C1,We,16.880755062399864
width_wide,189,189,2,Wide-width A1000 W50 ID20 / C1,We,35.29952290770308
width_wide,190,190,2,Wide-width A1000 W50 ID20 / C1,We,14.725396456304008
width_wide,191,191,2,Wide-width A1000 W50 ID20 / C1,We,19.867712666199377
width_wide,192,192,2,Wide-width A1000 W50 ID20 / C1,We,52.483575775347056
width_wide,193,193,2,Wide-width A1000 W50 ID20 / C1,We,18.45290525066917
width_wide,194,194,2,Wide-width A1000 W50 ID20 / C1,We,27.97119490934232
width_wide,195,195,2,Wide-width A1000 W50 ID20 / C1,We,24.940327019152022
width_wide,196,196,2,Wide-width A1000 W50 ID20 / C1,We,24.93959021195029
width_wide,197,197,2,Wide-width A1000 W50 ID20 / C1,We,16.696986235871847
width_wide,198,198,2,Wide-width A1000 W50 ID20 / C1,We,
width_wide,199,199,2,Wide-width A1000 W50 ID20 / C1,We,29.23415611137024
width_wide,200,200,2,Wide-width A1000 W50 ID20 / C1,We,42.49252522212116
width_wide,201,201,3,Wide-width A1000 W50 ID20 / C1,We,
width_wide,202,202,3,Wide-width A1000 W50 ID20 / C1,We,27.954374249585772
width_wide,203,203,3,Wide-width A1000 W50 ID20 / C1,We,
width_wide,204,204,3,Wide-width A1000 W50 ID20 / C1,We,18.45871693282651
width_wide,205,205,3,Wide-width A1000 W50 ID20 / C1,We,38.33668670605508
width_wide,206,206,3,Wide-width A1000 W50 ID20 / C1,We,22.87892245778638
width_wide,207,207,3,Wide-width A1000 W50 ID20 / C1,We,
width_wide,208,208,3,Wide-width A1000 W50 ID20 / C1,We,27.139456323123294
width_wide,209,209,3,Wide-width A1000 W50 ID20 / C1,We,
width_wide,210,210,3,Wide-width A1000 W50 ID20 / C1,We,63.30035877169031
width_wide,211,211,3,Wide-width A1000 W50 ID20 / C1,We,32.51344628227027
width_wide,212,212,3,Wide-width A1000 W50 ID20 / C1,We,28.490760009829945
width_wide,213,213,3,Wide-width A1000 W50 ID20 / C1,We,76.00916465242429
width_wide,214,214,3,Wide-width A1000 W50 ID20 / C1,We,28.742531130717506
width_wide,215,215,3,Wide-width A1000 W50 ID20 / C1,We,20.936662655265117
width_wide,216,216,3,Wide-width A1000 W50 ID20 / C1,We,26.692229104791263
width_wide,217,217,3,Wide-width A1000 W50 ID20 / C1,We,
width_wide,218,218,3,Wide-width A1000 W50 ID20 / C1,We,54.65160258251509
width_wide,219,219,3,Wide-width A1000 W50 ID20 / C1,We,21.19069220522019
width_wide,220,220,3,Wide-width A1000 W50 ID20 / C1,We,
width_wide,221,221,3,Wide-width A1000 W50 ID20 / C1,We,41.06274323835356
width_wide,222,222,3,Wide-width A1000 W50 ID20 / C1,We,58.51499123503636
width_wide,223,223,3,Wide-width A1000 W50 ID20 / C1,We,13.37194893645606
width_wide,224,224,3,Wide-width A1000 W50 ID20 / C1,We,12.874287426534751
width_wide,225,225,3,Wide-width A1000 W50 ID20 / C1,We,58.763596660427915
width_wide,226,226,3,Wide-width A1000 W50 ID20 / C1,We,48.44611485924343
width_wide,227,227,3,Wide-width A1000 W50 ID20 / C1,We,65.75956861279623
width_wide,228,228,3,Wide-width A1000 W50 ID20 / C1,We,64.93122933531467
width_wide,229,229,3,Wide-width A1000 W50 ID20 / C1,We,42.11918472024964
width_wide,230,230,3,Wide-width A1000 W50 ID20 / C1,We,57.97067559931314
width_wide,231,231,3,Wide-width A1000 W50 ID20 / C1,We,
width_wide,232,232,3,Wide-width A1000 W50 ID20 / C1,We,46.29599255448532
width_wide,233,233,3,Wide-width A1000 W50 ID20 / C1,We,40.80299956477671
width_wide,234,234,3,Wide-width A1000 W50 ID20 / C1,We,
width_wide,235,235,3,Wide-width A1000 W50 ID20 / C1,We,42.81500296291295
width_wide,236,236,3,Wide-width A1000 W50 ID20 / C1,We,39.03086261164084
width_wide,237,237,3,Wide-width A1000 W50 ID20 / C1,We,35.128749310318284
width_wide,238,238,3,Wide-width A1000 W50 ID20 / C1,We,39.19369619290194
width_wide,239,239,3,Wide-width A1000 W50 ID20 / C1,We,23.64031636929506
width_wide,240,240,3,Wide-width A1000 W50 ID20 / C1,We,11.68811736932712
width_wide,241,241,3,Wide-width A1000 W50 ID20 / C1,We,27.010761380220398
width_wide,242,242,3,Wide-width A1000 W50 ID20 / C1,We,85.76899074435507
width_wide,243,243,3,Wide-width A1000 W50 ID20 / C1,We,51.740578233340834
width_wide,244,244,3,Wide-width A1000 W50 ID20 / C1,We,17.517401899916226
width_wide,245,245,3,Wide-width A1000 W50 ID20 / C1,We,38.80873924316961
width_wide,246,246,3,Wide-width A1000 W50 ID20 / C1,We,39.28716402642786
width_wide,247,247,3,Wide-width A1000 W50 ID20 / C1,We,9.743093172635948
width_wide,248,248,3,Wide-width A1000 W50 ID20 / C1,We,
width_wide,249,249,3,Wide-width A1000 W50 ID20 / C1,We,72.71870536492492
width_wide,250,250,3,Wide-width A1000 W50 ID20 / C1,We,27.540233520008897
width_wide,251,251,3,Wide-width A1000 W50 ID20 / C1,We,51.97682363091153
width_wide,252,252,3,Wide-width A1000 W50 ID20 / C1,We,35.74820818557161
width_wide,253,253,3,Wide-width A1000 W50 ID20 / C1,We,16.02307339891716
width_wide,254,254,3,Wide-width A1000 W50 ID20 / C1,We,36.79306067704444
width_wide,255,255,3,Wide-width A1000 W50 ID20 / C1,We,38.98782071144647
width_wide,256,256,3,Wide-width A1000 W50 ID20 / C1,We,78.23443595972671
width_wide,257,257,3,Wide-width A1000 W50 ID20 / C1,We,61.485493822028246
width_wide,258,258,3,Wide-width A1000 W50 ID20 / C1,We,32.81509574617336
width_wide,259,259,3,Wide-width A1000 W50 ID20 / C1,We,33.93103992349905
width_wide,260,260,3,Wide-width A1000 W50 ID20 / C1,We,19.28839799287695
width_wide,261,261,3,Wide-width A1000 W50 ID20 / C1,We,25.529659496099733
width_wide,262,262,3,Wide-width A1000 W50 ID20 / C1,We,23.562808822980795
width_wide,263,263,3,Wide-width A1000 W50 ID20 / C1,We,148.16932967378875
width_wide,264,264,3,Wide-width A1000 W50 ID20 / C1,We,16.75730396430831
width_wide,265,265,3,Wide-width A1000 W50 ID20 / C1,We,55.287913602067206
width_wide,266,266,3,Wide-width A1000 W50 ID20 / C1,We,40.22015326774017
width_wide,267,267,3,Wide-width A1000 W50 ID20 / C1,We,16.94071530676722
width_wide,268,268,3,Wide-width A1000 W50 ID20 / C1,We,27.68354951124775
width_wide,269,269,3,Wide-width A1000 W50 ID20 / C1,We,63.677548352591906
width_wide,270,270,3,Wide-width A1000 W50 ID20 / C1,We,58.51753297849163
width_wide,271,271,3,Wide-width A1000 W50 ID20 / C1,We,59.01537329378144
width_wide,272,272,3,Wide-width A1000 W50 ID20 / C1,We,51.337960721494596
width_wide,273,273,3,Wide-width A1000 W50 ID20 / C1,We,68.48116163621077
width_wide,274,274,3,Wide-width A1000 W50 ID20 / C1,We,
width_wide,275,275,3,Wide-width A1000 W50 ID20 / C1,We,25.54601693816289
width_wide,276,276,3,Wide-width A1000 W50 ID20 / C1,We,22.161687402672303
width_wide,277,277,3,Wide-width A1000 W50 ID20 / C1,We,44.266316977683985
width_wide,278,278,3,Wide-width A1000 W50 ID20 / C1,We,
width_wide,279,279,3,Wide-width A1000 W50 ID20 / C1,We,
width_wide,280,280,3,Wide-width A1000 W50 ID20 / C1,We,34.286484936197205
width_wide,281,281,3,Wide-width A1000 W50 ID20 / C1,We,46.44300771815379
width_wide,282,282,3,Wide-width A1000 W50 ID20 / C1,We,37.871795726342064
width_wide,283,283,3,Wide-width A1000 W50 ID20 / C1,We,85.3803110354297
width_wide,284,284,3,Wide-width A1000 W50 ID20 / C1,We,27.89858530849963
width_wide,285,285,3,Wide-width A1000 W50 ID20 / C1,We,25.51549289500757
width_wide,286,286,3,Wide-width A1000 W50 ID20 / C1,We,23.644543926750472
width_wide,287,287,3,Wide-width A1000 W50 ID20 / C1,We,34.314854256587154
width_wide,288,288,3,Wide-width A1000 W50 ID20 / C1,We,15.367658244810338
width_wide,289,289,3,Wide-width A1000 W50 ID20 / C1,We,42.21734601967459
width_wide,290,290,3,Wide-width A1000 W50 ID20 / C1,We,26.337674306023427
width_wide,291,291,3,Wide-width A1000 W50 ID20 / C1,We,43.92188172348447
width_wide,292,292,3,Wide-width A1000 W50 ID20 / C1,We,45.70703846061118
width_wide,293,293,3,Wide-width A1000 W50 ID20 / C1,We,60.40314284207396
width_wide,294,294,3,Wide-width A1000 W50 ID20 / C1,We,30.739646744975673
width_wide,295,295,3,Wide-width A1000 W50 ID20 / C1,We,55.58802229073796
width_wide,296,296,3,Wide-width A1000 W50 ID20 / C1,We,25.87558570881524
width_wide,297,297,3,Wide-width A1000 W50 ID20 / C1,We,
width_wide,298,298,3,Wide-width A1000 W50 ID20 / C1,We,67.04464809085016
width_wide,299,299,3,Wide-width A1000 W50 ID20 / C1,We,39.886632671303644
width_wide,300,300,3,Wide-width A1000 W50 ID20 / C1,We,21.25631498188967
width_narrow,1,301,4,Narrow-width A1000 W20 ID50 / C2,We,41.31370845398837
width_narrow,2,302,4,Narrow-width A1000 W20 ID50 / C2,We,13.851241510081163
width_narrow,3,303,4,Narrow-width A1000 W20 ID50 / C2,We,30.369004784504128
width_narrow,4,304,4,Narrow-width A1000 W20 ID50 / C2,We,19.77722064864364
width_narrow,5,305,4,Narrow-width A1000 W20 ID50 / C2,We,
width_narrow,6,306,4,Narrow-width A1000 W20 ID50 / C2,We,
width_narrow,7,307,4,Narrow-width A1000 W20 ID50 / C2,We,15.75450104054673
width_narrow,8,308,4,Narrow-width A1000 W20 ID50 / C2,We,
width_narrow,9,309,4,Narrow-width A1000 W20 ID50 / C2,We,34.90202398218996
width_narrow,10,310,4,Narrow-width A1000 W20 ID50 / C2,We,35.08141598906508
width_narrow,11,311,4,Narrow-width A1000 W20 ID50 / C2,We,27.539398354306556
width_narrow,12,312,4,Narrow-width A1000 W20 ID50 / C2,We,17.345116205877687
width_narrow,13,313,4,Narrow-width A1000 W20 ID50 / C2,We,44.84743729714891
width_narrow,14,314,4,Narrow-width A1000 W20 ID50 / C2,We,14.83835158283485
width_narrow,15,315,4,Narrow-width A1000 W20 ID50 / C2,We,20.246513155905674
width_narrow,16,316,4,Narrow-width A1000 W20 ID50 / C2,We,12.572542005046435
width_narrow,17,317,4,Narrow-width A1000 W20 ID50 / C2,We,12.126252345554779
width_narrow,18,318,4,Narrow-width A1000 W20 ID50 / C2,We,28.32402320785313
width_narrow,19,319,4,Narrow-width A1000 W20 ID50 / C2,We,36.04879855607994
width_narrow,20,320,4,Narrow-width A1000 W20 ID50 / C2,We,20.05485863025429
width_narrow,21,321,4,Narrow-width A1000 W20 ID50 / C2,We,20.852375887725582
width_narrow,22,322,4,Narrow-width A1000 W20 ID50 / C2,We,13.725542009059373
width_narrow,23,323,4,Narrow-width A1000 W20 ID50 / C2,We,32.29421090579145
width_narrow,24,324,4,Narrow-width A1000 W20 ID50 / C2,We,21.168710538181813
width_narrow,25,325,4,Narrow-width A1000 W20 ID50 / C2,We,15.028147482363433
width_narrow,26,326,4,Narrow-width A1000 W20 ID50 / C2,We,13.685755868918175
width_narrow,27,327,4,Narrow-width A1000 W20 ID50 / C2,We,22.568910707868863
width_narrow,28,328,4,Narrow-width A1000 W20 ID50 / C2,We,12.547653341743429
width_narrow,29,329,4,Narrow-width A1000 W20 ID50 / C2,We,66.02734022721424
width_narrow,30,330,4,Narrow-width A1000 W20 ID50 / C2,We,32.234245201813685
width_narrow,31,331,4,Narrow-width A1000 W20 ID50 / C2,We,32.721697576519134
width_narrow,32,332,4,Narrow-width A1000 W20 ID50 / C2,We,39.69642123691344
width_narrow,33,333,4,Narrow-width A1000 W20 ID50 / C2,We,22.906498103240477
width_narrow,34,334,4,Narrow-width A1000 W20 ID50 / C2,We,34.90133580916633
width_narrow,35,335,4,Narrow-width A1000 W20 ID50 / C2,We,23.694043474757688
width_narrow,36,336,4,Narrow-width A1000 W20 ID50 / C2,We,16.53727647184695
width_narrow,37,337,4,Narrow-width A1000 W20 ID50 / C2,We,
width_narrow,38,338,4,Narrow-width A1000 W20 ID50 / C2,We,16.291951255206516
width_narrow,39,339,4,Narrow-width A1000 W20 ID50 / C2,We,28.359467424170816
width_narrow,40,340,4,Narrow-width A1000 W20 ID50 / C2,We,
width_narrow,41,341,4,Narrow-width A1000 W20 ID50 / C2,We,35.586192560274014
width_narrow,42,342,4,Narrow-width A1000 W20 ID50 / C2,We,11.544587317809048
width_narrow,43,343,4,Narrow-width A1000 W20 ID50 / C2,We,10.553592563563837
width_narrow,44,344,4,Narrow-width A1000 W20 ID50 / C2,We,
width_narrow,45,345,4,Narrow-width A1000 W20 ID50 / C2,We,28.211840283834093
width_narrow,46,346,4,Narrow-width A1000 W20 ID50 / C2,We,38.88699246683786
width_narrow,47,347,4,Narrow-width A1000 W20 ID50 / C2,We,22.840101928489485
width_narrow,48,348,4,Narrow-width A1000 W20 ID50 / C2,We,20.668144783193924
width_narrow,49,349,4,Narrow-width A1000 W20 ID50 / C2,We,23.33657355910192
width_narrow,50,350,4,Narrow-width A1000 W20 ID50 / C2,We,26.616783042325608
width_narrow,51,351,4,Narrow-width A1000 W20 ID50 / C2,We,24.13941505100605
width_narrow,52,352,4,Narrow-width A1000 W20 ID50 / C2,We,38.23669751009492
width_narrow,53,353,4,Narrow-width A1000 W20 ID50 / C2,We,
width_narrow,54,354,4,Narrow-width A1000 W20 ID50 / C2,We,16.19746458964056
width_narrow,55,355,4,Narrow-width A1000 W20 ID50 / C2,We,65.93583678801343
width_narrow,56,356,4,Narrow-width A1000 W20 ID50 / C2,We,18.74281216500482
width_narrow,57,357,4,Narrow-width A1000 W20 ID50 / C2,We,
width_narrow,58,358,4,Narrow-width A1000 W20 ID50 / C2,We,18.886279617534598
width_narrow,59,359,4,Narrow-width A1000 W20 ID50 / C2,We,27.404224712321913
width_narrow,60,360,4,Narrow-width A1000 W20 ID50 / C2,We,
width_narrow,61,361,4,Narrow-width A1000 W20 ID50 / C2,We,
width_narrow,62,362,4,Narrow-width A1000 W20 ID50 / C2,We,38.27777261340849
width_narrow,63,363,4,Narrow-width A1000 W20 ID50 / C2,We,23.755750400625825
width_narrow,64,364,4,Narrow-width A1000 W20 ID50 / C2,We,30.70575806655662
width_narrow,65,365,4,Narrow-width A1000 W20 ID50 / C2,We,24.836921383315513
width_narrow,66,366,4,Narrow-width A1000 W20 ID50 / C2,We,
width_narrow,67,367,4,Narrow-width A1000 W20 ID50 / C2,We,18.872335221282917
width_narrow,68,368,4,Narrow-width A1000 W20 ID50 / C2,We,31.8444615757693
width_narrow,69,369,4,Narrow-width A1000 W20 ID50 / C2,We,42.986956960317784
width_narrow,70,370,4,Narrow-width A1000 W20 ID50 / C2,We,26.782033338793664
width_narrow,71,371,4,Narrow-width A1000 W20 ID50 / C2,We,53.3223890522232
width_narrow,72,372,4,Narrow-width A1000 W20 ID50 / C2,We,32.150366996920866
width_narrow,73,373,4,Narrow-width A1000 W20 ID50 / C2,We,
width_narrow,74,374,4,Narrow-width A1000 W20 ID50 / C2,We,23.443293462245403
width_narrow,75,375,4,Narrow-width A1000 W20 ID50 / C2,We,15.258611174430905
width_narrow,76,376,4,Narrow-width A1000 W20 ID50 / C2,We,22.445744986646016
width_narrow,77,377,4,Narrow-width A1000 W20 ID50 / C2,We,
width_narrow,78,378,4,Narrow-width A1000 W20 ID50 / C2,We,23.62432785057113
width_narrow,79,379,4,Narrow-width A1000 W20 ID50 / C2,We,31.214206511553947
width_narrow,80,380,4,Narrow-width A1000 W20 ID50 / C2,We,20.652362561061267
width_narrow,81,381,4,Narrow-width A1000 W20 ID50 / C2,We,19.374049503462057
width_narrow,82,382,4,Narrow-width A1000 W20 ID50 / C2,We,29.503874048721944
width_narrow,83,383,4,Narrow-width A1000 W20 ID50 / C2,We,
width_narrow,84,384,4,Narrow-width A1000 W20 ID50 / C2,We,33.92546668431089
width_narrow,85,385,4,Narrow-width A1000 W20 ID50 / C2,We,31.435558546866098
width_narrow,86,386,4,Narrow-width A1000 W20 ID50 / C2,We,34.28344857537743
width_narrow,87,387,4,Narrow-width A1000 W20 ID50 / C2,We,28.008586644082826
width_narrow,88,388,4,Narrow-width A1000 W20 ID50 / C2,We,
width_narrow,89,389,4,Narrow-width A1000 W20 ID50 / C2,We,40.18909233466482
width_narrow,90,390,4,Narrow-width A1000 W20 ID50 / C2,We,
width_narrow,91,391,4,Narrow-width A1000 W20 ID50 / C2,We,36.549597347518414
width_narrow,92,392,4,Narrow-width A1000 W20 ID50 / C2,We,38.68171286350458
width_narrow,93,393,4,Narrow-width A1000 W20 ID50 / C2,We,24.919764600363067
width_narrow,94,394,4,Narrow-width A1000 W20 ID50 / C2,We,9.695949980159131
width_narrow,95,395,4,Narrow-width A1000 W20 ID50 / C2,We,27.696573185771417
width_narrow,96,396,4,Narrow-width A1000 W20 ID50 / C2,We,33.001789711327866
width_narrow,97,397,4,Narrow-width A1000 W20 ID50 / C2,We,
width_narrow,98,398,4,Narrow-width A1000 W20 ID50 / C2,We,33.17238323373134
width_narrow,99,399,4,Narrow-width A1000 W20 ID50 / C2,We,
width_narrow,100,400,4,Narrow-width A1000 W20 ID50 / C2,We,21.927945491682195
width_narrow,101,401,5,Narrow-width A1000 W20 ID50 / C2,We,
width_narrow,102,402,5,Narrow-width A1000 W20 ID50 / C2,We,
width_narrow,103,403,5,Narrow-width A1000 W20 ID50 / C2,We,
width_narrow,104,404,5,Narrow-width A1000 W20 ID50 / C2,We,
width_narrow,105,405,5,Narrow-width A1000 W20 ID50 / C2,We,28.611302456146596
width_narrow,106,406,5,Narrow-width A1000 W20 ID50 / C2,We,
width_narrow,107,407,5,Narrow-width A1000 W20 ID50 / C2,We,16.241828111505928
width_narrow,108,408,5,Narrow-width A1000 W20 ID50 / C2,We,16.394238922422534
width_narrow,109,409,5,Narrow-width A1000 W20 ID50 / C2,We,8.9481455108099
width_narrow,110,410,5,Narrow-width A1000 W20 ID50 / C2,We,26.499637280658533
width_narrow,111,411,5,Narrow-width A1000 W20 ID50 / C2,We,
width_narrow,112,412,5,Narrow-width A1000 W20 ID50 / C2,We,17.21305720191031
width_narrow,113,413,5,Narrow-width A1000 W20 ID50 / C2,We,15.381918187695385
width_narrow,114,414,5,Narrow-width A1000 W20 ID50 / C2,We,25.05980071466686
width_narrow,115,415,5,Narrow-width A1000 W20 ID50 / C2,We,23.055000584600037
width_narrow,116,416,5,Narrow-width A1000 W20 ID50 / C2,We,20.81979768720319
width_narrow,117,417,5,Narrow-width A1000 W20 ID50 / C2,We,49.599032747095706
width_narrow,118,418,5,Narrow-width A1000 W20 ID50 / C2,We,28.31595861677988
width_narrow,119,419,5,Narrow-width A1000 W20 ID50 / C2,We,33.773719657365945
width_narrow,120,420,5,Narrow-width A1000 W20 ID50 / C2,We,19.412210425652088
width_narrow,121,421,5,Narrow-width A1000 W20 ID50 / C2,We,10.45658505709911
width_narrow,122,422,5,Narrow-width A1000 W20 ID50 / C2,We,
width_narrow,123,423,5,Narrow-width A1000 W20 ID50 / C2,We,17.65087716316925
width_narrow,124,424,5,Narrow-width A1000 W20 ID50 / C2,We,
width_narrow,125,425,5,Narrow-width A1000 W20 ID50 / C2,We,20.898711794440846
width_narrow,126,426,5,Narrow-width A1000 W20 ID50 / C2,We,18.512764696189016
width_narrow,127,427,5,Narrow-width A1000 W20 ID50 / C2,We,23.63139375075442
width_narrow,128,428,5,Narrow-width A1000 W20 ID50 / C2,We,20.307848573852183
width_narrow,129,429,5,Narrow-width A1000 W20 ID50 / C2,We,
width_narrow,130,430,5,Narrow-width A1000 W20 ID50 / C2,We,35.782930804785316
width_narrow,131,431,5,Narrow-width A1000 W20 ID50 / C2,We,
width_narrow,132,432,5,Narrow-width A1000 W20 ID50 / C2,We,26.73582180191244
width_narrow,133,433,5,Narrow-width A1000 W20 ID50 / C2,We,18.404674492230534
width_narrow,134,434,5,Narrow-width A1000 W20 ID50 / C2,We,21.89582699642705
width_narrow,135,435,5,Narrow-width A1000 W20 ID50 / C2,We,33.64118634060985
width_narrow,136,436,5,Narrow-width A1000 W20 ID50 / C2,We,
width_narrow,137,437,5,Narrow-width A1000 W20 ID50 / C2,We,41.24125216773876
width_narrow,138,438,5,Narrow-width A1000 W20 ID50 / C2,We,30.490964760211323
width_narrow,139,439,5,Narrow-width A1000 W20 ID50 / C2,We,15.099626788512511
width_narrow,140,440,5,Narrow-width A1000 W20 ID50 / C2,We,17.6429351404025
width_narrow,141,441,5,Narrow-width A1000 W20 ID50 / C2,We,
width_narrow,142,442,5,Narrow-width A1000 W20 ID50 / C2,We,
width_narrow,143,443,5,Narrow-width A1000 W20 ID50 / C2,We,29.949219781768914
width_narrow,144,444,5,Narrow-width A1000 W20 ID50 / C2,We,25.10190219485668
width_narrow,145,445,5,Narrow-width A1000 W20 ID50 / C2,We,
width_narrow,146,446,5,Narrow-width A1000 W20 ID50 / C2,We,20.26907090692578
width_narrow,147,447,5,Narrow-width A1000 W20 ID50 / C2,We,21.96711598398776
width_narrow,148,448,5,Narrow-width A1000 W20 ID50 / C2,We,43.90624232701315
width_narrow,149,449,5,Narrow-width A1000 W20 ID50 / C2,We,28.9676308986601
width_narrow,150,450,5,Narrow-width A1000 W20 ID50 / C2,We,
width_narrow,151,451,5,Narrow-width A1000 W20 ID50 / C2,We,40.04233141371183
width_narrow,152,452,5,Narrow-width A1000 W20 ID50 / C2,We,54.772273904873096
width_narrow,153,453,5,Narrow-width A1000 W20 ID50 / C2,We,26.558442697731873
width_narrow,154,454,5,Narrow-width A1000 W20 ID50 / C2,We,36.87612575640704
width_narrow,155,455,5,Narrow-width A1000 W20 ID50 / C2,We,29.88697611436375
width_narrow,156,456,5,Narrow-width A1000 W20 ID50 / C2,We,29.00607199285641
width_narrow,157,457,5,Narrow-width A1000 W20 ID50 / C2,We,
width_narrow,158,458,5,Narrow-width A1000 W20 ID50 / C2,We,21.110550951900805
width_narrow,159,459,5,Narrow-width A1000 W20 ID50 / C2,We,
width_narrow,160,460,5,Narrow-width A1000 W20 ID50 / C2,We,21.614358806435288
width_narrow,161,461,5,Narrow-width A1000 W20 ID50 / C2,We,45.661105099864585
width_narrow,162,462,5,Narrow-width A1000 W20 ID50 / C2,We,44.287083244497
width_narrow,163,463,5,Narrow-width A1000 W20 ID50 / C2,We,30.494602603036018
width_narrow,164,464,5,Narrow-width A1000 W20 ID50 / C2,We,21.488168870286483
width_narrow,165,465,5,Narrow-width A1000 W20 ID50 / C2,We,13.635762846569085
width_narrow,166,466,5,Narrow-width A1000 W20 ID50 / C2,We,
width_narrow,167,467,5,Narrow-width A1000 W20 ID50 / C2,We,14.106340981446094
width_narrow,168,468,5,Narrow-width A1000 W20 ID50 / C2,We,23.658851043255428
width_narrow,169,469,5,Narrow-width A1000 W20 ID50 / C2,We,
width_narrow,170,470,5,Narrow-width A1000 W20 ID50 / C2,We,26.569292927388425
width_narrow,171,471,5,Narrow-width A1000 W20 ID50 / C2,We,
width_narrow,172,472,5,Narrow-width A1000 W20 ID50 / C2,We,18.239812060997572
width_narrow,173,473,5,Narrow-width A1000 W20 ID50 / C2,We,18.133221453896596
width_narrow,174,474,5,Narrow-width A1000 W20 ID50 / C2,We,15.501936694100763
width_narrow,175,475,5,Narrow-width A1000 W20 ID50 / C2,We,
width_narrow,176,476,5,Narrow-width A1000 W20 ID50 / C2,We,22.358698253362277
width_narrow,177,477,5,Narrow-width A1000 W20 ID50 / C2,We,
width_narrow,178,478,5,Narrow-width A1000 W20 ID50 / C2,We,6.733888370726922
width_narrow,179,479,5,Narrow-width A1000 W20 ID50 / C2,We,14.79615543013531
width_narrow,180,480,5,Narrow-width A1000 W20 ID50 / C2,We,
width_narrow,181,481,5,Narrow-width A1000 W20 ID50 / C2,We,23.9131535144672
width_narrow,182,482,5,Narrow-width A1000 W20 ID50 / C2,We,27.052529336525602
width_narrow,183,483,5,Narrow-width A1000 W20 ID50 / C2,We,
width_narrow,184,484,5,Narrow-width A1000 W20 ID50 / C2,We,62.88422883162105
width_narrow,185,485,5,Narrow-width A1000 W20 ID50 / C2,We,47.04255264290902
width_narrow,186,486,5,Narrow-width A1000 W20 ID50 / C2,We,
width_narrow,187,487,5,Narrow-width A1000 W20 ID50 / C2,We,12.913157742136768
width_narrow,188,488,5,Narrow-width A1000 W20 ID50 / C2,We,9.47411116621207
width_narrow,189,489,5,Narrow-width A1000 W20 ID50 / C2,We,
width_narrow,190,490,5,Narrow-width A1000 W20 ID50 / C2,We,
width_narrow,191,491,5,Narrow-width A1000 W20 ID50 / C2,We,20.595151253785275
width_narrow,192,492,5,Narrow-width A1000 W20 ID50 / C2,We,27.65503849905309
width_narrow,193,493,5,Narrow-width A1000 W20 ID50 / C2,We,22.930880318909477
width_narrow,194,494,5,Narrow-width A1000 W20 ID50 / C2,We,
width_narrow,195,495,5,Narrow-width A1000 W20 ID50 / C2,We,
width_narrow,196,496,5,Narrow-width A1000 W20 ID50 / C2,We,19.763343000498708
width_narrow,197,497,5,Narrow-width A1000 W20 ID50 / C2,We,21.390137741835204
width_narrow,198,498,5,Narrow-width A1000 W20 ID50 / C2,We,9.591624538269658
width_narrow,199,499,5,Narrow-width A1000 W20 ID50 / C2,We,36.83952975295125
width_narrow,200,500,5,Narrow-width A1000 W20 ID50 / C2,We,28.794286849583386
width_narrow,201,501,6,Narrow-width A1000 W20 ID50 / C2,We,19.91160113675844
width_narrow,202,502,6,Narrow-width A1000 W20 ID50 / C2,We,10.455470612221358
width_narrow,203,503,6,Narrow-width A1000 W20 ID50 / C2,We,24.010625141619567
width_narrow,204,504,6,Narrow-width A1000 W20 ID50 / C2,We,
width_narrow,205,505,6,Narrow-width A1000 W20 ID50 / C2,We,
width_narrow,206,506,6,Narrow-width A1000 W20 ID50 / C2,We,15.935951655979425
width_narrow,207,507,6,Narrow-width A1000 W20 ID50 / C2,We,31.514486812081845
width_narrow,208,508,6,Narrow-width A1000 W20 ID50 / C2,We,10.939740774338121
width_narrow,209,509,6,Narrow-width A1000 W20 ID50 / C2,We,
width_narrow,210,510,6,Narrow-width A1000 W20 ID50 / C2,We,5.657209921742645
width_narrow,211,511,6,Narrow-width A1000 W20 ID50 / C2,We,27.546160051690208
width_narrow,212,512,6,Narrow-width A1000 W20 ID50 / C2,We,
width_narrow,213,513,6,Narrow-width A1000 W20 ID50 / C2,We,
width_narrow,214,514,6,Narrow-width A1000 W20 ID50 / C2,We,
width_narrow,215,515,6,Narrow-width A1000 W20 ID50 / C2,We,24.02671556496483
width_narrow,216,516,6,Narrow-width A1000 W20 ID50 / C2,We,13.310572426937968
width_narrow,217,517,6,Narrow-width A1000 W20 ID50 / C2,We,23.48628334623723
width_narrow,218,518,6,Narrow-width A1000 W20 ID50 / C2,We,28.789440089182634
width_narrow,219,519,6,Narrow-width A1000 W20 ID50 / C2,We,30.19164381334013
width_narrow,220,520,6,Narrow-width A1000 W20 ID50 / C2,We,6.013819383979375
width_narrow,221,521,6,Narrow-width A1000 W20 ID50 / C2,We,
width_narrow,222,522,6,Narrow-width A1000 W20 ID50 / C2,We,30.22715268675178
width_narrow,223,523,6,Narrow-width A1000 W20 ID50 / C2,We,21.60609749839655
width_narrow,224,524,6,Narrow-width A1000 W20 ID50 / C2,We,20.362464674205924
width_narrow,225,525,6,Narrow-width A1000 W20 ID50 / C2,We,20.81666386808277
width_narrow,226,526,6,Narrow-width A1000 W20 ID50 / C2,We,19.553284208320864
width_narrow,227,527,6,Narrow-width A1000 W20 ID50 / C2,We,22.90288606836532
width_narrow,228,528,6,Narrow-width A1000 W20 ID50 / C2,We,
width_narrow,229,529,6,Narrow-width A1000 W20 ID50 / C2,We,
width_narrow,230,530,6,Narrow-width A1000 W20 ID50 / C2,We,19.645473698255408
width_narrow,231,531,6,Narrow-width A1000 W20 ID50 / C2,We,
width_narrow,232,532,6,Narrow-width A1000 W20 ID50 / C2,We,
width_narrow,233,533,6,Narrow-width A1000 W20 ID50 / C2,We,15.77148704634097
width_narrow,234,534,6,Narrow-width A1000 W20 ID50 / C2,We,16.401281081567276
width_narrow,235,535,6,Narrow-width A1000 W20 ID50 / C2,We,18.334361562585478
width_narrow,236,536,6,Narrow-width A1000 W20 ID50 / C2,We,9.22601018884906
width_narrow,237,537,6,Narrow-width A1000 W20 ID50 / C2,We,23.358762931958093
width_narrow,238,538,6,Narrow-width A1000 W20 ID50 / C2,We,
width_narrow,239,539,6,Narrow-width A1000 W20 ID50 / C2,We,
width_narrow,240,540,6,Narrow-width A1000 W20 ID50 / C2,We,23.231286464092655
width_narrow,241,541,6,Narrow-width A1000 W20 ID50 / C2,We,17.689175322883038
width_narrow,242,542,6,Narrow-width A1000 W20 ID50 / C2,We,18.93361057663916
width_narrow,243,543,6,Narrow-width A1000 W20 ID50 / C2,We,15.658120866910762
width_narrow,244,544,6,Narrow-width A1000 W20 ID50 / C2,We,11.27248820360859
width_narrow,245,545,6,Narrow-width A1000 W20 ID50 / C2,We,8.074776230222941
width_narrow,246,546,6,Narrow-width A1000 W20 ID50 / C2,We,
width_narrow,247,547,6,Narrow-width A1000 W20 ID50 / C2,We,20.40272088957813
width_narrow,248,548,6,Narrow-width A1000 W20 ID50 / C2,We,
width_narrow,249,549,6,Narrow-width A1000 W20 ID50 / C2,We,15.063994514224932
width_narrow,250,550,6,Narrow-width A1000 W20 ID50 / C2,We,13.099036048631508
width_narrow,251,551,6,Narrow-width A1000 W20 ID50 / C2,We,29.20637233116003
width_narrow,252,552,6,Narrow-width A1000 W20 ID50 / C2,We,
width_narrow,253,553,6,Narrow-width A1000 W20 ID50 / C2,We,
width_narrow,254,554,6,Narrow-width A1000 W20 ID50 / C2,We,28.30447258976599
width_narrow,255,555,6,Narrow-width A1000 W20 ID50 / C2,We,17.11473628669819
width_narrow,256,556,6,Narrow-width A1000 W20 ID50 / C2,We,
width_narrow,257,557,6,Narrow-width A1000 W20 ID50 / C2,We,
width_narrow,258,558,6,Narrow-width A1000 W20 ID50 / C2,We,29.0416300170054
width_narrow,259,559,6,Narrow-width A1000 W20 ID50 / C2,We,
width_narrow,260,560,6,Narrow-width A1000 W20 ID50 / C2,We,17.63090732526044
width_narrow,261,561,6,Narrow-width A1000 W20 ID50 / C2,We,24.60337965101568
width_narrow,262,562,6,Narrow-width A1000 W20 ID50 / C2,We,22.79236629029078
width_narrow,263,563,6,Narrow-width A1000 W20 ID50 / C2,We,19.14387216513502
width_narrow,264,564,6,Narrow-width A1000 W20 ID50 / C2,We,17.295162850325212
width_narrow,265,565,6,Narrow-width A1000 W20 ID50 / C2,We,8.181920112870982
width_narrow,266,566,6,Narrow-width A1000 W20 ID50 / C2,We,
width_narrow,267,567,6,Narrow-width A1000 W20 ID50 / C2,We,18.88334568880373
width_narrow,268,568,6,Narrow-width A1000 W20 ID50 / C2,We,
width_narrow,269,569,6,Narrow-width A1000 W20 ID50 / C2,We,
width_narrow,270,570,6,Narrow-width A1000 W20 ID50 / C2,We,14.438572989507444
width_narrow,271,571,6,Narrow-width A1000 W20 ID50 / C2,We,18.43292438304987
width_narrow,272,572,6,Narrow-width A1000 W20 ID50 / C2,We,25.03492449133632
width_narrow,273,573,6,Narrow-width A1000 W20 ID50 / C2,We,18.849513719282886
width_narrow,274,574,6,Narrow-width A1000 W20 ID50 / C2,We,41.89763902795858
width_narrow,275,575,6,Narrow-width A1000 W20 ID50 / C2,We,
width_narrow,276,576,6,Narrow-width A1000 W20 ID50 / C2,We,20.884552676488276
width_narrow,277,577,6,Narrow-width A1000 W20 ID50 / C2,We,
width_narrow,278,578,6,Narrow-width A1000 W20 ID50 / C2,We,
width_narrow,279,579,6,Narrow-width A1000 W20 ID50 / C2,We,
width_narrow,280,580,6,Narrow-width A1000 W20 ID50 / C2,We,33.25136961035224
width_narrow,281,581,6,Narrow-width A1000 W20 ID50 / C2,We,
width_narrow,282,582,6,Narrow-width A1000 W20 ID50 / C2,We,
width_narrow,283,583,6,Narrow-width A1000 W20 ID50 / C2,We,33.3201432363904
width_narrow,284,584,6,Narrow-width A1000 W20 ID50 / C2,We,23.15980273449694
width_narrow,285,585,6,Narrow-width A1000 W20 ID50 / C2,We,
width_narrow,286,586,6,Narrow-width A1000 W20 ID50 / C2,We,22.93276377352945
width_narrow,287,587,6,Narrow-width A1000 W20 ID50 / C2,We,36.92976073272891
width_narrow,288,588,6,Narrow-width A1000 W20 ID50 / C2,We,12.854129219341566
width_narrow,289,589,6,Narrow-width A1000 W20 ID50 / C2,We,
width_narrow,290,590,6,Narrow-width A1000 W20 ID50 / C2,We,22.823425012016333
width_narrow,291,591,6,Narrow-width A1000 W20 ID50 / C2,We,20.253855623757833
width_narrow,292,592,6,Narrow-width A1000 W20 ID50 / C2,We,42.359739811228906
width_narrow,293,593,6,Narrow-width A1000 W20 ID50 / C2,We,10.703393402048809
width_narrow,294,594,6,Narrow-width A1000 W20 ID50 / C2,We,27.07365507901994
width_narrow,295,595,6,Narrow-width A1000 W20 ID50 / C2,We,
width_narrow,296,596,6,Narrow-width A1000 W20 ID50 / C2,We,14.092533610440952
width_narrow,297,597,6,Narrow-width A1000 W20 ID50 / C2,We,
width_narrow,298,598,6,Narrow-width A1000 W20 ID50 / C2,We,21.03211838192844
width_narrow,299,599,6,Narrow-width A1000 W20 ID50 / C2,We,
width_narrow,300,600,6,Narrow-width A1000 W20 ID50 / C2,We,45.69807061880768
length_long,1,601,7,Long-distance A1500 W30 ID50 / C3,We,34.10868316986944
length_long,2,602,7,Long-distance A1500 W30 ID50 / C3,We,30.652644614436728
length_long,3,603,7,Long-distance A1500 W30 ID50 / C3,We,20.649676567915293
length_long,4,604,7,Long-distance A1500 W30 ID50 / C3,We,
length_long,5,605,7,Long-distance A1500 W30 ID50 / C3,We,33.48808430140669
length_long,6,606,7,Long-distance A1500 W30 ID50 / C3,We,
length_long,7,607,7,Long-distance A1500 W30 ID50 / C3,We,29.96566258696735
length_long,8,608,7,Long-distance A1500 W30 ID50 / C3,We,32.532485989279365
length_long,9,609,7,Long-distance A1500 W30 ID50 / C3,We,42.518608001455995
length_long,10,610,7,Long-distance A1500 W30 ID50 / C3,We,13.752197353135134
length_long,11,611,7,Long-distance A1500 W30 ID50 / C3,We,24.105990536973064
length_long,12,612,7,Long-distance A1500 W30 ID50 / C3,We,20.186840373140946
length_long,13,613,7,Long-distance A1500 W30 ID50 / C3,We,40.14540423308792
length_long,14,614,7,Long-distance A1500 W30 ID50 / C3,We,36.86851856018901
length_long,15,615,7,Long-distance A1500 W30 ID50 / C3,We,30.533826052819418
length_long,16,616,7,Long-distance A1500 W30 ID50 / C3,We,34.17927280790054
length_long,17,617,7,Long-distance A1500 W30 ID50 / C3,We,
length_long,18,618,7,Long-distance A1500 W30 ID50 / C3,We,24.18761959860164
length_long,19,619,7,Long-distance A1500 W30 ID50 / C3,We,66.52489018186108
length_long,20,620,7,Long-distance A1500 W30 ID50 / C3,We,30.665530439008148
length_long,21,621,7,Long-distance A1500 W30 ID50 / C3,We,19.326096350848882
length_long,22,622,7,Long-distance A1500 W30 ID50 / C3,We,37.43481736548104
length_long,23,623,7,Long-distance A1500 W30 ID50 / C3,We,
length_long,24,624,7,Long-distance A1500 W30 ID50 / C3,We,48.33504632606703
length_long,25,625,7,Long-distance A1500 W30 ID50 / C3,We,
length_long,26,626,7,Long-distance A1500 W30 ID50 / C3,We,33.38297950629143
length_long,27,627,7,Long-distance A1500 W30 ID50 / C3,We,15.488493913526444
length_long,28,628,7,Long-distance A1500 W30 ID50 / C3,We,46.550702189198844
length_long,29,629,7,Long-distance A1500 W30 ID50 / C3,We,56.01958704182635
length_long,30,630,7,Long-distance A1500 W30 ID50 / C3,We,
length_long,31,631,7,Long-distance A1500 W30 ID50 / C3,We,28.77714451941981
length_long,32,632,7,Long-distance A1500 W30 ID50 / C3,We,53.37443456232836
length_long,33,633,7,Long-distance A1500 W30 ID50 / C3,We,37.37570448994998
length_long,34,634,7,Long-distance A1500 W30 ID50 / C3,We,20.343549349234042
length_long,35,635,7,Long-distance A1500 W30 ID50 / C3,We,21.82488044394983
length_long,36,636,7,Long-distance A1500 W30 ID50 / C3,We,23.512549135090687
length_long,37,637,7,Long-distance A1500 W30 ID50 / C3,We,20.4622679305321
length_long,38,638,7,Long-distance A1500 W30 ID50 / C3,We,29.950748635967877
length_long,39,639,7,Long-distance A1500 W30 ID50 / C3,We,28.052762406134093
length_long,40,640,7,Long-distance A1500 W30 ID50 / C3,We,18.75481502915772
length_long,41,641,7,Long-distance A1500 W30 ID50 / C3,We,50.048724646717346
length_long,42,642,7,Long-distance A1500 W30 ID50 / C3,We,34.42844517237703
length_long,43,643,7,Long-distance A1500 W30 ID50 / C3,We,32.77805425253108
length_long,44,644,7,Long-distance A1500 W30 ID50 / C3,We,14.000683318758123
length_long,45,645,7,Long-distance A1500 W30 ID50 / C3,We,21.215586592835642
length_long,46,646,7,Long-distance A1500 W30 ID50 / C3,We,40.46531874294771
length_long,47,647,7,Long-distance A1500 W30 ID50 / C3,We,20.441583233096726
length_long,48,648,7,Long-distance A1500 W30 ID50 / C3,We,25.696242444016633
length_long,49,649,7,Long-distance A1500 W30 ID50 / C3,We,22.487021161559365
length_long,50,650,7,Long-distance A1500 W30 ID50 / C3,We,61.01688174981641
length_long,51,651,7,Long-distance A1500 W30 ID50 / C3,We,60.24291965701285
length_long,52,652,7,Long-distance A1500 W30 ID50 / C3,We,22.90638230171348
length_long,53,653,7,Long-distance A1500 W30 ID50 / C3,We,62.6470713479594
length_long,54,654,7,Long-distance A1500 W30 ID50 / C3,We,29.187315981930524
length_long,55,655,7,Long-distance A1500 W30 ID50 / C3,We,
length_long,56,656,7,Long-distance A1500 W30 ID50 / C3,We,
length_long,57,657,7,Long-distance A1500 W30 ID50 / C3,We,43.00093465921385
length_long,58,658,7,Long-distance A1500 W30 ID50 / C3,We,15.823875270679292
length_long,59,659,7,Long-distance A1500 W30 ID50 / C3,We,8.394375235674172
length_long,60,660,7,Long-distance A1500 W30 ID50 / C3,We,
length_long,61,661,7,Long-distance A1500 W30 ID50 / C3,We,21.570880701011305
length_long,62,662,7,Long-distance A1500 W30 ID50 / C3,We,37.77876663611801
length_long,63,663,7,Long-distance A1500 W30 ID50 / C3,We,40.877756232951
length_long,64,664,7,Long-distance A1500 W30 ID50 / C3,We,27.973571946256804
length_long,65,665,7,Long-distance A1500 W30 ID50 / C3,We,33.3181775954218
length_long,66,666,7,Long-distance A1500 W30 ID50 / C3,We,41.41599479819889
length_long,67,667,7,Long-distance A1500 W30 ID50 / C3,We,38.2114058028622
length_long,68,668,7,Long-distance A1500 W30 ID50 / C3,We,19.956505719522696
length_long,69,669,7,Long-distance A1500 W30 ID50 / C3,We,
length_long,70,670,7,Long-distance A1500 W30 ID50 / C3,We,22.780917521901067
length_long,71,671,7,Long-distance A1500 W30 ID50 / C3,We,
length_long,72,672,7,Long-distance A1500 W30 ID50 / C3,We,32.03222566954783
length_long,73,673,7,Long-distance A1500 W30 ID50 / C3,We,18.259028783634403
length_long,74,674,7,Long-distance A1500 W30 ID50 / C3,We,35.398234897511784
length_long,75,675,7,Long-distance A1500 W30 ID50 / C3,We,32.50394796467129
length_long,76,676,7,Long-distance A1500 W30 ID50 / C3,We,
length_long,77,677,7,Long-distance A1500 W30 ID50 / C3,We,46.21562742102118
length_long,78,678,7,Long-distance A1500 W30 ID50 / C3,We,35.00044862715676
length_long,79,679,7,Long-distance A1500 W30 ID50 / C3,We,56.74509333924044
length_long,80,680,7,Long-distance A1500 W30 ID50 / C3,We,20.80553654324837
length_long,81,681,7,Long-distance A1500 W30 ID50 / C3,We,36.82820239633332
length_long,82,682,7,Long-distance A1500 W30 ID50 / C3,We,39.93313953727006
length_long,83,683,7,Long-distance A1500 W30 ID50 / C3,We,
length_long,84,684,7,Long-distance A1500 W30 ID50 / C3,We,7.479438742827933
length_long,85,685,7,Long-distance A1500 W30 ID50 / C3,We,26.685887045067837
length_long,86,686,7,Long-distance A1500 W30 ID50 / C3,We,
length_long,87,687,7,Long-distance A1500 W30 ID50 / C3,We,27.187195326282964
length_long,88,688,7,Long-distance A1500 W30 ID50 / C3,We,39.47659190149052
length_long,89,689,7,Long-distance A1500 W30 ID50 / C3,We,34.87086247214172
length_long,90,690,7,Long-distance A1500 W30 ID50 / C3,We,26.07101836628718
length_long,91,691,7,Long-distance A1500 W30 ID50 / C3,We,
length_long,92,692,7,Long-distance A1500 W30 ID50 / C3,We,
length_long,93,693,7,Long-distance A1500 W30 ID50 / C3,We,32.30370004465116
length_long,94,694,7,Long-distance A1500 W30 ID50 / C3,We,
length_long,95,695,7,Long-distance A1500 W30 ID50 / C3,We,69.93095236046274
length_long,96,696,7,Long-distance A1500 W30 ID50 / C3,We,
length_long,97,697,7,Long-distance A1500 W30 ID50 / C3,We,
length_long,98,698,7,Long-distance A1500 W30 ID50 / C3,We,
length_long,99,699,7,Long-distance A1500 W30 ID50 / C3,We,29.545463615181237
length_long,100,700,7,Long-distance A1500 W30 ID50 / C3,We,
length_long,101,701,8,Long-distance A1500 W30 ID50 / C3,We,69.85539397415734
length_long,102,702,8,Long-distance A1500 W30 ID50 / C3,We,25.170541310970552
length_long,103,703,8,Long-distance A1500 W30 ID50 / C3,We,
length_long,104,704,8,Long-distance A1500 W30 ID50 / C3,We,
length_long,105,705,8,Long-distance A1500 W30 ID50 / C3,We,
length_long,106,706,8,Long-distance A1500 W30 ID50 / C3,We,44.260742494498615
length_long,107,707,8,Long-distance A1500 W30 ID50 / C3,We,
length_long,108,708,8,Long-distance A1500 W30 ID50 / C3,We,44.44629200343924
length_long,109,709,8,Long-distance A1500 W30 ID50 / C3,We,29.38905276725307
length_long,110,710,8,Long-distance A1500 W30 ID50 / C3,We,
length_long,111,711,8,Long-distance A1500 W30 ID50 / C3,We,35.84381430682657
length_long,112,712,8,Long-distance A1500 W30 ID50 / C3,We,36.76197959476813
length_long,113,713,8,Long-distance A1500 W30 ID50 / C3,We,
length_long,114,714,8,Long-distance A1500 W30 ID50 / C3,We,
length_long,115,715,8,Long-distance A1500 W30 ID50 / C3,We,37.40696273273265
length_long,116,716,8,Long-distance A1500 W30 ID50 / C3,We,36.097717857428066
length_long,117,717,8,Long-distance A1500 W30 ID50 / C3,We,
length_long,118,718,8,Long-distance A1500 W30 ID50 / C3,We,64.96660418159634
length_long,119,719,8,Long-distance A1500 W30 ID50 / C3,We,
length_long,120,720,8,Long-distance A1500 W30 ID50 / C3,We,
length_long,121,721,8,Long-distance A1500 W30 ID50 / C3,We,
length_long,122,722,8,Long-distance A1500 W30 ID50 / C3,We,
length_long,123,723,8,Long-distance A1500 W30 ID50 / C3,We,21.031634029547657
length_long,124,724,8,Long-distance A1500 W30 ID50 / C3,We,25.323576608799424
length_long,125,725,8,Long-distance A1500 W30 ID50 / C3,We,
length_long,126,726,8,Long-distance A1500 W30 ID50 / C3,We,69.36555827880096
length_long,127,727,8,Long-distance A1500 W30 ID50 / C3,We,
length_long,128,728,8,Long-distance A1500 W30 ID50 / C3,We,30.730453090570585
length_long,129,729,8,Long-distance A1500 W30 ID50 / C3,We,
length_long,130,730,8,Long-distance A1500 W30 ID50 / C3,We,
length_long,131,731,8,Long-distance A1500 W30 ID50 / C3,We,
length_long,132,732,8,Long-distance A1500 W30 ID50 / C3,We,13.774289129177188
length_long,133,733,8,Long-distance A1500 W30 ID50 / C3,We,
length_long,134,734,8,Long-distance A1500 W30 ID50 / C3,We,
length_long,135,735,8,Long-distance A1500 W30 ID50 / C3,We,
length_long,136,736,8,Long-distance A1500 W30 ID50 / C3,We,15.178279127064082
length_long,137,737,8,Long-distance A1500 W30 ID50 / C3,We,36.02393141059796
length_long,138,738,8,Long-distance A1500 W30 ID50 / C3,We,43.308326546814975
length_long,139,739,8,Long-distance A1500 W30 ID50 / C3,We,55.65349667024346
length_long,140,740,8,Long-distance A1500 W30 ID50 / C3,We,43.33857791004132
length_long,141,741,8,Long-distance A1500 W30 ID50 / C3,We,
length_long,142,742,8,Long-distance A1500 W30 ID50 / C3,We,
length_long,143,743,8,Long-distance A1500 W30 ID50 / C3,We,
length_long,144,744,8,Long-distance A1500 W30 ID50 / C3,We,
length_long,145,745,8,Long-distance A1500 W30 ID50 / C3,We,
length_long,146,746,8,Long-distance A1500 W30 ID50 / C3,We,60.751427054118665
length_long,147,747,8,Long-distance A1500 W30 ID50 / C3,We,87.42763632936106
length_long,148,748,8,Long-distance A1500 W30 ID50 / C3,We,54.275047308117
length_long,149,749,8,Long-distance A1500 W30 ID50 / C3,We,80.00185585665763
length_long,150,750,8,Long-distance A1500 W30 ID50 / C3,We,56.813553895547514
length_long,151,751,8,Long-distance A1500 W30 ID50 / C3,We,
length_long,152,752,8,Long-distance A1500 W30 ID50 / C3,We,
length_long,153,753,8,Long-distance A1500 W30 ID50 / C3,We,58.76002726524351
length_long,154,754,8,Long-distance A1500 W30 ID50 / C3,We,36.96624881623238
length_long,155,755,8,Long-distance A1500 W30 ID50 / C3,We,
length_long,156,756,8,Long-distance A1500 W30 ID50 / C3,We,
length_long,157,757,8,Long-distance A1500 W30 ID50 / C3,We,43.15092945540175
length_long,158,758,8,Long-distance A1500 W30 ID50 / C3,We,39.27988508837474
length_long,159,759,8,Long-distance A1500 W30 ID50 / C3,We,
length_long,160,760,8,Long-distance A1500 W30 ID50 / C3,We,
length_long,161,761,8,Long-distance A1500 W30 ID50 / C3,We,33.64949705045324
length_long,162,762,8,Long-distance A1500 W30 ID50 / C3,We,40.855624713745684
length_long,163,763,8,Long-distance A1500 W30 ID50 / C3,We,
length_long,164,764,8,Long-distance A1500 W30 ID50 / C3,We,23.97270789342342
length_long,165,765,8,Long-distance A1500 W30 ID50 / C3,We,
length_long,166,766,8,Long-distance A1500 W30 ID50 / C3,We,
length_long,167,767,8,Long-distance A1500 W30 ID50 / C3,We,49.92005941607326
length_long,168,768,8,Long-distance A1500 W30 ID50 / C3,We,56.9879946125275
length_long,169,769,8,Long-distance A1500 W30 ID50 / C3,We,
length_long,170,770,8,Long-distance A1500 W30 ID50 / C3,We,
length_long,171,771,8,Long-distance A1500 W30 ID50 / C3,We,37.436143803273026
length_long,172,772,8,Long-distance A1500 W30 ID50 / C3,We,
length_long,173,773,8,Long-distance A1500 W30 ID50 / C3,We,8.486247093759227
length_long,174,774,8,Long-distance A1500 W30 ID50 / C3,We,
length_long,175,775,8,Long-distance A1500 W30 ID50 / C3,We,27.00713912366794
length_long,176,776,8,Long-distance A1500 W30 ID50 / C3,We,35.68519741597807
length_long,177,777,8,Long-distance A1500 W30 ID50 / C3,We,46.449181947537795
length_long,178,778,8,Long-distance A1500 W30 ID50 / C3,We,21.93522586707753
length_long,179,779,8,Long-distance A1500 W30 ID50 / C3,We,
length_long,180,780,8,Long-distance A1500 W30 ID50 / C3,We,33.13030724654041
length_long,181,781,8,Long-distance A1500 W30 ID50 / C3,We,28.61035580037532
length_long,182,782,8,Long-distance A1500 W30 ID50 / C3,We,
length_long,183,783,8,Long-distance A1500 W30 ID50 / C3,We,37.463617781645794
length_long,184,784,8,Long-distance A1500 W30 ID50 / C3,We,
length_long,185,785,8,Long-distance A1500 W30 ID50 / C3,We,
length_long,186,786,8,Long-distance A1500 W30 ID50 / C3,We,28.351237937213526
length_long,187,787,8,Long-distance A1500 W30 ID50 / C3,We,38.56703598042696
length_long,188,788,8,Long-distance A1500 W30 ID50 / C3,We,52.713975485974494
length_long,189,789,8,Long-distance A1500 W30 ID50 / C3,We,
length_long,190,790,8,Long-distance A1500 W30 ID50 / C3,We,21.950331201297004
length_long,191,791,8,Long-distance A1500 W30 ID50 / C3,We,53.94345583472526
length_long,192,792,8,Long-distance A1500 W30 ID50 / C3,We,46.23618176846298
length_long,193,793,8,Long-distance A1500 W30 ID50 / C3,We,60.33121760289598
length_long,194,794,8,Long-distance A1500 W30 ID50 / C3,We,28.450622047396774
length_long,195,795,8,Long-distance A1500 W30 ID50 / C3,We,46.16252594491092
length_long,196,796,8,Long-distance A1500 W30 ID50 / C3,We,
length_long,197,797,8,Long-distance A1500 W30 ID50 / C3,We,22.99842509288716
length_long,198,798,8,Long-distance A1500 W30 ID50 / C3,We,55.56947439307506
length_long,199,799,8,Long-distance A1500 W30 ID50 / C3,We,45.416728868391026
length_long,200,800,8,Long-distance A1500 W30 ID50 / C3,We,21.505367956905584
length_long,201,801,9,Long-distance A1500 W30 ID50 / C3,We,32.01943177881371
length_long,202,802,9,Long-distance A1500 W30 ID50 / C3,We,36.35210285068198
length_long,203,803,9,Long-distance A1500 W30 ID50 / C3,We,48.63210030833747
length_long,204,804,9,Long-distance A1500 W30 ID50 / C3,We,34.12264821096871
length_long,205,805,9,Long-distance A1500 W30 ID50 / C3,We,
length_long,206,806,9,Long-distance A1500 W30 ID50 / C3,We,61.807793797498164
length_long,207,807,9,Long-distance A1500 W30 ID50 / C3,We,35.932561386337554
length_long,208,808,9,Long-distance A1500 W30 ID50 / C3,We,20.35640408641041
length_long,209,809,9,Long-distance A1500 W30 ID50 / C3,We,95.36928777278986
length_long,210,810,9,Long-distance A1500 W30 ID50 / C3,We,19.384894416374465
length_long,211,811,9,Long-distance A1500 W30 ID50 / C3,We,25.3521618829377
length_long,212,812,9,Long-distance A1500 W30 ID50 / C3,We,30.05724425520409
length_long,213,813,9,Long-distance A1500 W30 ID50 / C3,We,44.448249769358334
length_long,214,814,9,Long-distance A1500 W30 ID50 / C3,We,
length_long,215,815,9,Long-distance A1500 W30 ID50 / C3,We,115.10463996627058
length_long,216,816,9,Long-distance A1500 W30 ID50 / C3,We,71.37184989787018
length_long,217,817,9,Long-distance A1500 W30 ID50 / C3,We,
length_long,218,818,9,Long-distance A1500 W30 ID50 / C3,We,
length_long,219,819,9,Long-distance A1500 W30 ID50 / C3,We,42.89812011610374
length_long,220,820,9,Long-distance A1500 W30 ID50 / C3,We,
length_long,221,821,9,Long-distance A1500 W30 ID50 / C3,We,
length_long,222,822,9,Long-distance A1500 W30 ID50 / C3,We,32.4451830430417
length_long,223,823,9,Long-distance A1500 W30 ID50 / C3,We,24.305163313651704
length_long,224,824,9,Long-distance A1500 W30 ID50 / C3,We,
length_long,225,825,9,Long-distance A1500 W30 ID50 / C3,We,38.73400875595596
length_long,226,826,9,Long-distance A1500 W30 ID50 / C3,We,47.47303769158049
length_long,227,827,9,Long-distance A1500 W30 ID50 / C3,We,37.89919158909085
length_long,228,828,9,Long-distance A1500 W30 ID50 / C3,We,10.264111101070327
length_long,229,829,9,Long-distance A1500 W30 ID50 / C3,We,42.26471934603109
length_long,230,830,9,Long-distance A1500 W30 ID50 / C3,We,
length_long,231,831,9,Long-distance A1500 W30 ID50 / C3,We,32.07720021070092
length_long,232,832,9,Long-distance A1500 W30 ID50 / C3,We,38.36256840776445
length_long,233,833,9,Long-distance A1500 W30 ID50 / C3,We,
length_long,234,834,9,Long-distance A1500 W30 ID50 / C3,We,17.59904653669232
length_long,235,835,9,Long-distance A1500 W30 ID50 / C3,We,31.026053841599254
length_long,236,836,9,Long-distance A1500 W30 ID50 / C3,We,
length_long,237,837,9,Long-distance A1500 W30 ID50 / C3,We,34.86557682061286
length_long,238,838,9,Long-distance A1500 W30 ID50 / C3,We,
length_long,239,839,9,Long-distance A1500 W30 ID50 / C3,We,23.570026903608063
length_long,240,840,9,Long-distance A1500 W30 ID50 / C3,We,
length_long,241,841,9,Long-distance A1500 W30 ID50 / C3,We,46.132787418530064
length_long,242,842,9,Long-distance A1500 W30 ID50 / C3,We,
length_long,243,843,9,Long-distance A1500 W30 ID50 / C3,We,
length_long,244,844,9,Long-distance A1500 W30 ID50 / C3,We,29.55602633007574
length_long,245,845,9,Long-distance A1500 W30 ID50 / C3,We,19.13143489990407
length_long,246,846,9,Long-distance A1500 W30 ID50 / C3,We,25.11803048418374
length_long,247,847,9,Long-distance A1500 W30 ID50 / C3,We,46.616930918521625
length_long,248,848,9,Long-distance A1500 W30 ID50 / C3,We,16.296538772503713
length_long,249,849,9,Long-distance A1500 W30 ID50 / C3,We,23.473298263621118
length_long,250,850,9,Long-distance A1500 W30 ID50 / C3,We,
length_long,251,851,9,Long-distance A1500 W30 ID50 / C3,We,18.469817781535564
length_long,252,852,9,Long-distance A1500 W30 ID50 / C3,We,
length_long,253,853,9,Long-distance A1500 W30 ID50 / C3,We,
length_long,254,854,9,Long-distance A1500 W30 ID50 / C3,We,141.76249116984843
length_long,255,855,9,Long-distance A1500 W30 ID50 / C3,We,
length_long,256,856,9,Long-distance A1500 W30 ID50 / C3,We,22.297538888138448
length_long,257,857,9,Long-distance A1500 W30 ID50 / C3,We,25.616086602506794
length_long,258,858,9,Long-distance A1500 W30 ID50 / C3,We,30.81008290472258
length_long,259,859,9,Long-distance A1500 W30 ID50 / C3,We,
length_long,260,860,9,Long-distance A1500 W30 ID50 / C3,We,52.66506945850173
length_long,261,861,9,Long-distance A1500 W30 ID50 / C3,We,
length_long,262,862,9,Long-distance A1500 W30 ID50 / C3,We,33.547419969995275
length_long,263,863,9,Long-distance A1500 W30 ID50 / C3,We,31.2220381817888
length_long,264,864,9,Long-distance A1500 W30 ID50 / C3,We,26.465505914754136
length_long,265,865,9,Long-distance A1500 W30 ID50 / C3,We,16.508991330755602
length_long,266,866,9,Long-distance A1500 W30 ID50 / C3,We,41.93769051215781
length_long,267,867,9,Long-distance A1500 W30 ID50 / C3,We,40.44955654383755
length_long,268,868,9,Long-distance A1500 W30 ID50 / C3,We,24.256413977956186
length_long,269,869,9,Long-distance A1500 W30 ID50 / C3,We,19.301994390056798
length_long,270,870,9,Long-distance A1500 W30 ID50 / C3,We,22.59976430608475
length_long,271,871,9,Long-distance A1500 W30 ID50 / C3,We,
length_long,272,872,9,Long-distance A1500 W30 ID50 / C3,We,
length_long,273,873,9,Long-distance A1500 W30 ID50 / C3,We,29.728728471680387
length_long,274,874,9,Long-distance A1500 W30 ID50 / C3,We,
length_long,275,875,9,Long-distance A1500 W30 ID50 / C3,We,49.06987507243842
length_long,276,876,9,Long-distance A1500 W30 ID50 / C3,We,
length_long,277,877,9,Long-distance A1500 W30 ID50 / C3,We,26.12275677955565
length_long,278,878,9,Long-distance A1500 W30 ID50 / C3,We,24.952481539151645
length_long,279,879,9,Long-distance A1500 W30 ID50 / C3,We,
length_long,280,880,9,Long-distance A1500 W30 ID50 / C3,We,21.92965238338042
length_long,281,881,9,Long-distance A1500 W30 ID50 / C3,We,18.15975082209889
length_long,282,882,9,Long-distance A1500 W30 ID50 / C3,We,21.07526654293005
length_long,283,883,9,Long-distance A1500 W30 ID50 / C3,We,
length_long,284,884,9,Long-distance A1500 W30 ID50 / C3,We,
length_long,285,885,9,Long-distance A1500 W30 ID50 / C3,We,27.90133329720249
length_long,286,886,9,Long-distance A1500 W30 ID50 / C3,We,
length_long,287,887,9,Long-distance A1500 W30 ID50 / C3,We,
length_long,288,888,9,Long-distance A1500 W30 ID50 / C3,We,
length_long,289,889,9,Long-distance A1500 W30 ID50 / C3,We,26.097525203358153
length_long,290,890,9,Long-distance A1500 W30 ID50 / C3,We,26.38843363207945
length_long,291,891,9,Long-distance A1500 W30 ID50 / C3,We,26.317032440829447
length_long,292,892,9,Long-distance A1500 W30 ID50 / C3,We,
length_long,293,893,9,Long-distance A1500 W30 ID50 / C3,We,19.948510331536276
length_long,294,894,9,Long-distance A1500 W30 ID50 / C3,We,34.149672861970714
length_long,295,895,9,Long-distance A1500 W30 ID50 / C3,We,23.450125147449768
length_long,296,896,9,Long-distance A1500 W30 ID50 / C3,We,36.11452120944943
length_long,297,897,9,Long-distance A1500 W30 ID50 / C3,We,
length_long,298,898,9,Long-distance A1500 W30 ID50 / C3,We,49.34926861038948
length_long,299,899,9,Long-distance A1500 W30 ID50 / C3,We,62.33383892550753
length_long,300,900,9,Long-distance A1500 W30 ID50 / C3,We,18.839806277656724
length_short,1,901,10,Short-distance A600 W30 ID20 / C4,We,62.30818254420211
length_short,2,902,10,Short-distance A600 W30 ID20 / C4,We,15.835480783918955
length_short,3,903,10,Short-distance A600 W30 ID20 / C4,We,60.67865807681419
length_short,4,904,10,Short-distance A600 W30 ID20 / C4,We,15.19300907313322
length_short,5,905,10,Short-distance A600 W30 ID20 / C4,We,
length_short,6,906,10,Short-distance A600 W30 ID20 / C4,We,32.393628322032455
length_short,7,907,10,Short-distance A600 W30 ID20 / C4,We,17.21429331419207
length_short,8,908,10,Short-distance A600 W30 ID20 / C4,We,19.38780322426427
length_short,9,909,10,Short-distance A600 W30 ID20 / C4,We,12.703406981018151
length_short,10,910,10,Short-distance A600 W30 ID20 / C4,We,20.39463061104661
length_short,11,911,10,Short-distance A600 W30 ID20 / C4,We,12.159649500639677
length_short,12,912,10,Short-distance A600 W30 ID20 / C4,We,
length_short,13,913,10,Short-distance A600 W30 ID20 / C4,We,
length_short,14,914,10,Short-distance A600 W30 ID20 / C4,We,18.809061454268257
length_short,15,915,10,Short-distance A600 W30 ID20 / C4,We,13.191266837820049
length_short,16,916,10,Short-distance A600 W30 ID20 / C4,We,
length_short,17,917,10,Short-distance A600 W30 ID20 / C4,We,
length_short,18,918,10,Short-distance A600 W30 ID20 / C4,We,
length_short,19,919,10,Short-distance A600 W30 ID20 / C4,We,13.444823465060205
length_short,20,920,10,Short-distance A600 W30 ID20 / C4,We,13.073211776366483
length_short,21,921,10,Short-distance A600 W30 ID20 / C4,We,58.144449035573636
length_short,22,922,10,Short-distance A600 W30 ID20 / C4,We,23.470172830722138
length_short,23,923,10,Short-distance A600 W30 ID20 / C4,We,36.34078645317848
length_short,24,924,10,Short-distance A600 W30 ID20 / C4,We,
length_short,25,925,10,Short-distance A600 W30 ID20 / C4,We,23.13120321812072
length_short,26,926,10,Short-distance A600 W30 ID20 / C4,We,15.523424476112252
length_short,27,927,10,Short-distance A600 W30 ID20 / C4,We,40.775078973316475
length_short,28,928,10,Short-distance A600 W30 ID20 / C4,We,24.167772442922537
length_short,29,929,10,Short-distance A600 W30 ID20 / C4,We,
length_short,30,930,10,Short-distance A600 W30 ID20 / C4,We,27.337925108296588
length_short,31,931,10,Short-distance A600 W30 ID20 / C4,We,
length_short,32,932,10,Short-distance A600 W30 ID20 / C4,We,7.526734728675144
length_short,33,933,10,Short-distance A600 W30 ID20 / C4,We,17.95522779420421
length_short,34,934,10,Short-distance A600 W30 ID20 / C4,We,9.76938894375409
length_short,35,935,10,Short-distance A600 W30 ID20 / C4,We,10.198332421207418
length_short,36,936,10,Short-distance A600 W30 ID20 / C4,We,33.48099022425918
length_short,37,937,10,Short-distance A600 W30 ID20 / C4,We,16.734437625821197
length_short,38,938,10,Short-distance A600 W30 ID20 / C4,We,12.778100804423376
length_short,39,939,10,Short-distance A600 W30 ID20 / C4,We,
length_short,40,940,10,Short-distance A600 W30 ID20 / C4,We,6.601784173347919
length_short,41,941,10,Short-distance A600 W30 ID20 / C4,We,10.693111391506628
length_short,42,942,10,Short-distance A600 W30 ID20 / C4,We,19.38248410898951
length_short,43,943,10,Short-distance A600 W30 ID20 / C4,We,18.45099341184753
length_short,44,944,10,Short-distance A600 W30 ID20 / C4,We,25.916653735680583
length_short,45,945,10,Short-distance A600 W30 ID20 / C4,We,
length_short,46,946,10,Short-distance A600 W30 ID20 / C4,We,
length_short,47,947,10,Short-distance A600 W30 ID20 / C4,We,32.32695693334893
length_short,48,948,10,Short-distance A600 W30 ID20 / C4,We,14.902088293326358
length_short,49,949,10,Short-distance A600 W30 ID20 / C4,We,9.97208812004894
length_short,50,950,10,Short-distance A600 W30 ID20 / C4,We,
length_short,51,951,10,Short-distance A600 W30 ID20 / C4,We,20.598052720931626
length_short,52,952,10,Short-distance A600 W30 ID20 / C4,We,14.621121634609795
length_short,53,953,10,Short-distance A600 W30 ID20 / C4,We,31.994990138124955
length_short,54,954,10,Short-distance A600 W30 ID20 / C4,We,13.791547901285032
length_short,55,955,10,Short-distance A600 W30 ID20 / C4,We,13.931941164770555
length_short,56,956,10,Short-distance A600 W30 ID20 / C4,We,11.067358938068091
length_short,57,957,10,Short-distance A600 W30 ID20 / C4,We,11.768682856656858
length_short,58,958,10,Short-distance A600 W30 ID20 / C4,We,16.93817412072066
length_short,59,959,10,Short-distance A600 W30 ID20 / C4,We,20.747944560337267
length_short,60,960,10,Short-distance A600 W30 ID20 / C4,We,17.820393970809924
length_short,61,961,10,Short-distance A600 W30 ID20 / C4,We,7.696027822273037
length_short,62,962,10,Short-distance A600 W30 ID20 / C4,We,25.99099934976847
length_short,63,963,10,Short-distance A600 W30 ID20 / C4,We,17.800064965211337
length_short,64,964,10,Short-distance A600 W30 ID20 / C4,We,
length_short,65,965,10,Short-distance A600 W30 ID20 / C4,We,22.458569444994442
length_short,66,966,10,Short-distance A600 W30 ID20 / C4,We,14.16301189407535
length_short,67,967,10,Short-distance A600 W30 ID20 / C4,We,5.083630123024456
length_short,68,968,10,Short-distance A600 W30 ID20 / C4,We,28.822164455591
length_short,69,969,10,Short-distance A600 W30 ID20 / C4,We,22.868940584821495
length_short,70,970,10,Short-distance A600 W30 ID20 / C4,We,17.850204380598964
length_short,71,971,10,Short-distance A600 W30 ID20 / C4,We,
length_short,72,972,10,Short-distance A600 W30 ID20 / C4,We,27.250788951951076
length_short,73,973,10,Short-distance A600 W30 ID20 / C4,We,23.419875970627483
length_short,74,974,10,Short-distance A600 W30 ID20 / C4,We,28.294508906518587
length_short,75,975,10,Short-distance A600 W30 ID20 / C4,We,11.218710807473867
length_short,76,976,10,Short-distance A600 W30 ID20 / C4,We,14.279596255360927
length_short,77,977,10,Short-distance A600 W30 ID20 / C4,We,16.07173380933409
length_short,78,978,10,Short-distance A600 W30 ID20 / C4,We,19.080965493309222
length_short,79,979,10,Short-distance A600 W30 ID20 / C4,We,43.96786361345088
length_short,80,980,10,Short-distance A600 W30 ID20 / C4,We,38.359120163730694
length_short,81,981,10,Short-distance A600 W30 ID20 / C4,We,
length_short,82,982,10,Short-distance A600 W30 ID20 / C4,We,12.126071410898152
length_short,83,983,10,Short-distance A600 W30 ID20 / C4,We,41.29276339757461
length_short,84,984,10,Short-distance A600 W30 ID20 / C4,We,19.513226493554033
length_short,85,985,10,Short-distance A600 W30 ID20 / C4,We,14.562617283684636
length_short,86,986,10,Short-distance A600 W30 ID20 / C4,We,28.578038128150673
length_short,87,987,10,Short-distance A600 W30 ID20 / C4,We,36.84466245535361
length_short,88,988,10,Short-distance A600 W30 ID20 / C4,We,30.696967091676907
length_short,89,989,10,Short-distance A600 W30 ID20 / C4,We,23.79525352516134
length_short,90,990,10,Short-distance A600 W30 ID20 / C4,We,24.638779551397946
length_short,91,991,10,Short-distance A600 W30 ID20 / C4,We,
length_short,92,992,10,Short-distance A600 W30 ID20 / C4,We,24.170076775251115
length_short,93,993,10,Short-distance A600 W30 ID20 / C4,We,33.169858972181586
length_short,94,994,10,Short-distance A600 W30 ID20 / C4,We,23.277495237472507
length_short,95,995,10,Short-distance A600 W30 ID20 / C4,We,17.828909091367564
length_short,96,996,10,Short-distance A600 W30 ID20 / C4,We,37.250870088354155
length_short,97,997,10,Short-distance A600 W30 ID20 / C4,We,25.160095189435776
length_short,98,998,10,Short-distance A600 W30 ID20 / C4,We,43.64007444022003
length_short,99,999,10,Short-distance A600 W30 ID20 / C4,We,
length_short,100,1000,10,Short-distance A600 W30 ID20 / C4,We,24.432569905458056
length_short,101,1001,11,Short-distance A600 W30 ID20 / C4,We,14.890654606411486
length_short,102,1002,11,Short-distance A600 W30 ID20 / C4,We,24.973773004555714
length_short,103,1003,11,Short-distance A600 W30 ID20 / C4,We,32.5101623426473
length_short,104,1004,11,Short-distance A600 W30 ID20 / C4,We,18.73590286102843
length_short,105,1005,11,Short-distance A600 W30 ID20 / C4,We,13.948004014369799
length_short,106,1006,11,Short-distance A600 W30 ID20 / C4,We,21.55658492570082
length_short,107,1007,11,Short-distance A600 W30 ID20 / C4,We,12.500586387759485
length_short,108,1008,11,Short-distance A600 W30 ID20 / C4,We,17.539361753708167
length_short,109,1009,11,Short-distance A600 W30 ID20 / C4,We,15.074575570843656
length_short,110,1010,11,Short-distance A600 W30 ID20 / C4,We,
length_short,111,1011,11,Short-distance A600 W30 ID20 / C4,We,66.18563087132195
length_short,112,1012,11,Short-distance A600 W30 ID20 / C4,We,7.429437385492923
length_short,113,1013,11,Short-distance A600 W30 ID20 / C4,We,7.782570500203297
length_short,114,1014,11,Short-distance A600 W30 ID20 / C4,We,8.189063574860592
length_short,115,1015,11,Short-distance A600 W30 ID20 / C4,We,21.001442493099923
length_short,116,1016,11,Short-distance A600 W30 ID20 / C4,We,17.648953454914672
length_short,117,1017,11,Short-distance A600 W30 ID20 / C4,We,10.150986971281187
length_short,118,1018,11,Short-distance A600 W30 ID20 / C4,We,17.3937808476167
length_short,119,1019,11,Short-distance A600 W30 ID20 / C4,We,12.152509053406384
length_short,120,1020,11,Short-distance A600 W30 ID20 / C4,We,21.080256525664904
length_short,121,1021,11,Short-distance A600 W30 ID20 / C4,We,23.594959442538272
length_short,122,1022,11,Short-distance A600 W30 ID20 / C4,We,12.966081472129874
length_short,123,1023,11,Short-distance A600 W30 ID20 / C4,We,17.18494579586488
length_short,124,1024,11,Short-distance A600 W30 ID20 / C4,We,16.641290353099578
length_short,125,1025,11,Short-distance A600 W30 ID20 / C4,We,17.65867059129037
length_short,126,1026,11,Short-distance A600 W30 ID20 / C4,We,23.696556473070004
length_short,127,1027,11,Short-distance A600 W30 ID20 / C4,We,13.314762476161759
length_short,128,1028,11,Short-distance A600 W30 ID20 / C4,We,12.619560289175906
length_short,129,1029,11,Short-distance A600 W30 ID20 / C4,We,18.796911144511895
length_short,130,1030,11,Short-distance A600 W30 ID20 / C4,We,6.8704307130997275
length_short,131,1031,11,Short-distance A600 W30 ID20 / C4,We,32.946376065866154
length_short,132,1032,11,Short-distance A600 W30 ID20 / C4,We,26.628854133557315
length_short,133,1033,11,Short-distance A600 W30 ID20 / C4,We,22.73260846334029
length_short,134,1034,11,Short-distance A600 W30 ID20 / C4,We,
length_short,135,1035,11,Short-distance A600 W30 ID20 / C4,We,
length_short,136,1036,11,Short-distance A600 W30 ID20 / C4,We,17.21069764610793
length_short,137,1037,11,Short-distance A600 W30 ID20 / C4,We,10.867393316019585
length_short,138,1038,11,Short-distance A600 W30 ID20 / C4,We,
length_short,139,1039,11,Short-distance A600 W30 ID20 / C4,We,40.130913174983675
length_short,140,1040,11,Short-distance A600 W30 ID20 / C4,We,23.29039520195171
length_short,141,1041,11,Short-distance A600 W30 ID20 / C4,We,46.2287858237691
length_short,142,1042,11,Short-distance A600 W30 ID20 / C4,We,18.958396635410924
length_short,143,1043,11,Short-distance A600 W30 ID20 / C4,We,20.590355960861615
length_short,144,1044,11,Short-distance A600 W30 ID20 / C4,We,17.529663134464215
length_short,145,1045,11,Short-distance A600 W30 ID20 / C4,We,28.074779012844576
length_short,146,1046,11,Short-distance A600 W30 ID20 / C4,We,21.50174615616105
length_short,147,1047,11,Short-distance A600 W30 ID20 / C4,We,
length_short,148,1048,11,Short-distance A600 W30 ID20 / C4,We,14.49063720903018
length_short,149,1049,11,Short-distance A600 W30 ID20 / C4,We,15.54114873478446
length_short,150,1050,11,Short-distance A600 W30 ID20 / C4,We,
length_short,151,1051,11,Short-distance A600 W30 ID20 / C4,We,10.506819299789372
length_short,152,1052,11,Short-distance A600 W30 ID20 / C4,We,18.009922510335677
length_short,153,1053,11,Short-distance A600 W30 ID20 / C4,We,
length_short,154,1054,11,Short-distance A600 W30 ID20 / C4,We,22.584994181430535
length_short,155,1055,11,Short-distance A600 W30 ID20 / C4,We,10.36506570880202
length_short,156,1056,11,Short-distance A600 W30 ID20 / C4,We,
length_short,157,1057,11,Short-distance A600 W30 ID20 / C4,We,11.562250743490937
length_short,158,1058,11,Short-distance A600 W30 ID20 / C4,We,30.86795076565445
length_short,159,1059,11,Short-distance A600 W30 ID20 / C4,We,34.26657646935098
length_short,160,1060,11,Short-distance A600 W30 ID20 / C4,We,
length_short,161,1061,11,Short-distance A600 W30 ID20 / C4,We,25.778993909684164
length_short,162,1062,11,Short-distance A600 W30 ID20 / C4,We,11.275924732945397
length_short,163,1063,11,Short-distance A600 W30 ID20 / C4,We,14.046063582550923
length_short,164,1064,11,Short-distance A600 W30 ID20 / C4,We,7.063628999020021
length_short,165,1065,11,Short-distance A600 W30 ID20 / C4,We,5.9139721244576675
length_short,166,1066,11,Short-distance A600 W30 ID20 / C4,We,19.897016220232167
length_short,167,1067,11,Short-distance A600 W30 ID20 / C4,We,10.688961084306179
length_short,168,1068,11,Short-distance A600 W30 ID20 / C4,We,18.81708748099708
length_short,169,1069,11,Short-distance A600 W30 ID20 / C4,We,24.459097133174243
length_short,170,1070,11,Short-distance A600 W30 ID20 / C4,We,8.226094070335218
length_short,171,1071,11,Short-distance A600 W30 ID20 / C4,We,24.165667633662743
length_short,172,1072,11,Short-distance A600 W30 ID20 / C4,We,12.1317690152503
length_short,173,1073,11,Short-distance A600 W30 ID20 / C4,We,4.824195522153717
length_short,174,1074,11,Short-distance A600 W30 ID20 / C4,We,
length_short,175,1075,11,Short-distance A600 W30 ID20 / C4,We,14.04522768288255
length_short,176,1076,11,Short-distance A600 W30 ID20 / C4,We,20.24585074492775
length_short,177,1077,11,Short-distance A600 W30 ID20 / C4,We,13.98642723833152
length_short,178,1078,11,Short-distance A600 W30 ID20 / C4,We,23.877080955829253
length_short,179,1079,11,Short-distance A600 W30 ID20 / C4,We,28.449034701002457
length_short,180,1080,11,Short-distance A600 W30 ID20 / C4,We,40.476024270934
length_short,181,1081,11,Short-distance A600 W30 ID20 / C4,We,23.951634758722946
length_short,182,1082,11,Short-distance A600 W30 ID20 / C4,We,8.498353133726116
length_short,183,1083,11,Short-distance A600 W30 ID20 / C4,We,7.2890036293513045
length_short,184,1084,11,Short-distance A600 W30 ID20 / C4,We,14.97191796556914
length_short,185,1085,11,Short-distance A600 W30 ID20 / C4,We,
length_short,186,1086,11,Short-distance A600 W30 ID20 / C4,We,
length_short,187,1087,11,Short-distance A600 W30 ID20 / C4,We,16.361171102678494
length_short,188,1088,11,Short-distance A600 W30 ID20 / C4,We,9.547645935931778
length_short,189,1089,11,Short-distance A600 W30 ID20 / C4,We,31.883792318312402
length_short,190,1090,11,Short-distance A600 W30 ID20 / C4,We,10.340272185912747
length_short,191,1091,11,Short-distance A600 W30 ID20 / C4,We,13.127940785816195
length_short,192,1092,11,Short-distance A600 W30 ID20 / C4,We,11.36823562852125
length_short,193,1093,11,Short-distance A600 W30 ID20 / C4,We,35.41195524051262
length_short,194,1094,11,Short-distance A600 W30 ID20 / C4,We,15.735578947787108
length_short,195,1095,11,Short-distance A600 W30 ID20 / C4,We,10.601884979589178
length_short,196,1096,11,Short-distance A600 W30 ID20 / C4,We,18.804063531792554
length_short,197,1097,11,Short-distance A600 W30 ID20 / C4,We,29.215602613242584
length_short,198,1098,11,Short-distance A600 W30 ID20 / C4,We,18.22110516703234
length_short,199,1099,11,Short-distance A600 W30 ID20 / C4,We,47.800809569791355
length_short,200,1100,11,Short-distance A600 W30 ID20 / C4,We,21.924254148284774
length_short,201,1101,12,Short-distance A600 W30 ID20 / C4,We,20.511574209590975
length_short,202,1102,12,Short-distance A600 W30 ID20 / C4,We,17.78288688435256
length_short,203,1103,12,Short-distance A600 W30 ID20 / C4,We,
length_short,204,1104,12,Short-distance A600 W30 ID20 / C4,We,11.960225868268164
length_short,205,1105,12,Short-distance A600 W30 ID20 / C4,We,
length_short,206,1106,12,Short-distance A600 W30 ID20 / C4,We,19.55414382958094
length_short,207,1107,12,Short-distance A600 W30 ID20 / C4,We,
length_short,208,1108,12,Short-distance A600 W30 ID20 / C4,We,14.34746434876946
length_short,209,1109,12,Short-distance A600 W30 ID20 / C4,We,17.717000949020576
length_short,210,1110,12,Short-distance A600 W30 ID20 / C4,We,14.20063308141349
length_short,211,1111,12,Short-distance A600 W30 ID20 / C4,We,13.019307791659017
length_short,212,1112,12,Short-distance A600 W30 ID20 / C4,We,18.93251739680011
length_short,213,1113,12,Short-distance A600 W30 ID20 / C4,We,20.952366418717176
length_short,214,1114,12,Short-distance A600 W30 ID20 / C4,We,9.044155678602461
length_short,215,1115,12,Short-distance A600 W30 ID20 / C4,We,16.344113023357718
length_short,216,1116,12,Short-distance A600 W30 ID20 / C4,We,
length_short,217,1117,12,Short-distance A600 W30 ID20 / C4,We,25.019365563222312
length_short,218,1118,12,Short-distance A600 W30 ID20 / C4,We,16.887473202639807
length_short,219,1119,12,Short-distance A600 W30 ID20 / C4,We,7.409647346431282
length_short,220,1120,12,Short-distance A600 W30 ID20 / C4,We,25.204281889759116
length_short,221,1121,12,Short-distance A600 W30 ID20 / C4,We,11.367196041660433
length_short,222,1122,12,Short-distance A600 W30 ID20 / C4,We,23.604465955810387
length_short,223,1123,12,Short-distance A600 W30 ID20 / C4,We,21.15564847125298
length_short,224,1124,12,Short-distance A600 W30 ID20 / C4,We,18.650955852374256
length_short,225,1125,12,Short-distance A600 W30 ID20 / C4,We,25.050556880415254
length_short,226,1126,12,Short-distance A600 W30 ID20 / C4,We,13.316717112702214
length_short,227,1127,12,Short-distance A600 W30 ID20 / C4,We,10.901488717208492
length_short,228,1128,12,Short-distance A600 W30 ID20 / C4,We,17.756660881658533
length_short,229,1129,12,Short-distance A600 W30 ID20 / C4,We,6.863162855971959
length_short,230,1130,12,Short-distance A600 W30 ID20 / C4,We,34.90464117652518
length_short,231,1131,12,Short-distance A600 W30 ID20 / C4,We,16.24190779936594
length_short,232,1132,12,Short-distance A600 W30 ID20 / C4,We,9.587143235460745
length_short,233,1133,12,Short-distance A600 W30 ID20 / C4,We,24.601576725032608
length_short,234,1134,12,Short-distance A600 W30 ID20 / C4,We,19.03139781733257
length_short,235,1135,12,Short-distance A600 W30 ID20 / C4,We,23.19417327595945
length_short,236,1136,12,Short-distance A600 W30 ID20 / C4,We,11.311093064793459
length_short,237,1137,12,Short-distance A600 W30 ID20 / C4,We,16.607815382403636
length_short,238,1138,12,Short-distance A600 W30 ID20 / C4,We,14.646529546257474
length_short,239,1139,12,Short-distance A600 W30 ID20 / C4,We,34.53473875587651
length_short,240,1140,12,Short-distance A600 W30 ID20 / C4,We,9.595166315511587
length_short,241,1141,12,Short-distance A600 W30 ID20 / C4,We,
length_short,242,1142,12,Short-distance A600 W30 ID20 / C4,We,51.24622052697255
length_short,243,1143,12,Short-distance A600 W30 ID20 / C4,We,24.083690715265334
length_short,244,1144,12,Short-distance A600 W30 ID20 / C4,We,28.230652461440997
length_short,245,1145,12,Short-distance A600 W30 ID20 / C4,We,18.431322001942046
length_short,246,1146,12,Short-distance A600 W30 ID20 / C4,We,
length_short,247,1147,12,Short-distance A600 W30 ID20 / C4,We,18.32707283549644
length_short,248,1148,12,Short-distance A600 W30 ID20 / C4,We,10.497272247600996
length_short,249,1149,12,Short-distance A600 W30 ID20 / C4,We,22.824345997792324
length_short,250,1150,12,Short-distance A600 W30 ID20 / C4,We,20.06633181038976
length_short,251,1151,12,Short-distance A600 W30 ID20 / C4,We,18.220277858752308
length_short,252,1152,12,Short-distance A600 W30 ID20 / C4,We,
length_short,253,1153,12,Short-distance A600 W30 ID20 / C4,We,
length_short,254,1154,12,Short-distance A600 W30 ID20 / C4,We,18.748667223744203
length_short,255,1155,12,Short-distance A600 W30 ID20 / C4,We,12.08651353860181
length_short,256,1156,12,Short-distance A600 W30 ID20 / C4,We,13.829563761493318
length_short,257,1157,12,Short-distance A600 W30 ID20 / C4,We,5.065059341097709
length_short,258,1158,12,Short-distance A600 W30 ID20 / C4,We,9.626021888573797
length_short,259,1159,12,Short-distance A600 W30 ID20 / C4,We,9.785469735659293
length_short,260,1160,12,Short-distance A600 W30 ID20 / C4,We,37.641377288633954
length_short,261,1161,12,Short-distance A600 W30 ID20 / C4,We,
length_short,262,1162,12,Short-distance A600 W30 ID20 / C4,We,14.569769912281545
length_short,263,1163,12,Short-distance A600 W30 ID20 / C4,We,20.683445153619076
length_short,264,1164,12,Short-distance A600 W30 ID20 / C4,We,13.51427127393357
length_short,265,1165,12,Short-distance A600 W30 ID20 / C4,We,24.737638834011197
length_short,266,1166,12,Short-distance A600 W30 ID20 / C4,We,19.04683966761974
length_short,267,1167,12,Short-distance A600 W30 ID20 / C4,We,12.259594519195979
length_short,268,1168,12,Short-distance A600 W30 ID20 / C4,We,9.64399605434222
length_short,269,1169,12,Short-distance A600 W30 ID20 / C4,We,11.069614455235667
length_short,270,1170,12,Short-distance A600 W30 ID20 / C4,We,24.022414581539227
length_short,271,1171,12,Short-distance A600 W30 ID20 / C4,We,25.453760133758184
length_short,272,1172,12,Short-distance A600 W30 ID20 / C4,We,13.830470892626762
length_short,273,1173,12,Short-distance A600 W30 ID20 / C4,We,
length_short,274,1174,12,Short-distance A600 W30 ID20 / C4,We,12.469836372122016
length_short,275,1175,12,Short-distance A600 W30 ID20 / C4,We,
length_short,276,1176,12,Short-distance A600 W30 ID20 / C4,We,9.577295469352839
length_short,277,1177,12,Short-distance A600 W30 ID20 / C4,We,12.923431653924316
length_short,278,1178,12,Short-distance A600 W30 ID20 / C4,We,9.908505520298283
length_short,279,1179,12,Short-distance A600 W30 ID20 / C4,We,27.204741193061604
length_short,280,1180,12,Short-distance A600 W30 ID20 / C4,We,26.685569167304806
length_short,281,1181,12,Short-distance A600 W30 ID20 / C4,We,22.542488265285538
length_short,282,1182,12,Short-distance A600 W30 ID20 / C4,We,15.250825570046661
length_short,283,1183,12,Short-distance A600 W30 ID20 / C4,We,14.903121766576739
length_short,284,1184,12,Short-distance A600 W30 ID20 / C4,We,
length_short,285,1185,12,Short-distance A600 W30 ID20 / C4,We,19.174790702588997
length_short,286,1186,12,Short-distance A600 W30 ID20 / C4,We,16.60517857112051
length_short,287,1187,12,Short-distance A600 W30 ID20 / C4,We,19.785071999762422
length_short,288,1188,12,Short-distance A600 W30 ID20 / C4,We,42.59104852339672
length_short,289,1189,12,Short-distance A600 W30 ID20 / C4,We,10.00060428731914
length_short,290,1190,12,Short-distance A600 W30 ID20 / C4,We,
length_short,291,1191,12,Short-distance A600 W30 ID20 / C4,We,6.576708732201441
length_short,292,1192,12,Short-distance A600 W30 ID20 / C4,We,18.911659639866553
length_short,293,1193,12,Short-distance A600 W30 ID20 / C4,We,9.226554539883566
length_short,294,1194,12,Short-distance A600 W30 ID20 / C4,We,26.287435313754298
length_short,295,1195,12,Short-distance A600 W30 ID20 / C4,We,5.156720241928251
length_short,296,1196,12,Short-distance A600 W30 ID20 / C4,We,23.800638425349884
length_short,297,1197,12,Short-distance A600 W30 ID20 / C4,We,21.19299122059797
length_short,298,1198,12,Short-distance A600 W30 ID20 / C4,We,14.172977928859337
length_short,299,1199,12,Short-distance A600 W30 ID20 / C4,We,10.24020095714266
length_short,300,1200,12,Short-distance A600 W30 ID20 / C4,We,
