global_N,MT_norm,We_norm,Ae_norm,TPe_norm
1,,,,
2,0.02754982415005864,0.148199314513285,0.45706894140479826,0.24950735754973002
3,0.042790152403282565,0.23849544910714204,0.433036467522507,0.14233466949693502
4,0.03458382180539276,0.16823521223675936,0.406926199276628,0.20312101505222588
5,0.028722157092614324,0.08292283693936718,0.4617469457408826,0.41639922883530794
6,0.13774912075029305,0.7977890423148826,0.5421644810122314,0.020170972200620352
7,0.0,0.15428766462901244,0.39414181306125057,0.24719960392522364
8,,,,
9,0.02051582649472452,0.131471121590033,0.4497801584622975,0.2836751319977906
10,0.016412661195779613,0.3103433018309741,0.4488163274516438,0.12018287217644223
11,0.013481828839390397,0.07126785858065114,0.4558069394961045,0.49204927386875646
12,0.16178194607268465,0.2773951407218995,0.4155300898196034,0.07943496581378966
13,0.09437280187573271,0.12925256600285742,0.367512134525657,0.2054461579584072
14,0.13540445486518168,0.364827531550397,0.4292323061158878,0.06211345130562071
15,0.08792497069167644,0.36517595202187886,0.46914272847387417,0.07750120441215703
16,0.12368112543962483,0.8977867870913054,0.4619786738427632,0.013299704438635927
17,0.0738569753810082,0.27098355747832825,0.4240477759636546,0.10950023844572966
18,0.06330597889800701,0.21444317361865184,0.4116459712923454,0.1444203724263086
19,,,,
20,0.039273153575615505,0.44358211219549365,0.4214249501832305,0.06832202490912884
21,,,,
22,0.028722157092614324,0.2912352211355651,0.3934825966690109,0.11443541160881446
23,0.02227432590855805,0.16817238862065897,0.4764583730618269,0.23023851732849104
24,0.09847596717467762,0.11713976638720988,0.4184659615683383,0.23669661177307616
25,0.14595545134818286,0.1904009837992084,0.4000774298420003,0.12511671515684963
26,0.1916764361078546,0.40259458501005424,0.4992624231151005,0.04996998505697113
27,0.15005861664712777,0.4018625411659804,0.4269685565913192,0.05150813971537277
28,0.05978898007033996,0.2735989721103844,0.4895696447567662,0.12351069504659226
29,0.11488862837045724,0.4086236051458859,0.4997586646818061,0.06345216331260366
30,0.10785463071512312,0.2866098846080106,0.42874589312633804,0.09207682626371513
31,,,,
32,0.10199296600234468,0.19257835255816974,0.4582986700327218,0.15119660894089032
33,0.12133645955451344,0.19278486970416475,0.41391438226862526,0.1349336071962965
34,0.19050410316529898,0.198883718465944,0.4331661284867278,0.11043092822408361
35,0.14712778429073856,0.1629075407789335,0.3985714710645287,0.14651769593918393
36,0.08206330597889801,0.3504825423168253,0.40600045688935665,0.0763182283518194
37,0.1547479484173505,0.37486442661971375,0.44204850372324134,0.05719413543825499
38,0.14126611957796012,0.8163262721213287,0.40306903916271014,0.012851111962826888
39,0.0697538100820633,0.19042356731086907,0.3984678633610888,0.15737568705069085
40,,,,
41,0.06154747948417349,0.2561030847549142,0.39525404476222775,0.11728457160226097
42,0.056858147713950744,0.10860413746302024,0.4071700411634573,0.2838182518389554
43,0.07854630715123094,0.2141059544728685,0.4086812219474965,0.13696014714433988
44,,,,
45,0.06330597889800701,0.25623922871374943,0.4225635979693877,0.12073527847491013
46,0.056858147713950744,0.2069643412109744,0.43694543546265613,0.1581145193283723
47,0.14126611957796012,0.21368440987390083,0.4524201819577707,0.11968055602241327
48,,,,
49,0.0955451348182884,0.17519312716019078,0.4265147827462015,0.1635318844072853
50,0.12133645955451344,0.4142664526308628,0.4654137172386995,0.05795326040573576
51,0.07737397420867526,0.3964947140073041,0.426256683467446,0.0683012541513516
52,,,,
53,0.026377491207502952,0.14251385055118815,0.418302597382841,0.24862193289435972
54,0.02930832356389217,0.11287652302203449,0.40930827535754344,0.3013527370071712
55,,,,
56,0.08030480656506447,0.11386012490734491,0.41530374890010163,0.2553605485039443
57,0.06271981242672918,0.08529206976421376,0.385516276282411,0.3342957240924966
58,0.09261430246189918,0.2835128286953803,0.47566743161658975,0.10424130710641542
59,0.08675263774912076,0.14179683370626622,0.4378151622667142,0.20968799242545394
60,0.07033997655334114,0.24441976215045047,0.4143251245402756,0.12283410237632726
61,,,,
62,0.03810082063305982,0.1955823609142708,0.4703772264275399,0.1860526011461139
63,0.12368112543962483,0.263507776556323,0.4423158546999695,0.0983559191128642
64,0.07092614302461898,0.17496836758931417,0.4200590003826488,0.17553437944360628
65,0.08675263774912076,0.21092567702352183,0.3925728300818668,0.1327044576848769
66,0.16529894490035169,0.1865471086664447,0.42026778877473614,0.1244653380242178
67,,,,
68,0.08968347010550996,0.23768955662951052,0.3961350839503562,0.11592818079233291
69,0.09261430246189918,0.030048565355850675,0.42344437212056085,0.6646947063461016
70,0.20867526377491205,0.3562175105335773,0.4427946081867468,0.051746742074615916
71,0.14243845252051582,0.3164484444587889,0.4131151420691731,0.07131977705870146
72,0.09261430246189918,0.1931940540325645,0.41616035175176846,0.14731335500672704
73,0.06916764361078545,0.09958021255178177,0.454432072428216,0.31095634757174984
74,0.08675263774912076,0.09968652410107297,0.39070799355117564,0.27380369627377676
75,0.13657678780773738,0.1142177909852783,0.3909562088038992,0.21077793597441394
76,,,,
77,0.14302461899179364,0.33750782345434555,0.4259915500231518,0.06677523993554903
78,0.11430246189917939,0.227594077645832,0.4453957439096843,0.11991357161057621
79,0.14302461899179364,0.416325002663142,0.43092782595740786,0.050511989862460235
80,0.09671746776084408,0.16226817971155458,0.39292205517040973,0.1688513128309003
81,0.16354044548651817,0.11895971246462925,0.44145295516249916,0.20107070521736992
82,0.15005861664712777,0.24630511683627193,0.46139505389897206,0.10067237146951116
83,0.12133645955451344,0.37261050996837075,0.41428506057499626,0.06198098320483919
84,0.18522860492379836,0.3391225993815747,0.4352353963061327,0.058838977602144425
85,0.1858147713950762,0.08742162929368599,0.4185407747672243,0.24436860536664573
86,0.21160609613130127,0.18210634784803156,0.40423434423662585,0.11093460331955983
87,0.15005861664712777,0.11040483629391555,0.4347586214213433,0.22118981012414954
88,0.18347010550996484,0.26872329090525754,0.42914761668797113,0.07901416364372142
89,0.17643610785463074,0.15381190693643354,0.45212159572224736,0.1536270402716521
90,0.14947245017584992,0.08937834853103258,0.39959201747905765,0.2562356136161027
91,0.18229777256740914,0.15076148670730863,0.4491190675298212,0.15389172473568447
92,0.08382180539273154,0.11842189187205181,0.38614629544304824,0.235424941370029
93,0.13892145369284875,0.28722913928723537,0.4407616873566442,0.08454261115447288
94,0.16588511137162953,0.18882711791874177,0.4292808821903172,0.12408626594287343
95,0.11723329425556861,0.31321265984278296,0.37376222876901866,0.07404465577293086
96,,,,
97,0.12133645955451344,0.10774209072498754,0.43832497285039296,0.24502307458580547
98,0.2502930832356389,0.2999027513275262,0.43340951562371594,0.05734141202585689
99,0.11957796014067992,0.18921125919799375,0.421901187753657,0.13974092611693012
100,0.1477139507620164,0.2660264444048436,0.44945495604581565,0.09125772770482671
101,0.22098475967174674,0.2944120680458967,0.4306484251506529,0.06346889055391426
102,0.06154747948417349,0.041990395423406525,0.4401602424361839,0.6040441404207749
103,,,,
104,0.02754982415005864,0.17017523314850966,0.4103197403154497,0.2068092813522872
105,0.03868698710433766,0.13729937811312307,0.4383880183973553,0.2524574301965148
106,0.04747948417350525,0.11924179811367326,0.4620487405629084,0.2865071736746102
107,0.08792497069167644,0.19693965811796427,0.4643540153735949,0.1553999479962716
108,,,,
109,0.12837045720984758,0.04497998339755139,0.44581274584312697,0.48256366684883334
110,0.12543962485345836,0.1835061095492077,0.44693806430274435,0.14629733416798135
111,0.09026963657678781,0.28166608628664264,0.4397645214568248,0.10109847896405148
112,0.18933177022274328,0.14382360355115859,0.4123247332827541,0.15151393959880036
113,0.1313012895662368,0.06813840367762163,0.48017515278249695,0.36721528141907994
114,0.11899179366940207,0.0981887445704298,0.4419159319497913,0.2688220867999345
115,0.12954279015240325,0.1594835093926615,0.46832623062765855,0.17108945252278174
116,0.11547479484173508,0.18282786600513096,0.4209922184535399,0.14643182571838395
117,0.1037514654161782,0.1750357921619731,0.4906856284004927,0.1722258686954358
118,0.06271981242672918,0.07372301893864304,0.42261012675730864,0.3928552874089059
119,0.23974208675263775,0.2870482964751971,0.4906342615608751,0.06787588792523866
120,0.1694021101992966,0.13175818070196305,0.4031780385094988,0.17165135741447082
121,0.1289566236811254,0.33179039796923093,0.4636745928512603,0.07538192245144959
122,0.15416178194607266,0.03743716344775258,0.40908692099113253,0.4899096449927308
123,0.10140679953106684,0.16360302882225136,0.4577198705539302,0.1786492770680367
124,0.07444314185228604,0.05971961277786569,0.39792349264093774,0.4336452112615379
125,0.11488862837045724,0.12252542873522117,0.37366947323956384,0.20513953821961262
126,0.23856975381008205,0.26070424205786696,0.4665174077425188,0.07435130834436961
127,0.1682297772567409,0.15138186200571532,0.4167096347019389,0.1526720624373492
128,0.09320046893317703,0.08644690605394155,0.4407235796332236,0.3216856412681248
129,0.0914419695193435,0.06177213616601323,0.43346932374980235,0.41903164727042225
130,0.06799531066822977,0.190169652704228,0.4081506642915038,0.16045136087202316
131,0.25381008206330596,0.23044047280044785,0.41767862173651127,0.07769674344646067
132,0.1705744431418523,0.4954177611641328,0.4249311430590658,0.03446040223224809
133,0.13657678780773738,0.13636952649923473,0.4353531491854348,0.18819595083641116
134,0.4343493552168816,0.19488288479994745,0.42909273997208547,0.06522748228541488
135,0.09847596717467762,0.05172341748452687,0.39914378081352,0.45017259171811413
136,0.0562719812426729,0.08905360075073535,0.4024869300421645,0.3356563272744018
137,0.14126611957796012,0.21886678051041847,0.38173270811101145,0.10622149117392872
138,0.03282532239155923,0.20817097888332955,0.3634098316842528,0.15594922259242452
139,0.05216881594372799,0.14488319597673663,0.40449449437071716,0.22035577891561134
140,0.17350527549824152,0.7352079838049584,0.5303372820177822,0.0195536109511477
141,0.019929660023446674,0.14294822314092162,0.41561519992193896,0.25291981879343267
142,0.05803048065650643,0.22121009650031967,0.39071921237409724,0.13851223374500174
143,0.3575615474794842,0.247573586289247,0.40653357184741945,0.05439564155582029
144,,,,
145,,,,
146,0.05158264947245015,0.4001650875532465,0.4451299095036534,0.0767039581991362
147,0.11195779601406802,0.2502978625279409,0.37665104504472,0.09905989970671006
148,0.10257913247362252,0.2490332077320411,0.45229970988630075,0.11354306319045245
149,0.06213364595545133,0.25004314459986243,0.4321336724074811,0.12608562280861518
150,0.05275498241500584,0.13724354042157366,0.3872506969877027,0.22672077614202837
151,0.17233294255568582,1.0,0.6271728774320589,0.01087334905366222
152,0.05861664712778427,0.23799800285400566,0.3730779093960584,0.12475035713549369
153,0.07033997655334114,0.1277250492178545,0.3970949377775021,0.2319115320334896
154,0.06682297772567408,0.04074018778178705,0.46466876847798405,0.6224074524226834
155,0.10023446658851115,0.23529930532096355,0.45657414401282925,0.12247415308256085
156,0.08206330597889801,0.08832796896286706,0.3968301490635177,0.3102768906325538
157,,,,
158,0.07209847596717467,0.23166496158495942,0.3984187250982204,0.1268337039341686
159,0.11547479484173508,0.35631093380329554,0.45935207578385423,0.0716125554696662
160,0.07854630715123094,0.17329582654083875,0.4027898955498977,0.1693154490923618
161,0.10023446658851115,0.07767740431687457,0.4566610517754102,0.350549132946682
162,0.11430246189917939,0.16228895640089586,0.41044984005160967,0.163788320575981
163,0.6148886283704571,0.5240645122463757,0.40169731226969946,0.0019832547782320286
164,0.1547479484173505,0.10156186684156197,0.3839783190452907,0.22175128383606088
165,0.07678780773739742,0.12874554534984023,0.4163363271512429,0.23088504347046146
166,0.10433763188745605,0.2128223662437248,0.4306652350775054,0.13056077520060813
167,0.10609613130128959,0.1936892120113151,0.4092021616490615,0.1396982793388723
168,0.07151230949589682,0.17723796503230355,0.43470585485720276,0.17603407956687223
169,0.12602579132473618,0.23046443998733715,0.38411322428459915,0.10524838188482394
170,0.12485345838218051,0.1398495693298468,0.4543480114778862,0.19396591866514237
171,0.1049237983587339,0.20843217977243036,0.4009506637298379,0.1282999201679307
172,0.2555685814771395,0.28327345140692883,0.3670043063873848,0.05493069402664083
173,0.3071512309495897,0.30924648893445733,0.37290370521244093,0.04250479825600946
174,0.12602579132473618,0.2874361954470649,0.3649385637857713,0.07896038005546278
175,0.11664712778429076,0.20398698479265795,0.4343045315248017,0.13221410552080198
176,,,,
177,0.08792497069167644,0.10741277564683092,0.38477480955895627,0.25360563450476814
178,0.10961313012895664,0.030272198939165332,0.3787530043180719,0.6011991968764662
179,0.09730363423212193,0.044254881576160296,0.4173299742058728,0.5133644331806783
180,0.06213364595545133,0.15393871642975654,0.423541416464185,0.20581744907928975
181,0.13305978898007031,0.20489896184010928,0.4055988540171614,0.120825490370799
182,0.10257913247362252,0.15258795411989734,0.396013724479411,0.17704948906442022
183,0.10668229777256742,0.17434053499090843,0.4337545731171023,0.16032435895367522
184,0.11899179366940207,0.2909489482857306,0.4179750705271999,0.08593586037590503
185,0.14830011723329425,0.3011242972577734,0.38363355434337554,0.07135018941597426
186,0.15123094958968344,0.29102313143953557,0.3934213730307691,0.07487956209410362
187,0.060375146541617804,0.17951051467960874,0.38825028985390564,0.17023675450606993
188,0.039273153575615505,0.06337447202765317,0.35010451970403483,0.43721954862657075
189,0.03341148886283707,0.16019145233613138,0.42059735149249816,0.21749142620022344
190,0.06330597889800701,0.05204497846561212,0.42809066719237165,0.5125256516370659
191,0.08089097303634232,0.07907520825160529,0.3770072792415679,0.33338699741904815
192,0.09847596717467762,0.25051823869229806,0.39682097685434975,0.10628271937838794
193,0.057444314185228586,0.07163837084531775,0.4693641839485459,0.4299410424813026
194,0.1049237983587339,0.12167060265332877,0.3599161794994608,0.20878662850789675
195,0.05509964830011721,0.10573905504348256,0.42162304542828216,0.29718684237459964
196,0.07444314185228604,0.10573518206734536,0.43207299712205505,0.2831479194737701
197,0.07620164126611957,0.06240850389076653,0.36341244154172525,0.4007691477434856
198,,,,
199,0.14888628370457208,0.1283092709320155,0.40567325130650717,0.1862584088219662
200,0.11371629542790154,0.1980009719132749,0.37520478430145454,0.12754840904489767
201,,,,
202,0.053927315357561525,0.12158218601774798,0.3905287938353716,0.2537538008439646
203,,,,
204,0.04161781946072688,0.07166891955094845,0.4027340820340978,0.41985312679650066
205,0.07268464243845252,0.17615609395213674,0.401234047254068,0.16937156997080327
206,0.0697538100820633,0.0949034244246604,0.3769500772712238,0.29580492341361203
207,,,,
208,0.06740914419695192,0.11729862625403324,0.37819960716679124,0.24738057923583034
209,,,,
210,0.0685814771395076,0.3073759109944708,0.39144588856627627,0.0921978493431324
211,0.057444314185228586,0.14554663309263227,0.4224845040490172,0.22029435985275894
212,0.0873388042203986,0.1244016606983277,0.4223919993862966,0.23249935833970947
213,0.3053927315357561,0.37417887083594864,0.44964769297545787,0.03640867893548398
214,0.1910902696365768,0.12572507819606385,0.41558128401731764,0.17280336652664635
215,0.09085580304806566,0.08469406999693732,0.40135550247802854,0.31492543980146886
216,0.22391559202813596,0.11494780728751323,0.4438433318892229,0.18030309382301407
217,,,,
218,0.06154747948417349,0.2619143217778105,0.42541384852965125,0.11899452559629088
219,0.04630715123094956,0.08602935877099303,0.40334664089133726,0.35704245755236264
220,,,,
221,0.07151230949589682,0.19048542172389873,0.3875687063674257,0.15425530517904448
222,0.09026963657678781,0.2822219572416306,0.48231427286538214,0.10648980142021967
223,0.0351699882766706,0.04493067511056485,0.37771037177466793,0.5851405273581152
224,0.11840562719812422,0.0423147517756809,0.46355992367926596,0.5256071663460433
225,0.14126611957796012,0.28352873447976457,0.5005980685018281,0.09218579615801625
226,0.053927315357561525,0.22929560440461233,0.44505468182168345,0.14480764433300747
227,0.13774912075029305,0.32030257757501956,0.43826165057188954,0.07392675135391402
228,0.07854630715123094,0.3159484694071857,0.44847157877890526,0.09304807352552955
229,0.14419695193434934,0.19603853336572194,0.4229986195972598,0.1255382540124235
230,0.08030480656506447,0.27936079971860717,0.44024910165009246,0.1056416395061406
231,,,,
232,0.09847596717467762,0.21799363509868677,0.4310843609577095,0.12964161975542546
233,0.16881594372801875,0.1891200970539125,0.4497848613803299,0.12612095464377301
234,,,,
235,0.10199296600234468,0.19969605387219774,0.4224529637796174,0.13929679784235346
236,0.27842907385697535,0.17980498162726177,0.4189625059268138,0.09792275645616157
237,0.16588511137162953,0.15929379272317157,0.3964291062651995,0.14216859388121214
238,0.16529894490035169,0.18066090509418006,0.4637218542223451,0.1359246102440105
239,0.09847596717467762,0.09890563890266786,0.3801851762338028,0.2630794060899281
240,0.100820633059789,0.03607973084291735,0.3874124434089152,0.5603857992291076
241,0.11840562719812422,0.11662215018041751,0.4790544033156874,0.24073051607276322
242,0.1547479484173505,0.4254807222134601,0.45962528447599604,0.0491392111415421
243,0.10433763188745605,0.24661272345925775,0.389571757014102,0.10511684942446511
244,0.18522860492379836,0.06672096213214701,0.4005056366472214,0.2993464099228276
245,0.16060961313012895,0.17863740549122747,0.4717749322964969,0.14061540960574137
246,0.0779601406799531,0.1811522123018043,0.4178512049933629,0.16523138732921558
247,0.1049237983587339,0.025855845568279814,0.40642956284182435,0.6846765658108428
248,,,,
249,0.056858147713950744,0.35688279898579434,0.374669163964422,0.07840150411446258
250,0.07854630715123094,0.11940528389285328,0.39851390173491086,0.2410067348293168
251,0.05216881594372799,0.24785453106531885,0.4101176294997521,0.12821374217839737
252,0.029894490035170012,0.16254993549184255,0.43983910558893935,0.22208062746432644
253,0.06740914419695192,0.05886612763557579,0.46869750167525587,0.4839581346061683
254,0.14185228604923797,0.16804213040638916,0.3785246878403595,0.14030169217018115
255,0.17995310668229778,0.17957873485339731,0.4858662982104321,0.13517634382108695
256,0.20105509964830007,0.3858758556804076,0.42395468131305514,0.045799304473924385
257,0.09437280187573271,0.2978361988068944,0.4235044782686459,0.09137483467701515
258,0.100820633059789,0.14713223265347453,0.3966369144166077,0.18459119725467454
259,0.13071512309495895,0.15299811610175595,0.4002112725168724,0.16368940767110512
260,0.14067995310668227,0.07603008070612877,0.43022704908346154,0.3109096164682425
261,0.11078546307151232,0.10883684048141254,0.3708638374426908,0.2306202347006752
262,0.15123094958968344,0.09849822584180015,0.4142090322992512,0.23847943057113563
263,0.18757327080890976,0.7534837914803278,0.6199129812745064,0.020840336206558556
264,0.08558030480656506,0.06272555986190058,0.4019920534120882,0.40647588261280326
265,0.12016412661195776,0.26525904667838274,0.4276545007147185,0.0967824242188201
266,0.18991793669402113,0.18605640577244356,0.40650322613041745,0.1148744267887129
267,0.08558030480656506,0.06368964890848271,0.4578578828354742,0.4276065497057228
268,0.05099648300117231,0.12015861449662654,0.4529596541580949,0.2784413641214928
269,0.08440797186400938,0.3093585819599461,0.43282547522084747,0.09153724418813348
270,0.13599062133645953,0.28223531774045035,0.4354510897825185,0.086507987521436
271,0.1600234466588511,0.2848521809533971,0.40769258068465075,0.0764293848447573
272,0.20515826494724498,0.24449639233202627,0.41908503141799736,0.0822415902152186
273,0.13774912075029305,0.33460844322079397,0.3914415395391026,0.06523966870753338
274,,,,
275,0.12309495896834698,0.1089228222451997,0.4145122319710189,0.23484715680585266
276,0.10433763188745605,0.0911333279235941,0.4470857427638062,0.3002488867174841
277,0.1758499413833529,0.20732478569452406,0.4008550483352346,0.10506505804794168
278,,,,
279,,,,
280,0.0738569753810082,0.15486648824717714,0.3596133329639561,0.18198970723171262
281,0.17116060961313012,0.21876641014669668,0.43676419551158474,0.10510244105155536
282,0.10316529894490037,0.1737124266446115,0.4133621283183048,0.15858879861825217
283,0.1611957796014068,0.423437654184079,0.4236169188868724,0.04564203153376795
284,0.12133645955451344,0.12128893530434887,0.3944370887451265,0.20869933538871116
285,0.06799531066822977,0.10876237472178639,0.4422337472242173,0.2849620254006216
286,0.07971864009378664,0.0989278607662774,0.4097307177813249,0.28786848955293237
287,0.15943728018757328,0.15501560961928124,0.39086941212607496,0.1476208569637168
288,0.13481828839390383,0.05542098317195091,0.4460268361688571,0.410038199059213
289,0.12016412661195776,0.19655451145249195,0.40253235952186456,0.13071868022369437
290,0.12016412661195776,0.11308411449009652,0.41120637587438846,0.22792483733786906
291,0.134232121922626,0.20551428558379686,0.38539761678325213,0.1168383061759185
292,0.12485345838218051,0.21489783860523398,0.4023578877526547,0.11701802335730026
293,0.11430246189917939,0.2921468956790623,0.42777471799580813,0.08800706394415214
294,0.16881594372801875,0.1362227784072478,0.41232596404948324,0.16832527908064365
295,0.2233294255568581,0.26683654726069495,0.40380767795310646,0.06875795354018546
296,0.10668229777256742,0.11065517771254299,0.4267842164419479,0.24584944228008837
297,,,,
298,0.26025791324736225,0.3270575090431038,0.41449710686780616,0.047956972457241676
299,0.268464243845252,0.18430327780596553,0.3908350141267631,0.09374908317156679
300,0.3024618991793669,0.08637430036154664,0.4275667726661786,0.19468712181152054
301,0.6834701055099647,0.19180460303636768,0.43319886491368614,0.042869606586808405
302,0.8464243845252051,0.04745004340123443,0.4202806540380829,0.14835810687614595
303,0.6893317702227432,0.13427452455607503,0.43108753406250366,0.06712798961691616
304,0.9167643610785461,0.07859954321497788,0.4188474895627586,0.08858872742481876
305,,,,
306,,,,
307,1.0,0.05745439559409822,0.41479141993442065,0.10805111643917288
308,,,,
309,0.6219226260257912,0.15810202670422852,0.4385479209137142,0.061701429118420505
310,0.664126611957796,0.15904498839107967,0.42279752395992826,0.0559711537567181
311,0.6817116060961312,0.11940089390205492,0.444463455920354,0.0790299109383884
312,0.7268464243845251,0.06581535428762363,0.4265088490905401,0.13065923905373547
313,0.5861664712778428,0.21037940449416537,0.46263163990691153,0.04672992056226788
314,0.49824150058616645,0.052638719282203546,0.4087010426816236,0.20644008694283963
315,0.6096131301289566,0.08106634684788704,0.4186933655328899,0.12452899896827277
316,0.5785463071512309,0.04072864782042325,0.41764656257989635,0.2252474216049495
317,0.6535756154747948,0.038382757067155555,0.4268855791607953,0.21599515208041378
318,0.9970691676436106,0.12352522022145812,0.44125958020998496,0.0505844772744912
319,0.6084407971864009,0.16412996800144625,0.4320369067148144,0.0595963185594443
320,0.756740914419695,0.08005892807851739,0.41368160489292055,0.10372735309012186
321,0.626611957796014,0.0842510224281923,0.39787441386320205,0.11422464176661495
322,0.5697538100820633,0.046789312660859984,0.4247486324105457,0.20822115727564275
323,0.6090269636576787,0.1443942374869249,0.4327821185562083,0.06962873042754392
324,0.7362250879249707,0.08591381365729833,0.4090585375308977,0.09873040626144736
325,0.7409144196951933,0.05363636831180323,0.4307851345091056,0.1532192386137733
326,0.6658851113716295,0.04658017956471844,0.4089903818090882,0.18158003247443671
327,0.6049237983587338,0.09327386908527785,0.407401735903712,0.10806168205617256
328,0.7397420867526376,0.040597822281758025,0.45067165652988794,0.1934985926918974
329,0.4882766705744431,0.3217101005612485,0.42197799839377825,0.027205358817234623
330,0.6682297772567408,0.14407903190803054,0.41638201102047734,0.06227138923434957
331,0.574443141852286,0.14664129162917755,0.43684485980371984,0.07261266651933392
332,0.5767878077373974,0.1833034445460822,0.4449110672662312,0.05564340998305037
333,0.966002344665885,0.09504837389931287,0.42145885741733646,0.06920336840111692
334,0.5351699882766705,0.15809840937028757,0.4439398586534202,0.0715905179807324
335,0.47245017584994137,0.09918805171959975,0.42092730962437175,0.12628949472626294
336,0.7866354044548651,0.06156900055327194,0.4357888977518675,0.13065684786609316
337,,,,
338,0.6254396248534583,0.06027946550575209,0.4012714077560062,0.15453883717243824
339,0.8757327080890972,0.12371153029507978,0.4161420570597678,0.05633315952933269
340,,,,
341,0.8311840562719811,0.16169831155391973,0.431817198983334,0.043275290453460555
342,0.8634232121922626,0.03532527504607948,0.4223933999998518,0.18066907241164556
343,0.47010550996482997,0.030116179605309816,0.40474680602322793,0.3118227924859521
344,,,,
345,0.5797186400937866,0.1229355384340052,0.42011307661199393,0.08577980068350977
346,0.5398593200468933,0.1790487381535747,0.4423897623529801,0.06088605475073203
347,0.5205158264947245,0.0946993669951912,0.41545862078329343,0.12167802433258879
348,0.6219226260257912,0.08328262435892628,0.4368444073657429,0.12224553272178247
349,0.6131301289566237,0.09730903581171738,0.43339827266028935,0.10604015553737693
350,0.5386869871043376,0.11455123027403229,0.4244190908799315,0.09901793653624169
351,0.49765533411488855,0.10152911663174528,0.42925899441273035,0.11991462820387812
352,0.5504103165298945,0.17563050765355032,0.43121964599419765,0.06023562758020938
353,,,,
354,0.6313012895662368,0.05978280287791808,0.4251446139294276,0.1590959094400745
355,0.6019929660023445,0.3212291190566403,0.45572340114311555,0.022046005947183964
356,0.6324736225087924,0.07316224650585407,0.4055749314980054,0.13037216186409972
357,,,,
358,0.48241500586166464,0.07391637325543601,0.39292143144654224,0.15711165191094206
359,0.5873388042203985,0.11869036299444105,0.41837830470758164,0.08787030337509502
360,,,,
361,,,,
362,0.4929660023446658,0.17584641609553073,0.438927016744709,0.06729881269450078
363,0.6699882766705744,0.09951240991102979,0.41335633302039887,0.09337866596515923
364,0.7133645955451348,0.13604464491109136,0.42166705516818487,0.06297708395706136
365,0.6881594372801875,0.10519551046478687,0.42418014179225527,0.08731228949286204
366,,,,
367,0.6453692848769049,0.0738430755001979,0.4336440810073017,0.1317712615535985
368,0.6184056271981242,0.14203016121460196,0.44766605462862513,0.07147535794835838
369,0.6623681125439624,0.2005999181762887,0.4381463496711422,0.04200540780383369
370,0.7766705744431417,0.11541985703742337,0.428877345196357,0.07071114845034145
371,0.525791324736225,0.2549274027141203,0.41833843092314577,0.03669687544053599
372,0.541031652989449,0.14363813192060335,0.41684374965255244,0.07627549234890055
373,,,,
374,0.7842907385697537,0.09787000160747225,0.4277172789313925,0.08364256938925323
375,0.9536928487690504,0.05484778478244437,0.44629061069630466,0.12245888692702511
376,0.9349355216881593,0.09262645698331401,0.4180417444961295,0.07329773661488723
377,,,,
378,0.3827667057444314,0.09882159635891806,0.44306585045857216,0.15140893583039672
379,0.46893317702227433,0.138717269024747,0.41453215291427264,0.08920980350950163
380,0.44021101992966005,0.0831996661989519,0.42434827137565384,0.15726745937666387
381,0.5123094958968347,0.0764803019523792,0.4394884689130883,0.15451624004620781
382,0.42028135990621335,0.1297270246302403,0.39678470936627513,0.10190162072341503
383,,,,
384,0.5181711606096131,0.15296882075511462,0.4003861800770618,0.07191604773058927
385,0.6072684642438452,0.1398807907013353,0.4313310194152974,0.07230178602874521
386,0.6799531066822977,0.15485052782636252,0.40592040979749344,0.05502713335846085
387,0.46658851113716293,0.12186714972295237,0.4489613774095255,0.10761091291534054
388,,,,
389,0.555685814771395,0.18589313612426858,0.42084212735932847,0.05460794297753436
390,,,,
391,0.3974208675263774,0.16676238223981632,0.44441197734203874,0.08614615972138237
392,0.24912075029308323,0.17796970010496177,0.4243299442800317,0.10669610033226007
393,0.287221570926143,0.10563097011013059,0.41405726256646774,0.16443636165807288
394,0.287221570926143,0.025608040634961724,0.41582329955244113,0.46530021239565217
395,0.3036342321219226,0.12022707254172989,0.4419850746680139,0.14546026441125276
396,0.432590855803048,0.14811357657940302,0.41961664061303994,0.08910813332231467
397,,,,
398,0.4431418522860492,0.149010289640668,0.43263282188914914,0.08840817272586446
399,,,,
400,0.570926143024619,0.08990467972173484,0.4265103967898291,0.12045685621427753
401,,,,
402,,,,
403,,,,
404,,,,
405,0.3663540445486518,0.12503528373703446,0.40265444022751595,0.11779637356917183
406,,,,
407,0.45310668229777246,0.060015996664762476,0.43931916696133144,0.20673316548670242
408,0.5539273153575616,0.0608171335596539,0.43835149989718153,0.17657575257071692
409,0.5246189917936693,0.021677258120536436,0.4168577618757141,0.3505112245272067
410,0.5246189917936693,0.11393546167345052,0.4353169731486853,0.10323936418934963
411,,,,
412,0.46658851113716293,0.06512119525950345,0.4083723271623493,0.18267873045345182
413,0.5269636576787807,0.055495939576260755,0.43392001502967364,0.1961094965618597
414,0.5574443141852286,0.10636706026745797,0.4249396422297904,0.10392281404166641
415,0.577960140679953,0.09582896692998161,0.43135593910655123,0.11283454353635519
416,0.4958968347010551,0.08407977736853614,0.41545737685080086,0.1411946589868225
417,0.4917936694021101,0.23535583760712536,0.42099930929880536,0.04462683054988859
418,0.5175849941383353,0.12348282925580328,0.41076460903803,0.09284224395947868
419,0.3276670574443141,0.15217117299479793,0.42506841100426473,0.1065938221388547
420,0.3563892145369285,0.07668089220267478,0.41081852007654546,0.19142943527134312
421,0.4191090269636577,0.029606266351499787,0.41937663873365333,0.3454689456682495
422,,,,
423,0.4671746776084407,0.0674225656293284,0.4102246273703102,0.1777335104352618
424,,,,
425,0.40562719812426723,0.08449458391969407,0.4294578515473147,0.16522726025608964
426,0.3856975381008205,0.07195301788397128,0.43714124782444397,0.1981802683657142
427,0.3218053927315357,0.09885873777492661,0.42379982891757634,0.1653389073218099
428,0.26143024618991795,0.08138875223360093,0.40027225682943113,0.21528212968413096
429,,,,
430,0.33235638921453686,0.16273245254015473,0.434755986620472,0.09943249612811811
431,,,,
432,0.29777256740914415,0.11517694928735936,0.42303282208872184,0.14990733408006077
433,0.3704572098475967,0.07138484919668005,0.437938174652928,0.20495000832398788
434,0.31711606096131295,0.08973585107104697,0.40680118600483944,0.17842549245211767
435,0.3505275498241501,0.1514745207742823,0.4296292415139396,0.10292670637707446
436,,,,
437,0.3487690504103165,0.19142374157495115,0.4015515006097498,0.07623508189870369
438,0.37749120750293075,0.1349155987400616,0.4065308554326286,0.10717379822407665
439,0.3048065650644783,0.054012094344837724,0.420010701677855,0.28121172022454327
440,0.3810082063305978,0.06738081893550632,0.40075021922942633,0.2019385163044272
441,,,,
442,,,,
443,0.36049237983587334,0.13206795369938365,0.41130504750702856,0.11389705343027105
444,0.37631887456037505,0.10658836378855834,0.41210312548019584,0.13715389464376945
445,,,,
446,0.3845252051582649,0.08118492010722013,0.43777150779774193,0.17919796707951305
447,0.518757327080891,0.09011057670757411,0.4240835432334345,0.12932484588700277
448,0.4970691676436108,0.20543207817704104,0.42175214173383696,0.05338194404480487
449,0.7016412661195779,0.12690829957022862,0.42402085109093224,0.06971873782651611
450,,,,
451,0.4970691676436108,0.18512169748552254,0.4425081652572541,0.0630219769469196
452,0.45662368112543955,0.26254862224452236,0.4187373055204006,0.04079749664953245
453,0.3276670574443141,0.11424456828441597,0.4165677529709493,0.14126203020066755
454,0.42203985932004684,0.16847875625565964,0.40459481981624645,0.07682615238365675
455,0.3118405627198124,0.131740774163157,0.43012667340730704,0.12872914193784327
456,0.3546307151230949,0.12711036252531327,0.4219119625139914,0.12145331382593251
457,,,,
458,0.24267291910902697,0.08560810181126118,0.41462347253723186,0.21809574314740224
459,,,,
460,0.3739742086752638,0.08825633298184729,0.4103194018696235,0.16388854020792917
461,0.4607268464243845,0.21465639306879766,0.41461412498977807,0.05344853765075717
462,0.4261430246189918,0.2074339421409271,0.4150013158596188,0.05998156730827797
463,0.4273153575615475,0.13493472080946828,0.4243250335279913,0.10017717192506251
464,0.3493552168815944,0.08759302430312031,0.41425702342129056,0.17328254936439583
465,0.5973036342321218,0.04631739469762064,0.4090131696916836,0.1985917031994224
466,,,,
467,0.3276670574443141,0.04879095614324175,0.41889034722185275,0.29021314554104527
468,0.3218053927315357,0.09900306513546023,0.3955860568646247,0.15941484167565395
469,,,,
470,0.4085580304806565,0.11430160176677613,0.4068940788822205,0.12009775506157147
471,,,,
472,0.41090269636576787,0.07051826122009291,0.42617036366659067,0.19077209854756091
473,0.5164126611957796,0.06995797506005016,0.4283061036551232,0.16368621668248187
474,0.5345838218053927,0.056126808561031936,0.42332394142141494,0.18991105089891241
475,,,,
476,0.492379835873388,0.09216890184536825,0.4150411993987668,0.1302836543506976
477,,,,
478,0.39273153575615466,0.01003816848490768,0.42810853085755946,0.5791972233863334
479,0.64947245017585,0.0524169181215984,0.41215249293493916,0.1700030661310485
480,,,,
481,0.43962485345838215,0.10033978850124095,0.42314234158569164,0.13212277482532406
482,0.488862837045721,0.11684170055626732,0.4063058516502287,0.1024430674359758
483,,,,
484,0.39273153575615466,0.3051885527220917,0.45975539640288515,0.04043086179939325
485,0.5527549824150059,0.22191787661077275,0.43522476874320837,0.044079363800946514
486,,,,
487,0.5128956623681125,0.04251907090342236,0.4464079293235593,0.2468802636941593
488,0.3704572098475967,0.024441960240118937,0.41355886205718334,0.411820576643913
489,,,,
490,,,,
491,0.48417350527549824,0.08289893891597165,0.4084743757201018,0.14433173316562195
492,0.4953106682297772,0.12000874833134292,0.40975038811766185,0.09905165620568625
493,0.4753810082063305,0.09517653733098914,0.43164900050012345,0.1325524370995594
494,,,,
495,,,,
496,0.4478311840562719,0.0785265963165501,0.4177429222081014,0.16221692300760732
497,0.5228604923798358,0.0870777304510777,0.41600223723317853,0.13136054844326397
498,0.6793669402110198,0.025059661159313896,0.41087276195207484,0.26687516238838305
499,0.7379835873388042,0.16828639189254335,0.40996684500917974,0.045366051355490995
500,0.7344665885111371,0.12599712855558706,0.42352830631535426,0.06712970780925934
501,0.36342321219226265,0.07930590496408757,0.4439281435004357,0.19109457868838628
502,0.3651817116060961,0.029600408349016102,0.4166782222602542,0.37522578264355916
503,0.3053927315357561,0.10085214137337145,0.42751481226234145,0.1683202065641746
504,,,,
505,,,,
506,0.3704572098475967,0.058408178214567494,0.4190402306102796,0.23557109032942983
507,0.34701055099648304,0.14029567167292667,0.4278557406385836,0.11217839267136961
508,0.41852286049237974,0.03214594098960465,0.426585489650713,0.33205031128890267
509,,,,
510,0.7415005861664712,0.004378682624106462,0.4146212610097683,0.4427250471056686
511,0.8024618991793668,0.11943643629706979,0.41450185168943515,0.0643758216458579
512,,,,
513,,,,
514,,,,
515,0.4243845252051582,0.10093671957172097,0.42825436382988913,0.13563700498828185
516,0.7778429073856974,0.044608053729844666,0.41881494720532914,0.1669129675448865
517,0.742086752637749,0.09809597496176273,0.4368647234017418,0.08906277531933623
518,0.6565064478311841,0.12597165189448678,0.40299468628950663,0.07271092018326548
519,0.7286049237983587,0.13334223886808008,0.41907926768174303,0.06288716421826344
520,0.8534583821805392,0.006253175618055274,0.4229557671523597,0.3750050537345196
521,,,,
522,0.7655334114888628,0.13352888880724792,0.4131213841079433,0.05909567138913129
523,0.5392731535756153,0.08821290798705796,0.40983507729954277,0.12566303120826655
524,0.5592028135990621,0.08167583799074196,0.42711524410526186,0.13406367222215787
525,0.7286049237983587,0.08406330466489925,0.44068053170790605,0.10615549930231886
526,0.6107854630715123,0.07742243679205232,0.41597156313047734,0.1292312091143503
527,0.5152403282532239,0.09502938748760942,0.4324250253419289,0.1249319377857842
528,,,,
529,,,,
530,0.4759671746776084,0.0779070244749313,0.42404724750791767,0.15754899430137756
531,,,,
532,,,,
533,0.6846424384525204,0.05754368135969953,0.4042060853024275,0.14964724169139604
534,0.544548651817116,0.060854150182534,0.4218706811613495,0.17527092855313345
535,0.5134818288393904,0.07101525414113388,0.4149217037658157,0.1596374003280624
536,0.5158264947245018,0.023137834598186056,0.41222578919045105,0.3413513617746747
537,0.4912075029308324,0.09742567271668932,0.404844128551052,0.1221625556978659
538,,,,
539,,,,
540,0.41852286049237974,0.09675560147290255,0.40518334351297713,0.1384948666839946
541,0.4507620164126611,0.0676238772591835,0.4437842888709367,0.18932017566863413
542,0.492379835873388,0.07416516517105681,0.4280134880755227,0.16121950605580176
543,0.5679953106682297,0.05694777987194932,0.40388163606314303,0.17513173252005576
544,0.48065650644783114,0.03389500485630575,0.4394469523072813,0.2975368799800999
545,0.49941383352872215,0.0170864528532786,0.4183648737855492,0.4054192560239485
546,,,,
547,0.5216881594372801,0.08188744200484971,0.41351060516690374,0.13880649089559136
548,,,,
549,0.5762016412661196,0.05382479575749348,0.4362274264185287,0.1883222496435419
550,0.5996483001172331,0.04349612737597372,0.43764122383479714,0.21436377016100067
551,0.6154747948417351,0.1281632274114011,0.4045671238983687,0.07592774823833534
552,,,,
553,,,,
554,0.2584994138335287,0.12342245374857246,0.4481368574183033,0.1569096803870069
555,0.3516998827667058,0.06460437816337881,0.42924476516343185,0.2274239469835584
556,,,,
557,,,,
558,0.35990621336459555,0.12729727082193523,0.41513508506695457,0.11901253928626408
559,,,,
560,0.5955451348182883,0.06731759555642129,0.41241675700233477,0.1485487493785815
561,0.5814771395076201,0.10396791448837922,0.40025133357141407,0.09929686096432641
562,0.5984759671746774,0.09444844791187831,0.43158876376758765,0.11119917452461214
563,0.49941383352872215,0.07527039068038555,0.4286847104772589,0.15762045255422724
564,0.5662368112543962,0.06555277792630097,0.40004539881703577,0.15565921620193152
565,0.42086752637749114,0.017649647267999148,0.4156202713031473,0.4458348856459815
566,,,,
567,0.39566236811254396,0.07390095126181793,0.4302911281644817,0.18899636762981492
568,,,,
569,,,,
570,0.5082063305978898,0.050537310733976444,0.40974198743293816,0.2101469839368439
571,0.8141852286049237,0.07153334279549968,0.409960959258757,0.10725097502699445
572,0.5732708089097303,0.10623630011864835,0.4239814732896634,0.10151368253623826
573,0.4742086752637748,0.07372311585206594,0.4398910242712929,0.1689811192435754
574,0.5539273153575616,0.1948739937446071,0.41817504621362406,0.05123978735007145
575,,,,
576,0.43786635404454866,0.08442015749467409,0.44187651658063165,0.15918136832546517
577,,,,
578,,,,
579,,,,
580,0.6781946072684641,0.14942547607084466,0.4317774534686545,0.060056161091939314
581,,,,
582,,,,
583,0.8452520515826494,0.1497869798833582,0.4134056597383733,0.045679926606738676
584,0.7291910902696365,0.09637985218832648,0.41861445786512386,0.08993077127653185
585,,,,
586,0.41324736225087927,0.0951864375800387,0.4353847817964461,0.1473791504952507
587,0.5427901524032824,0.1687606848021299,0.4299630188794209,0.06401696848795944
588,0.8071512309495896,0.04220879155264814,0.4415162451933286,0.17309721540757975
589,,,,
590,0.6776084407971863,0.09461170593624588,0.4304726196632682,0.09955081131080017
591,0.6060961313012895,0.08110494202273416,0.4091907071540143,0.12354317277197006
592,0.757327080890973,0.1973029945773541,0.42081161199837297,0.03553939750718937
593,0.9847596717467759,0.030903597360482364,0.407056293524108,0.17232026167066963
594,0.4490035169988276,0.11695274656174685,0.4266318813573774,0.11231251875918116
595,,,,
596,0.8036342321219225,0.04871837865174263,0.4374805344115903,0.1553744763230651
597,,,,
598,0.6283704572098475,0.0851958264274605,0.42079055931500986,0.11621286212607773
599,,,,
600,0.6940211019929658,0.21485069976453675,0.4263303574721229,0.03508293584335592
601,0.5468933177022274,0.153931885549866,0.9058146172304448,0.11967610705428765
602,0.40211019929660013,0.13576545772054763,0.8738502988166422,0.16606726225436078
603,0.5363423212192262,0.08318554746160169,0.8911770063759145,0.2156121300714846
604,,,,
605,0.544548651817116,0.1506697504856715,0.8882433320573638,0.12097304831689881
606,,,,
607,0.618991793669402,0.13215438416859224,0.886147177891075,0.12451251245475117
608,0.6424384525205158,0.1456467139967438,0.893952334525801,0.10982141277771228
609,0.858147713950762,0.19813807424033936,0.8662706644471643,0.056432596906459215
610,0.7215709261430246,0.046929424634916755,0.8677229042765939,0.2652432593764126
611,0.6869871043376318,0.10135342298360707,0.8560400846997751,0.14437413747385494
612,0.5211019929660023,0.08075268098910604,0.8853828663590854,0.22481731552128004
613,0.5580304806565064,0.18566349263749407,0.9063064188265708,0.09608143343717325
614,0.5205158264947245,0.16843876955445194,0.883086659377838,0.11093874001224012
615,0.4613130128956623,0.13514089616263006,0.8726302159932202,0.15131642261412492
616,0.44138335287221575,0.15430293510392085,0.8951481813333378,0.13933366214726225
617,,,,
618,0.5797186400937866,0.10178250050489787,0.8727694204511519,0.1672574623845766
619,0.5211019929660023,0.3243254375135415,0.9073255402806273,0.05088340758586353
620,0.5175849941383353,0.13583319116690343,0.89437307933805,0.14069287578900574
621,0.4876905041031653,0.07622823951957847,0.888487665442894,0.2479749023400931
622,0.6858147713950761,0.1714154800891175,0.8989065611435396,0.08705485316755505
623,,,,
624,0.4449003516998828,0.22871178033561124,0.9002138052572758,0.0905899538642099
625,,,,
626,0.5762016412661196,0.15011727439365127,0.9067675779421702,0.11786520473661083
627,0.5216881594372801,0.056056147513936595,0.8731673822197792,0.29800713671736834
628,0.4788980070339976,0.2193324986912765,0.8620320480317322,0.0865508220146465
629,0.5181711606096131,0.2691050375505388,0.8748341661756028,0.06365355892646966
630,,,,
631,0.8294255568581477,0.12590702108174148,0.887793999619516,0.10118759773767136
632,0.7614302461899178,0.2552009763412661,0.8852319234864605,0.0466444022564661
633,0.7069167643610784,0.17110475734401664,0.8811143191293009,0.0834205584394859
634,0.7180539273153576,0.08157641089221332,0.8784209112385248,0.17290007858567685
635,0.7661195779601405,0.08936292542087147,0.8672386781645061,0.1494414613919158
636,0.842907385697538,0.09823403926571454,0.8754358363686401,0.12657727418931497
637,0.7538100820633059,0.08220044691049212,0.8960376243015676,0.167319157971031
638,0.648886283704572,0.13207599001582562,0.8915891054788955,0.12031205688551025
639,0.6699882766705744,0.1220993565633095,0.8825058052171642,0.12580163360643568
640,0.7215709261430246,0.07322533873178887,0.8819031112648308,0.18957825178553442
641,0.7655334114888628,0.23771961200051686,0.8946429343658896,0.051725163209549146
642,0.8159437280187571,0.15561269241817513,0.8934835297200334,0.08195625472506878
643,0.6705744431418521,0.14693752660197956,0.9025450681402688,0.10560818114137507
644,0.9150058616647128,0.04823557394103273,0.8722067855694996,0.21462537753043945
645,0.771981242672919,0.08616021439911105,0.8735999192331539,0.15431554446317047
646,0.5474794841735052,0.18734510115016065,0.905487176755995,0.09658377141326034
647,0.5715123094958968,0.08209171922788559,0.8885524691020162,0.20759480393033808
648,0.7016412661195779,0.10971247223504862,0.8471830513384789,0.13039765773820736
649,0.6137162954279014,0.09284342234426317,0.8722656806687743,0.17395642055258934
650,0.6934349355216881,0.2953729718338036,0.8682749284426142,0.04109998117050453
651,0.5943728018757326,0.291304693579372,0.8877900745753892,0.0507630984182975
652,0.5011723329425556,0.09504776519658895,0.8666162203928851,0.19756319983049342
653,0.5064478311840562,0.30394195079852526,0.8801692103221684,0.05561391848467886
654,0.4953106682297772,0.12806305902860807,0.850633573045883,0.1486119383796486
655,,,,
656,,,,
657,0.4284876905041032,0.20067339098457554,0.8798074819986357,0.10622720816674422
658,0.46776084407971863,0.0578190564405279,0.8568853294059517,0.3099270699040569
659,0.3686987104337632,0.018766402938825248,0.8814575967061626,0.7169075702187729
660,,,,
661,0.43786635404454866,0.08802779332533836,0.9068298878998405,0.2397725808317346
662,0.5656506447831184,0.17322342566083315,0.885942332199665,0.1007602160298789
663,0.6752637749120749,0.18951305031394303,0.8650638370075739,0.07612547604968797
664,0.5169988276670574,0.1216830973835993,0.8691718233253838,0.15366665215704275
665,0.5070339976553341,0.1497766476274468,0.8878987265092173,0.12871391657806136
666,0.566822977725674,0.19234226413598252,0.8609374169523268,0.08735977526507276
667,0.5463071512309495,0.17549756354232182,0.8786272716333475,0.10158050304044403
668,0.6969519343493552,0.07954194280015575,0.8819664834791417,0.1816647683712194
669,,,,
670,0.7403282532239156,0.09438826825203067,0.8797334118713112,0.14784829625262136
671,,,,
672,0.7532239155920281,0.14301713019768897,0.9154853532351576,0.09904458611996145
673,0.6096131301289566,0.0706192725946186,0.881348050724625,0.2231409758701586
674,0.5123094958968347,0.1607103250888469,0.869508145888715,0.11673014257925952
675,0.555685814771395,0.14549670584257582,0.8823307302390567,0.12279890151092378
676,,,,
677,0.5691676436107854,0.21757120132844573,0.8719133740074829,0.0760515711890621
678,0.5726846424384525,0.15861938904864015,0.8777583836657274,0.10895114459535189
679,0.6705744431418521,0.27291861126515227,0.8821579929664415,0.04868028997237585
680,0.5105509964830011,0.08400481465088602,0.889230000071329,0.22125102668203186
681,0.626611957796014,0.16822685042528362,0.8682284181922778,0.09377934520272649
682,0.6160609613130128,0.18454773793295645,0.8732591320398655,0.0861255968672156
683,,,,
684,0.4478311840562719,0.01395710249292215,0.8915720359120853,0.7230901792894028
685,0.46776084407971863,0.11491447068885935,0.8857760748652797,0.17712445137111651
686,,,,
687,0.5322391559202813,0.11754956302503092,0.9036405871136461,0.15992160248320964
688,0.5832356389214537,0.18214792683623204,0.8757488681954764,0.0919513884582015
689,0.6688159437280187,0.15793822838014612,0.8723031282049856,0.09526549856242462
690,0.6201641266119577,0.11168245597073112,0.8447756463015372,0.1417750700406454
691,,,,
692,,,,
693,0.5621336459554513,0.14444411648957267,0.8998654925330979,0.12443945873139367
694,,,,
695,0.4865181711606096,0.34222916797177727,0.8600401901850709,0.047871705457395344
696,,,,
697,,,,
698,,,,
699,0.55978898007034,0.1299456373121931,0.8948457812308219,0.13841424288876888
700,,,,
701,0.41207502930832357,0.34183200053579504,0.8702427902529126,0.0565225157249518
702,0.45662368112543955,0.10694916055895048,0.8678030419319531,0.189839837934831
703,,,,
704,,,,
705,,,,
706,0.544548651817116,0.20729548380889737,0.8915025947676272,0.08531415023833006
707,,,,
708,0.5937866354044549,0.20827081197982783,0.8629703104637606,0.07648304428724685
709,0.7063305978898007,0.12912347449918196,0.8603758136665232,0.11133546353935225
710,,,,
711,0.8042203985932005,0.16305248246114332,0.8988313401313763,0.07918959014919184
712,0.9712778429073855,0.1678787548453318,0.9033691610837845,0.06311568941909622
713,,,,
714,,,,
715,0.4507620164126611,0.1712690641370326,0.8952633180093775,0.12309573645227602
716,0.582063305978898,0.1643871089283044,0.8903369497034282,0.104575011107177
717,,,,
718,0.3071512309495897,0.316134414842007,0.8863936896365641,0.079834036196085
719,,,,
720,,,,
721,,,,
722,,,,
723,0.4355216881594373,0.08519328046264316,0.8443005392738183,0.23552096526373698
724,0.3546307151230949,0.10775358002613966,0.8877141730589267,0.2264076761347701
725,,,,
726,0.5521688159437279,0.33925721305435114,0.8882640565352226,0.0440005482620876
727,,,,
728,0.5949589683470105,0.13617445259821562,0.8857149707745708,0.12473032267412558
729,,,,
730,,,,
731,,,,
732,0.37924970691676435,0.04704554852897996,0.872947359710065,0.41661657912816286
733,,,,
734,,,,
735,,,,
736,0.2966002344665885,0.054425524926987386,0.8707824377317936,0.43207762356202134
737,0.2954279015240328,0.16399925556972023,0.9082085798743722,0.17224543561379246
738,0.2567409144196952,0.20228917519874345,0.8533145814573931,0.14382708384481813
739,0.37456037514654156,0.26718070881181144,0.8622770941018268,0.08303794303865672
740,0.5117233294255568,0.2024481893989543,0.8818162161588907,0.0915910323623646
741,,,,
742,,,,
743,,,,
744,,,,
745,,,,
746,0.4261430246189918,0.2939776275707119,0.9511048277240599,0.0725167367366349
747,0.4161781946072684,0.4341992781066123,0.9420877151690101,0.04282801547141561
748,0.24150058616647127,0.25993498500063567,0.8895512277859445,0.11700829101831088
749,0.23563892145369283,0.39516617622709976,0.8974874357596069,0.07247895845232914
750,0.3558030480656506,0.2732784694482598,0.9445187970164346,0.09049700416097624
751,,,,
752,,,,
753,0.3909730363423212,0.2835099722006488,0.8789782914945139,0.07594011665829657
754,0.4150058616647127,0.16895248189147488,0.9250779101590618,0.1359614391980461
755,,,,
756,,,,
757,0.49765533411488855,0.2014618282650097,0.8954658011775033,0.0954113420086833
758,0.4747948417350527,0.18111395106695546,0.8727054623042637,0.1092559153461677
759,,,,
760,,,,
761,0.45252051582649466,0.1515182054462438,0.8659036725544506,0.135982019246689
762,0.40679953106682293,0.18939671751268866,0.9117304431742362,0.1208615439686549
763,,,,
764,0.37514654161781935,0.10065283197858509,0.861583245410162,0.2275669320166553
765,,,,
766,,,,
767,0.466002344665885,0.2370432921073362,0.8961291436718719,0.08336452680434837
768,0.36342321219226265,0.27419540502194717,0.8772404290054195,0.08348467040658655
769,,,,
770,,,,
771,0.7549824150058616,0.17142245241770462,0.9206223155346966,0.08110960250082766
772,,,,
773,0.5339976553341148,0.019249321011838055,0.888280964613151,0.5632471977523795
774,,,,
775,0.5281359906213364,0.11660311003917372,0.8959283815709507,0.1610939316184104
776,0.5076201641266119,0.16221872373597496,0.9150190716211803,0.1210865116767451
777,0.6606096131301289,0.2187988645567697,0.9079402166827932,0.06803747681559516
778,0.40504103165298944,0.08994294851187369,0.8961826161402783,0.24577040626960275
779,,,,
780,0.40269636576787804,0.14878912012175458,0.8740511560165861,0.15153264562916763
781,0.3569753810082063,0.1250303077063935,0.9035697461602639,0.1990289840953736
782,,,,
783,0.5785463071512309,0.17156686748637004,0.8817795956845764,0.09954017489121866
784,,,,
785,,,,
786,0.48241500586166464,0.12366827256560599,0.884407950958843,0.1613134523590778
787,0.47010550996482997,0.17736690899406807,0.9029909882072662,0.1156430911199939
788,0.5732708089097303,0.2517293188489212,0.8735839142932842,0.06307472758075398
789,,,,
790,0.7139507620164126,0.09002234865731029,0.8626213226459801,0.15696631906332267
791,0.6922626025791324,0.2581919973361262,0.8763452032589478,0.05051238370151553
792,0.49882766705744425,0.21767924383531914,0.8663073464196998,0.08476585474772967
793,0.46776084407971863,0.29176882562987866,0.8707597906759813,0.0625563063842065
794,0.5023446658851113,0.12419067827262185,0.868393504450721,0.15384260391817917
795,0.6131301289566237,0.217292077088969,0.9322286066794105,0.07535893927005152
796,,,,
797,0.4742086752637748,0.09553158176756942,0.8825916967959311,0.2072507621261691
798,0.6277842907385697,0.2667390515184241,0.9129932597213217,0.05564014796143054
799,0.5662368112543962,0.21337184629622574,0.9306775482882544,0.0826262111580996
800,0.5451348182883938,0.08768343011335207,0.8513386966616864,0.19703769205289867
801,0.5017584994138335,0.14294987999519568,0.8943838621640162,0.13684397672717916
802,0.40211019929660013,0.16572426606549678,0.9126729619500659,0.1403698950110609
803,0.34407971864009373,0.23027322406483258,0.9029567651747491,0.10880388082037289
804,0.5914419695193435,0.15400529182331876,0.8948070709584903,0.11111578149787017
805,,,,
806,0.4155920281359906,0.29953034635468767,0.8815971338192601,0.0676335765461151
807,0.3892145369284876,0.16351897535152635,0.868157563766563,0.1402201563598421
808,0.6740914419695192,0.0816439809298254,0.8888189544706815,0.18345877978138217
809,0.7332942555685814,0.4759440200933196,1.0,0.01895558173406671
810,0.682297772567409,0.07653730748764119,0.8931843901287749,0.1927897134084588
811,0.704572098475967,0.1079038365441979,0.8892096662293527,0.136916445631162
812,0.6143024618991794,0.1326357768787216,0.8705507281651288,0.12316395860199886
813,0.6869871043376318,0.20828110284108572,0.8949873736869198,0.06874377248841518
814,,,,
815,0.34525205158264943,0.5796815350424718,0.8671254169388299,0.02907288866921649
816,0.37807737397420865,0.3498031463006959,0.8926364439426949,0.06030105743975619
817,,,,
818,,,,
819,0.6166471277842906,0.2001329534439474,0.9003208864162261,0.08029616717336846
820,,,,
821,,,,
822,0.5908558030480656,0.14518781209311188,0.906322655710598,0.11950804340140989
823,0.5715123094958968,0.10240036091993589,0.8827420669376806,0.16955822184464162
824,,,,
825,0.8634232121922626,0.17824458984960725,0.8933173742095217,0.0658899238738489
826,0.6541617819460727,0.22418069151947725,0.8604102546511738,0.06353984516034916
827,0.5767878077373974,0.17385643110389778,0.9184711124971378,0.10160384656995079
828,0.5146541617819461,0.02859454030297991,0.89798128338732,0.4763068588654628
829,0.541031652989449,0.19680352606864465,0.9090346994839733,0.09255501635249407
830,,,,
831,0.7168815943728019,0.14325353576519345,0.8744696816495261,0.0997178194696706
832,0.7321219226260258,0.17629213932855883,0.8825994559259059,0.0780444479837245
833,,,,
834,0.664126611957796,0.06715012152312438,0.8770551285820491,0.21687730467494368
835,0.7444314185228604,0.13772825751784337,0.898598379045077,0.10269332031702347
836,,,,
837,0.8317702227432591,0.1579104447181615,0.8820094522753928,0.07822126108919561
838,,,,
839,0.5990621336459554,0.0985361671837957,0.8696904881059694,0.16755495128046258
840,,,,
841,0.7303634232121922,0.21713575858019576,0.9184518776380701,0.06279107008587284
842,,,,
843,,,,
844,0.6881594372801875,0.1300011594930759,0.8823644881569143,0.11533513266093788
845,0.6576787807737398,0.07520501505520424,0.9029170275549487,0.2030677293637583
846,0.6465416178194606,0.10667314102682436,0.8824447462393467,0.1478840644507785
847,0.6922626025791324,0.21968062543007646,0.904103034674974,0.06439820965397872
848,0.618991793669402,0.060303579473394105,0.8668410784647744,0.24745506033879774
849,0.2860492379835873,0.09802771977235446,0.8546042461858538,0.2719714613720982
850,,,,
851,0.3669402110199297,0.0717272703950385,0.8978992141951244,0.3161941013715269
852,,,,
853,,,,
854,0.8446658851113715,0.7198066876433432,0.9432610350212547,0.0
855,,,,
856,0.3728018757327081,0.0918474218686246,0.8921947463767178,0.2536902484650834
857,0.42262602579132474,0.10929113859350176,0.9299977302700391,0.20624839055068436
858,0.29484173505275496,0.13659302121330824,0.8789071689960762,0.20137089936564312
859,,,,
860,0.34583821805392734,0.2514722476952716,0.8993074699479765,0.09776819189148422
861,,,,
862,0.3985932004689331,0.15098164432708264,0.8869373338267278,0.1520040809191328
863,0.5293083235638921,0.1387584356581113,0.91400471769951,0.1375852893244317
864,0.5298944900351699,0.1137560525072988,0.8638979912205138,0.16021331330496924
865,0.6207502930832355,0.06142032166383353,0.8832851807153552,0.2465932042211166
866,0.6934349355216881,0.19508452160345247,0.8922724184659762,0.07359316528445715
867,0.49941383352872215,0.18726224823982032,0.8705365655889759,0.10098825208461809
868,0.365767878077374,0.10214411340578482,0.8844481747962081,0.2324170839029631
869,0.5128956623681125,0.07610154922829505,0.8696648260584299,0.23608661835381592
870,0.4630715123094959,0.09343604889209242,0.8784346626651265,0.21420591512177337
871,,,,
872,,,,
873,0.5058616647127784,0.13090895636545097,0.8700802275620149,0.14552531334274307
874,,,,
875,0.6213364595545134,0.23257435685892003,0.8941445807606452,0.065965697049516
876,,,,
877,0.5791324736225087,0.1119544153645775,0.8519154506214142,0.15033909573756585
878,0.5345838218053927,0.10580294443789513,0.8538678279685921,0.1689840023220177
879,,,,
880,0.4296600234466589,0.08991365187998797,0.8560180256813242,0.22901850736086904
881,0.43610785463071505,0.07009742485063389,0.878349562121087,0.2842693227532835
882,0.5685814771395076,0.08542263175391478,0.8751829324475202,0.19917743978359806
883,,,,
884,,,,
885,0.6905041031652989,0.12130337991705953,0.8884992038457277,0.12404466911093712
886,,,,
887,,,,
888,,,,
889,0.5638921453692848,0.11182178732798013,0.8815432305628652,0.15756973257511714
890,0.5310668229777256,0.11335092737967267,0.858182661594928,0.15971982894944403
891,0.5844079718640094,0.11297561195220687,0.8822257793383641,0.15181002942359506
892,,,,
893,0.5240328253223915,0.0794999155957444,0.8763858781749998,0.2252820263772407
894,0.5433763188745604,0.15414734503371152,0.9132848436285624,0.12088694103887704
895,0.4747948417350527,0.09790591188863004,0.8837357489188621,0.20275572185539179
896,0.2819460726846424,0.16447543458697128,0.8927979171719173,0.17428063458980428
897,,,,
898,0.3053927315357561,0.23404296968304122,0.8716349546374951,0.11246259657633073
899,0.3686987104337632,0.30229546621653774,0.9069236232391323,0.07534514749417585
900,0.4794841735052755,0.07367208935601259,0.8943074255932958,0.25925812998322645
901,0.20867526377491205,0.3021606052212477,0.06522161715039744,0.029065200291685075
902,0.0955451348182884,0.05788006001884711,0.0692194747257159,0.2594606146639546
903,0.0697538100820633,0.29359512247037467,0.0905184081591496,0.05635879838916313
904,0.1301289566236811,0.054502951870553776,0.02286577520065805,0.225387833229679
905,,,,
906,0.0644783118405627,0.14491681826493166,0.045841860395491325,0.1196861648436428
907,0.08499413833528723,0.0651276927982882,0.06990749274806685,0.24436838719218648
908,0.056858147713950744,0.07655259743529425,0.044479077286700086,0.22266774676726128
909,0.07502930832356389,0.04141653052290022,0.059199866140730216,0.3439583808936959
910,0.0685814771395076,0.08184491601484564,0.07309698312817631,0.2140178473366964
911,0.060961313012895646,0.03855830690487384,0.040210955862429745,0.36317906125419364
912,,,,
913,,,,
914,0.06623681125439623,0.07351048131656125,0.05457683012274551,0.22790926559399552
915,0.07327080890973035,0.043980932145527264,0.031127733187795808,0.31477177861522954
916,,,,
917,,,,
918,,,,
919,0.08147713950762016,0.04531373503401441,0.058410773941359566,0.3168974934396211
920,0.05216881594372799,0.04336038387345701,0.024256356346236678,0.33489670616690187
921,0.028135990621336482,0.28027422777730654,0.10607105738865928,0.073962823310231
922,0.04572098475967172,0.09801129115031101,0.06154757952494128,0.192628471660042
923,0.11664712778429076,0.16566478220406472,0.05223265323812158,0.08812688374351807
924,,,,
925,0.10316529894490037,0.09622952080692876,0.026952339807784817,0.15173345555187046
926,0.36342321219226265,0.05623975760221384,0.026522305998845315,0.13233138794766483
927,0.1910902696365768,0.188973334394417,0.026053496424899437,0.05574703329551907
928,0.14067995310668227,0.10167817530265298,0.016696379376776725,0.1261464959803198
929,,,,
930,0.11078546307151232,0.11834186370766511,0.03277709990024171,0.1229486620862321
931,,,,
932,0.16881594372801875,0.014205710574032585,0.01775274637668638,0.4343261245551807
933,0.17116060961313012,0.06902236368852911,0.05066590219436632,0.1772865940555182
934,0.23153575615474795,0.025994067471933946,0.007365583017062287,0.2794166073527383
935,0.339390386869871,0.028248779218064075,0.0348065842020072,0.22840176661667344
936,0.3552168815943728,0.15063246095939778,0.03928570912426706,0.04976379665727675
937,0.20398593200468929,0.06260536453387279,0.03890223953470176,0.1733005898176076
938,0.22215709261430244,0.04180915344374521,0.03767420642496669,0.22525992060039218
939,,,,
940,0.08968347010550996,0.009343771900742483,0.017035526925351627,0.6090831799859056
941,0.18815943728018758,0.030849550682628846,0.02053143255398771,0.2861679142456176
942,0.08792497069167644,0.07652463787344188,0.04179393324543506,0.20088083106265078
943,0.11957796014067992,0.07162832139667373,0.039660277378944384,0.19283440196571786
944,0.1559202813599062,0.11087104895766237,0.0811468585987949,0.12727842982301926
945,,,,
946,,,,
947,0.1049237983587339,0.14456636471779294,0.035684797370192284,0.10244071237901461
948,0.16295427901524032,0.05297374689623349,0.042326570659868654,0.21993463915586303
949,0.10199296600234468,0.02705954168414558,0.05466126642731773,0.40913892143808256
950,,,,
951,0.057444314185228586,0.08291419027751404,0.023481889578260997,0.19898336935306596
952,0.12133645955451344,0.05149686507152245,0.05990024516870689,0.25899717570352515
953,0.22684642438452518,0.14282140420000974,0.04255185942983372,0.07393345812719582
954,0.14009378663540442,0.0471362680718586,0.023436653565567747,0.24476711746749388
955,0.14536928487690504,0.04787423555917816,0.06767391869143895,0.26014447248281336
956,0.10023446658851115,0.03281675704791115,0.024751684412753015,0.3474558189437417
957,0.0914419695193435,0.036503217759407,0.06232278305172049,0.3579898735129778
958,0.12192262602579129,0.06367629133964334,0.01990828814368621,0.20274034022538087
959,0.1776084407971864,0.08370208637273727,0.025054061710021683,0.1396423219766323
960,0.15123094958968344,0.06831361901385154,0.04618948698867008,0.1865461551786265
961,0.12426729191090266,0.015095588021150103,0.056030339674951635,0.5085282651368044
962,0.08968347010550996,0.11126184154029453,0.031165510471597112,0.13907974249810998
963,0.1037514654161782,0.0682067610008042,0.05295251409504222,0.21569469482732226
964,,,,
965,0.08909730363423213,0.09269386786235949,0.059242461583007916,0.17513452952848804
966,0.15240328253223914,0.049088842879106614,0.023905910829232997,0.23043120361177166
967,0.09320046893317703,0.0013637000506657242,0.03618368087269142,0.8201361386830164
968,0.10844079718640096,0.12614366526502147,0.01982501641869321,0.11277941575991868
969,0.08089097303634232,0.09485095539924025,0.05657841658102847,0.1750356008032189
970,0.0996483001172333,0.06847031537279225,0.057251260021061796,0.2194087953375741
971,,,,
972,0.14595545134818286,0.11788383852357488,0.0516069169919672,0.11583212660972984
973,0.11781946072684644,0.09774690918110106,0.08176018335895799,0.159981846094435
974,0.13481828839390383,0.12337008033614523,0.05138912560503355,0.1141652071111637
975,0.14595545134818286,0.03361232768993143,0.005258143452154147,0.2915520592350631
976,0.20164126611957792,0.04970166051737988,0.01816243504524482,0.200135068757173
977,0.11137162954279017,0.05912190772014535,0.0741306229472603,0.24623511458723402
978,0.07620164126611957,0.07493972610724021,0.06348270103107034,0.2211082996202454
979,0.0738569753810082,0.20575598621072344,0.0962905089695161,0.08763846975897936
980,0.05803048065650643,0.17627401387209407,0.01733606016828817,0.09297421952263518
981,,,,
982,0.16178194607268465,0.038381805996636896,0.04219887762710637,0.2770990970828317
983,0.09730363423212193,0.19169450679478398,0.06376834960925809,0.081599426020353
984,0.09378663540445488,0.0772118761826589,0.05344566782100105,0.20043282124779652
985,0.2502930832356389,0.05118934099395905,0.012886948116323712,0.1735541566440201
986,0.0914419695193435,0.12486043209573006,0.038203583038947206,0.12527615362181493
987,0.10257913247362252,0.1683133715880144,0.04207063980725428,0.08860170942925889
988,0.1934349355216881,0.1359984357591562,0.03943244748698257,0.0848870915182749
989,0.12368112543962483,0.0997200553551985,0.04167502120119353,0.14244456796438093
990,0.09085580304806566,0.1041539916183489,0.012099271981954405,0.14165330904143472
991,,,,
992,0.11019929660023449,0.10169028786629208,0.050434606590576685,0.14816276831187206
993,0.10609613130128959,0.1489970210342765,0.07190084092859662,0.10688455091313957
994,0.11957796014067992,0.09699849469681258,0.011666219716657253,0.13871239494945026
995,0.13188745603751462,0.06835837815660623,0.03374873598956982,0.1914759623266883
996,0.12309495896834698,0.17044857393899013,0.05509755082298234,0.0841020815842814
997,0.11840562719812422,0.10689425124300564,0.03561061313054131,0.13363262356086517
998,0.16178194607268465,0.20403298507424317,0.09049070086365908,0.06497790750659048
999,,,,
1000,0.10199296600234468,0.10307006486504701,0.07186244671796452,0.1565276568710614
1001,0.09320046893317703,0.0529136465111161,0.05514692056063653,0.27224741898568794
1002,0.07092614302461898,0.10591486155439704,0.051978051310941145,0.16171130219700844
1003,0.04337631887456041,0.14552937129094812,0.07610634985762706,0.13675754743517887
1004,0.09730363423212193,0.07312592822698515,0.05034593714749082,0.20642032792892645
1005,0.06623681125439623,0.04795866881803726,0.05686666572817604,0.3179629886170931
1006,0.07561547479484172,0.08795264857036048,0.023086470038294168,0.17794034560052566
1007,0.12016412661195776,0.04035041809080909,0.0842332469230494,0.32234929839426024
1008,0.09847596717467762,0.06683639258601928,0.030022865929454964,0.2127885358306205
1009,0.09378663540445488,0.0538804143503821,0.06381573662914179,0.27254921887726735
1010,,,,
1011,0.05099648300117231,0.32254214439296985,0.12235521432008056,0.05785781287437416
1012,0.05099648300117231,0.013694273813546872,0.06359400476158086,0.6574474709481976
1013,0.07151230949589682,0.015550493626964203,0.030680405608440743,0.5543996698130969
1014,0.0697538100820633,0.017687196382282534,0.060276005924190405,0.5578566846499666
1015,0.15943728018757328,0.08503458073775966,0.05115582550769843,0.1524656197793634
1016,0.19812426729191085,0.0674124537898304,0.042137337983341065,0.1663436152285035
1017,0.1037514654161782,0.027999911132440592,0.03247145351248101,0.3832080346545764
1018,0.09320046893317703,0.06607115661384527,0.0459399980804703,0.22518062868897581
1019,0.08030480656506447,0.0385207736374487,0.024319405677163328,0.33236358782245345
1020,0.11254396248534586,0.08544886125331656,0.06306468734857287,0.1769681131118555
1021,0.13305978898007031,0.0986672233516632,0.02455560838655052,0.13501868864184327
1022,0.17409144196951934,0.04279726083271778,0.054119548804457,0.255616983639991
1023,0.12192262602579129,0.06497342959632756,0.039881626794966894,0.20773403963946083
1024,0.14067995310668227,0.06211574233196328,0.03039776372890547,0.20083911663993906
1025,0.14126611957796012,0.0674635312456647,0.05417371422461128,0.19660524685571795
1026,0.15885111371629543,0.09920126112156206,0.058264945320559224,0.1342710647115985
1027,0.09730363423212193,0.04463007843402675,0.04411920042751781,0.2977434492011613
1028,0.15709261430246188,0.04097579618164559,0.05541703024898133,0.27519326672679567
1029,0.08499413833528723,0.0734466140530014,0.029025482648702552,0.20449905510148733
1030,0.09378663540445488,0.010755893871524808,0.021634049802339232,0.5827350778532108
1031,0.12426729191090266,0.14782229858151807,0.047518740664909936,0.09657529673700223
1032,0.10257913247362252,0.11461468113089184,0.04363317336962887,0.13323419433114317
1033,0.23739742086752635,0.09413433502421205,0.03473260101593373,0.11012463153327909
1034,,,,
1035,,,,
1036,0.05451348182883937,0.06510879241749065,0.08574498191728196,0.27662944823312596
1037,0.060961313012895646,0.03176565157468702,0.053701806094299975,0.4199388879592581
1038,,,,
1039,0.06682297772567408,0.18558732139200626,0.04582247983105975,0.09069206830856566
1040,0.07444314185228604,0.09706630246861647,0.06669480312696863,0.17844585695529927
1041,0.13247362250879247,0.21764036756314917,0.059115671632587984,0.06120387229727574
1042,0.04513481828839387,0.07429545137609428,0.03873670457431871,0.2347066946341556
1043,0.07737397420867526,0.08287373279010793,0.024233538338653538,0.18694494727197683
1044,0.01582649472450177,0.06678541246420834,0.04586304162047022,0.2874685155289037
1045,0.042790152403282565,0.12221508533497605,0.05064310162536068,0.15487444157959349
1046,0.07502930832356389,0.08766439236803111,0.03885887035422674,0.18470754646218226
1047,,,,
1048,0.05216881594372799,0.05081098270588277,0.06759560120542595,0.3252748835819188
1049,0.09495896834701056,0.05633292394304957,0.03867899116871286,0.25032193517405676
1050,,,,
1051,0.07092614302461898,0.02987031917665088,0.05377659146032528,0.42238602728608093
1052,0.11606096131301293,0.06930986268407287,0.04590694686339483,0.20268940389840137
1053,,,,
1054,0.05099648300117231,0.09335841075257019,0.055999888284316617,0.19552104217090258
1055,0.03282532239155923,0.029125201221826436,0.022861017529151522,0.4558767337550505
1056,,,,
1057,0.09202813599062135,0.035418121622505586,0.02054438432338133,0.33644091818307637
1058,0.0697538100820633,0.136897199625208,0.08192436168552873,0.13419309054242481
1059,0.05451348182883937,0.15476184076701932,0.10769603032486012,0.13117745504902648
1060,,,,
1061,0.1289566236811254,0.11014744959560392,0.011366967501127034,0.11920754634809877
1062,0.02754982415005864,0.03391306873527558,0.07409106480071645,0.4665706237957675
1063,0.15416178194607266,0.048474112161554436,0.0705473834816133,0.25347050181098607
1064,0.10257913247362252,0.011771427310062962,0.022230310914921354,0.5532519149633043
1065,0.09261430246189918,0.005728335398548747,0.02455907809628174,0.6872796212441954
1066,0.23270808909730362,0.07922924035829068,0.015103514026540516,0.12549563853881981
1067,0.0738569753810082,0.030827734879645994,0.05166252591443078,0.4095305876311711
1068,0.09085580304806566,0.0735526695714047,0.09864472648588381,0.22921052032696076
1069,0.1910902696365768,0.10320950340431344,0.0751666426989441,0.1229105650454215
1070,0.04396248534583825,0.01788184462266927,0.0370081782533393,0.5759099589491353
1071,0.04396248534583825,0.10166711151823647,0.058016534012903104,0.1861689525613196
1072,0.12778429073856973,0.03841175506016821,0.0,0.2775163694169839
1073,0.12426729191090266,0.0,0.08841749882974911,0.8746778905190011
1074,,,,
1075,0.05861664712778427,0.048469718312714356,0.055297639972581435,0.3222254377296165
1076,0.04865181711606093,0.08106286493035898,0.07293822761132002,0.23020097955690053
1077,0.0076201641266119636,0.048160637839468785,0.05801862829587185,0.38669291908054193
1078,0.018171160609613143,0.10015017558963583,0.049065783354970645,0.2034789323887581
1079,0.0017584994138335301,0.12418233449599728,0.06827571156496821,0.18439422426544344
1080,0.06330597889800701,0.187401374018191,0.09732268651315096,0.10146585017668822
1081,0.018171160609613143,0.10054206250233841,0.07531347996247183,0.2132512949615513
1082,0.04220398593200472,0.019312955574308902,0.05021054841378263,0.5735194799058407
1083,0.06330597889800701,0.012956093479378874,0.014373997288683545,0.5897257244327807
1084,0.07268464243845252,0.0533408017426412,0.062281518077382046,0.2915444927067632
1085,,,,
1086,,,,
1087,0.01055099648300118,0.060643314850395376,0.048026660630043266,0.31720552125703955
1088,0.08558030480656506,0.02482849067536501,0.0419620366721364,0.4382584236759958
1089,0.05216881594372799,0.1422369005447404,0.07242915458894883,0.13462910391983224
1090,0.07151230949589682,0.028994875782171112,0.05692961277528999,0.4313488826555982
1091,0.1477139507620164,0.04364806312945819,0.014167666534876876,0.24872850791024076
1092,0.09671746776084408,0.0343982945785181,0.02463996977355762,0.34083758509164075
1093,0.08323563892145369,0.1607824451236556,0.10379733142375694,0.11329495104898066
1094,0.09671746776084408,0.05735493292116103,0.018868708181022143,0.2360708107556134
1095,0.05509964830011721,0.030370025352791045,0.050592573435229445,0.4365112574601942
1096,0.23036342321219225,0.0734842100824604,0.09061377444232725,0.15767336119257672
1097,0.09437280187573271,0.12821174575128866,0.08156619789652307,0.1321651710955
1098,0.05568581477139505,0.07041992972474664,0.03919946203299521,0.23707321364735198
1099,0.07268464243845252,0.2259036017458802,0.083596140070984,0.07666892656667805
1100,0.053927315357561525,0.08988527643026488,0.08310460686861117,0.21081945954601733
1101,0.14536928487690504,0.08245962195894384,0.04504770408290771,0.1607291172602243
1102,0.04396248534583825,0.06811646560589993,0.020264090338498464,0.24381023717530825
1103,,,,
1104,0.03868698710433766,0.03751005036293142,0.03914775813103621,0.39616081663437464
1105,,,,
1106,0.0996483001172333,0.07742695533179986,0.04230424538463863,0.19220643619211591
1107,,,,
1108,0.0445486518171161,0.05005840446020467,0.04486635617473393,0.3230583890206704
1109,0.05334114888628368,0.06777014074002304,0.07739373943069579,0.26494281504342276
1110,0.05275498241500584,0.04928659605045282,0.038558432144754365,0.3142713842869361
1111,0.09026963657678781,0.043077041302998255,0.03984352182241061,0.3087840188785604
1112,0.08264947245017584,0.0741594189467795,0.05759033024748936,0.21621459240963642
1113,0.10961313012895664,0.0847766157442792,0.014533534404779997,0.1627019695822438
1114,0.03751465416178198,0.02218192893253956,0.02354732864713366,0.5189821512289235
1115,0.0738569753810082,0.060553650235282634,0.06302933525580567,0.26425226661074785
1116,,,,
1117,0.04513481828839387,0.10615451568825175,0.05258696592576397,0.1762718016631937
1118,0.0697538100820633,0.06340978546755224,0.05425963937412882,0.2539037856512759
1119,0.0351699882766706,0.013590248840854496,0.015039712556959343,0.6338047967856144
1120,0.03692848769050413,0.10712651557963404,0.05480423071368317,0.18071164042271615
1121,0.1611957796014068,0.0343928300620272,0.045253416765549885,0.29954663478037563
1122,0.09906213364595547,0.09871719368170909,0.03796133097870054,0.15354900828728776
1123,0.14536928487690504,0.08584515380517042,0.05116135116464207,0.15697432237260886
1124,0.13305978898007031,0.07267941014644848,0.06842755124774193,0.19418365722029754
1125,0.16998827667057445,0.10631847069153036,0.06099016071530631,0.12254409218201028
1126,0.04923798358733878,0.044640352845922104,0.06279591038595733,0.35652324203910335
1127,0.1611957796014068,0.031944871694797164,0.035977560704596664,0.3079465945042671
1128,0.16412661195779601,0.06797861043514565,0.11112659739918229,0.20479155182568867
1129,0.09026963657678781,0.010717690882794298,0.018082104099880456,0.5850974603542162
1130,0.08558030480656506,0.15811578380538452,0.03901510875414225,0.09989861942348391
1131,0.13188745603751462,0.060016415538491616,0.05915408628395618,0.22366957380075875
1132,0.15767878077373973,0.02503610550078935,0.034820872274044005,0.35604261652013847
1133,0.0955451348182884,0.10395843753254445,0.06025929745432621,0.15475611588244578
1134,0.14947245017584992,0.07467917704395463,0.04249472714897946,0.17249524544330846
1135,0.06916764361078545,0.09656051856427066,0.022507185778625278,0.16675688980926232
1136,0.11840562719812422,0.03409792864124829,0.04864273084210458,0.3380960414613909
1137,0.0738569753810082,0.061939783461863164,0.05560304285021059,0.2560187536213015
1138,0.15416178194607266,0.05163042000322763,0.05211315334607449,0.23367377390317098
1139,0.08440797186400938,0.1561714172941831,0.039770370591919936,0.10183111732852979
1140,0.10961313012895664,0.02507827826662362,0.018954743981940754,0.3901473585268151
1141,,,,
1142,0.06213364595545133,0.2440141663394335,0.0680008579153698,0.07011131732551662
1143,0.09320046893317703,0.10123620551187971,0.04888750641483478,0.15618224345064144
1144,0.12426729191090266,0.12303442334553807,0.043872263321964075,0.11623410258584158
1145,0.14536928487690504,0.07152491998994255,0.05102917270240467,0.18405910381813545
1146,,,,
1147,0.17995310668229778,0.07097694145089424,0.055042221751904416,0.17086174753698932
1148,0.16471277842907386,0.02982013575659319,0.0411683455698172,0.321301036943489
1149,0.14595545134818286,0.09461654703433059,0.038977892747219904,0.1397284621618869
1150,0.1518171160609613,0.08011923605701957,0.09084775120292553,0.1772179965771593
1151,0.00879249706916765,0.07041558103594564,0.040281435899114926,0.279776114597765
1152,,,,
1153,,,,
1154,0.10844079718640096,0.07319302321749063,0.051683115024360175,0.20019411594274672
1155,0.053927315357561525,0.038173872774646865,0.03736415442604934,0.3716623284615235
1156,0.03341148886283707,0.04733609581387197,0.07642036769203864,0.36963713021446004
1157,0.028135990621336482,0.0012660840188434123,0.03624293304242597,1.0
1158,0.030480656506447854,0.025240468454081386,0.039992742584248765,0.5131501753051542
1159,0.07561547479484172,0.026078595043284372,0.02445923063587547,0.42510677682422976
1160,0.021688159437280204,0.17250124805038294,0.07868399283428426,0.12511869157455144
1161,,,,
1162,0.07737397420867526,0.05122693829188022,0.06249432510346206,0.29621057998821665
1163,0.18522860492379836,0.08336304969869959,0.07997274431569557,0.15383986415732753
1164,0.10609613130128959,0.0456787826420103,0.01799832388398695,0.27143010346723206
1165,0.04044548651817119,0.10467363860551247,0.05876615584182912,0.1837666864892079
1166,0.06799531066822977,0.07476034606284535,0.052606611356248556,0.22262938603726268
1167,0.042790152403282565,0.039083660987989856,0.046433146468952184,0.38593323237477345
1168,0.05803048065650643,0.025334948414297963,0.05070785884553266,0.4782589235641659
1169,0.06682297772567408,0.032828613018029924,0.017807435751980016,0.3777335118285408
1170,0.14419695193434934,0.10091411174957339,0.08395812627336377,0.14473846482056743
1171,0.039273153575615505,0.10843788072846022,0.09213351486098881,0.19031761653647297
1172,0.06682297772567408,0.04734086408598558,0.07628070943753781,0.33188839826285765
1173,,,,
1174,0.030480656506447854,0.04018878275865969,0.03274697897033918,0.3847143328588593
1175,,,,
1176,0.03985932004689335,0.024984341398795157,0.018773535021731978,0.4804396146493169
1177,0.09026963657678781,0.042573075010731834,0.025562894765046175,0.30272857958367855
1178,0.08616647127784291,0.026725324142574735,0.02380374845704718,0.40629572717335377
1179,0.04337631887456041,0.11764179166120627,0.050109457568874465,0.1601702550203412
1180,0.04396248534583825,0.11491279978636564,0.0914503767612806,0.17712873743891308
1181,0.00527549824150059,0.0931349813418209,0.07955710006472957,0.2414521235961332
1182,0.03282532239155923,0.05480686029104028,0.07718602026695376,0.33383266615815677
1183,0.028135990621336482,0.05297917927695363,0.021948444371020493,0.31342232300799644
1184,,,,
1185,0.014067995310668241,0.07543291183581734,0.030693064579959933,0.25453608085191026
1186,0.09671746776084408,0.06192592324557619,0.041788940692218,0.23280690279093047
1187,0.06389214536928486,0.07864081329954847,0.05845659938574654,0.21861180246670472
1188,0.14009378663540442,0.1985188528377557,0.09904747221218392,0.07339295627052807
1189,0.01699882766705746,0.027209434946727538,0.03393177203935657,0.510312594793317
1190,,,,
1191,0.05451348182883937,0.009211964577250754,0.05018897530584334,0.7207126688317396
1192,0.046893317702227405,0.07404978158888044,0.05962865463695943,0.2436219099735492
1193,0.08382180539273154,0.023140695941780334,0.0369436915336167,0.45245114036461587
1194,0.060961313012895646,0.11282003669911235,0.056317255591393986,0.15884011809066317
1195,0.1916764361078546,0.0017478932096265457,0.04809704601037302,0.6497058304232949
1196,0.05978898007033996,0.09974836071090395,0.06737279013843808,0.1828206725890631
1197,0.13599062133645953,0.0860414433864477,0.05182901695862418,0.16095143060253217
1198,0.18171160609613132,0.04914122865222341,0.03844739724228732,0.22049501298998575
1199,0.08264947245017584,0.028468858283788378,0.07761956300175372,0.43775667227707366
1200,,,,
