global_block100,global_N,We_mean,Ae_mean,MT_mean,TPe_mean
1,50.5,51.20008693956215,1025.1280399669058,0.65661,39.439590886980255
2,150.5,41.073655184879925,1015.5748696253249,0.6862900000000001,51.015057336019844
3,250.5,40.712419529781464,1016.6769360085237,0.69527,47.72643472094711
4,350.5,27.080007501447508,1021.2529856799956,1.54614,29.440626039737957
5,450.5,25.32749305961494,1015.3433410658007,1.21912,39.532766604592325
6,550.5,21.085483466721033,1017.7327783973174,1.4245400000000001,40.75122219687782
7,650.5,32.65785446000208,1511.2533714164356,1.48127,37.75581448823534
8,750.5,41.0560663388397,1519.2071040898252,1.2816800000000002,35.084555355225106
9,850.5,35.59205097979415,1518.7322199618097,1.42082,38.277130091815856
10,950.5,22.454909820110775,612.0548526521766,0.6944499999999999,49.91136714463672
11,1050.5,19.23179630669419,620.2193977628008,0.63395,65.4679276666065
12,1150.5,17.84349144324562,617.4386544331618,0.62587,67.5281092540827
